Order ID,Order Date,Customer Name,Region,Category,Sales,Quantity,Discount,Profit
CA-2016-152156,11/8/2016,Claire Gute,South,Furniture,261.96,2,0,41.9136
CA-2016-152156,11/8/2016,Claire Gute,South,Furniture,731.94,3,0,219.582
CA-2016-138688,6/12/2016,Darrin Van Huff,West,Office Supplies,14.62,2,0,6.8714
US-2015-108966,10/11/2015,Sean O'Donnell,South,Furniture,957.5775,5,0.45,-383.031
US-2015-108966,10/11/2015,Sean O'Donnell,South,Office Supplies,22.368,2,0.2,2.5164
CA-2014-115812,6/9/2014,Brosina Hoffman,West,Furniture,48.86,7,0,14.1694
CA-2014-115812,6/9/2014,Brosina Hoffman,West,Office Supplies,7.28,4,0,1.9656
CA-2014-115812,6/9/2014,Brosina Hoffman,West,Technology,907.152,6,0.2,90.7152
CA-2014-115812,6/9/2014,Brosina Hoffman,West,Office Supplies,18.504,3,0.2,5.7825
CA-2014-115812,6/9/2014,Brosina Hoffman,West,Office Supplies,114.9,5,0,34.47
CA-2014-115812,6/9/2014,Brosina Hoffman,West,Furniture,1706.184,9,0.2,85.3092
CA-2014-115812,6/9/2014,Brosina Hoffman,West,Technology,911.424,4,0.2,68.3568
CA-2017-114412,4/15/2017,Andrew Allen,South,Office Supplies,15.552,3,0.2,5.4432
CA-2016-161389,12/5/2016,Irene Maddox,West,Office Supplies,407.976,3,0.2,132.5922
US-2015-118983,11/22/2015,Harold Pawlan,Central,Office Supplies,68.81,5,0.8,-123.858
US-2015-118983,11/22/2015,Harold Pawlan,Central,Office Supplies,2.544,3,0.8,-3.816
CA-2014-105893,11/11/2014,Pete Kriz,Central,Office Supplies,665.88,6,0,13.3176
CA-2014-167164,5/13/2014,Alejandro Grove,West,Office Supplies,55.5,2,0,9.99
CA-2014-143336,8/27/2014,Zuschuss Donatelli,West,Office Supplies,8.56,2,0,2.4824
CA-2014-143336,8/27/2014,Zuschuss Donatelli,West,Technology,213.48,3,0.2,16.011
CA-2014-143336,8/27/2014,Zuschuss Donatelli,West,Office Supplies,22.72,4,0.2,7.384
CA-2016-137330,12/9/2016,Ken Black,Central,Office Supplies,19.46,7,0,5.0596
CA-2016-137330,12/9/2016,Ken Black,Central,Office Supplies,60.34,7,0,15.6884
US-2017-156909,7/16/2017,Sandra Flanagan,East,Furniture,71.372,2,0.3,-1.0196
CA-2015-106320,9/25/2015,Emily Burns,West,Furniture,1044.63,3,0,240.2649
CA-2016-121755,1/16/2016,Eric Hoffmann,West,Office Supplies,11.648,2,0.2,4.2224
CA-2016-121755,1/16/2016,Eric Hoffmann,West,Technology,90.57,3,0,11.7741
US-2015-150630,9/17/2015,Tracy Blumstein,East,Furniture,3083.43,7,0.5,-1665.0522
US-2015-150630,9/17/2015,Tracy Blumstein,East,Office Supplies,9.618,2,0.7,-7.0532
US-2015-150630,9/17/2015,Tracy Blumstein,East,Furniture,124.2,3,0.2,15.525
US-2015-150630,9/17/2015,Tracy Blumstein,East,Office Supplies,3.264,2,0.2,1.1016
US-2015-150630,9/17/2015,Tracy Blumstein,East,Office Supplies,86.304,6,0.2,9.7092
US-2015-150630,9/17/2015,Tracy Blumstein,East,Office Supplies,6.858,6,0.7,-5.715
US-2015-150630,9/17/2015,Tracy Blumstein,East,Office Supplies,15.76,2,0.2,3.546
CA-2017-107727,10/19/2017,Matt Abelman,Central,Office Supplies,29.472,3,0.2,9.9468
CA-2016-117590,12/8/2016,Gene Hale,Central,Technology,1097.544,7,0.2,123.4737
CA-2016-117590,12/8/2016,Gene Hale,Central,Furniture,190.92,5,0.6,-147.963
CA-2015-117415,12/27/2015,Steve Nguyen,Central,Office Supplies,113.328,9,0.2,35.415
CA-2015-117415,12/27/2015,Steve Nguyen,Central,Furniture,532.3992,3,0.32,-46.9764
CA-2015-117415,12/27/2015,Steve Nguyen,Central,Furniture,212.058,3,0.3,-15.147
CA-2015-117415,12/27/2015,Steve Nguyen,Central,Technology,371.168,4,0.2,41.7564
CA-2017-120999,9/10/2017,Linda Cazamias,Central,Technology,147.168,4,0.2,16.5564
CA-2016-101343,7/17/2016,Ruben Ausman,West,Office Supplies,77.88,2,0,3.894
CA-2017-139619,9/19/2017,Erin Smith,South,Office Supplies,95.616,2,0.2,9.5616
CA-2016-118255,3/11/2016,Odella Nelson,Central,Technology,45.98,2,0,19.7714
CA-2016-118255,3/11/2016,Odella Nelson,Central,Office Supplies,17.46,2,0,8.2062
CA-2014-146703,10/20/2014,Patrick O'Donnell,Central,Office Supplies,211.96,4,0,8.4784
CA-2016-169194,6/20/2016,Lena Hernandez,East,Technology,45,3,0,4.95
CA-2016-169194,6/20/2016,Lena Hernandez,East,Technology,21.8,2,0,6.104
CA-2015-115742,4/18/2015,Darren Powers,Central,Office Supplies,38.22,6,0,17.9634
CA-2015-115742,4/18/2015,Darren Powers,Central,Office Supplies,75.18,6,0,35.3346
CA-2015-115742,4/18/2015,Darren Powers,Central,Furniture,6.16,2,0,2.9568
CA-2015-115742,4/18/2015,Darren Powers,Central,Furniture,89.99,1,0,17.0981
CA-2016-105816,12/11/2016,Janet Molinari,East,Office Supplies,15.26,7,0,6.2566
CA-2016-105816,12/11/2016,Janet Molinari,East,Technology,1029.95,5,0,298.6855
CA-2016-111682,6/17/2016,Ted Butterfield,East,Office Supplies,208.56,6,0,52.14
CA-2016-111682,6/17/2016,Ted Butterfield,East,Office Supplies,32.4,5,0,15.552
CA-2016-111682,6/17/2016,Ted Butterfield,East,Furniture,319.41,5,0.1,7.098
CA-2016-111682,6/17/2016,Ted Butterfield,East,Office Supplies,14.56,2,0,6.9888
CA-2016-111682,6/17/2016,Ted Butterfield,East,Technology,30,2,0,3.3
CA-2016-111682,6/17/2016,Ted Butterfield,East,Office Supplies,48.48,4,0.2,16.362
CA-2016-111682,6/17/2016,Ted Butterfield,East,Office Supplies,1.68,1,0,0.84
CA-2015-135545,11/24/2015,Kunst Miller,West,Technology,13.98,2,0,6.1512
CA-2015-135545,11/24/2015,Kunst Miller,West,Office Supplies,25.824,6,0.2,9.3612
CA-2015-135545,11/24/2015,Kunst Miller,West,Office Supplies,146.73,3,0,68.9631
CA-2015-135545,11/24/2015,Kunst Miller,West,Furniture,79.76,4,0,22.3328
US-2015-164175,4/30/2015,Paul Stevenson,Central,Furniture,213.115,5,0.3,-15.2225
CA-2014-106376,12/5/2014,Brendan Sweed,West,Office Supplies,1113.024,8,0.2,111.3024
CA-2014-106376,12/5/2014,Brendan Sweed,West,Technology,167.968,4,0.2,62.988
CA-2016-119823,6/4/2016,Karen Daniels,South,Office Supplies,75.88,2,0,35.6636
CA-2016-106075,9/18/2016,Henry MacAllister,East,Office Supplies,4.616,1,0.2,1.731
CA-2017-114440,9/14/2017,Tracy Blumstein,Central,Office Supplies,19.05,3,0,8.763
US-2015-134026,4/26/2015,Joel Eaton,South,Furniture,831.936,8,0.2,-114.3912
US-2015-134026,4/26/2015,Joel Eaton,South,Furniture,97.04,2,0.2,1.213
US-2015-134026,4/26/2015,Joel Eaton,South,Office Supplies,72.784,1,0.2,-18.196
US-2017-118038,12/9/2017,Ken Brennan,Central,Office Supplies,1.248,3,0.8,-1.9344
US-2017-118038,12/9/2017,Ken Brennan,Central,Furniture,9.708,3,0.6,-5.8248
US-2017-118038,12/9/2017,Ken Brennan,Central,Office Supplies,27.24,3,0.2,2.724
US-2014-147606,11/26/2014,Joel Eaton,Central,Furniture,19.3,5,0.6,-14.475
CA-2016-127208,6/12/2016,Stewart Carmichael,South,Office Supplies,208.16,1,0,56.2032
CA-2016-127208,6/12/2016,Stewart Carmichael,South,Office Supplies,16.74,3,0,8.0352
CA-2014-139451,10/12/2014,Duane Noonan,West,Office Supplies,14.9,5,0,4.172
CA-2014-139451,10/12/2014,Duane Noonan,West,Office Supplies,21.39,1,0,6.2031
CA-2015-149734,9/3/2015,Julie Creighton,South,Office Supplies,200.984,7,0.2,62.8075
US-2017-119662,11/13/2017,Christopher Schild,Central,Office Supplies,230.376,3,0.2,-48.9549
CA-2017-140088,5/28/2017,Patrick O'Donnell,South,Furniture,301.96,2,0,33.2156
CA-2017-155558,10/26/2017,Paul Gonzalez,Central,Technology,19.99,1,0,6.7966
CA-2017-155558,10/26/2017,Paul Gonzalez,Central,Office Supplies,6.16,2,0,2.9568
CA-2016-159695,4/5/2016,Gary Mitchum,Central,Office Supplies,158.368,7,0.2,13.8572
CA-2016-109806,9/17/2016,Jim Sink,West,Office Supplies,20.1,3,0,6.633
CA-2016-109806,9/17/2016,Jim Sink,West,Technology,73.584,2,0.2,8.2782
CA-2016-109806,9/17/2016,Jim Sink,West,Office Supplies,6.48,1,0,3.1104
CA-2015-149587,1/31/2015,Karl Braun,Central,Office Supplies,12.96,2,0,6.2208
CA-2015-149587,1/31/2015,Karl Braun,Central,Furniture,53.34,3,0,16.5354
CA-2015-149587,1/31/2015,Karl Braun,Central,Office Supplies,32.96,2,0,16.1504
US-2017-109484,11/6/2017,Roger Barcio,West,Office Supplies,5.682,1,0.7,-3.788
CA-2017-161018,11/9/2017,Parhena Norris,East,Furniture,96.53,7,0,40.5426
CA-2017-157833,6/17/2017,Katherine Ducich,West,Office Supplies,51.312,3,0.2,17.9592
CA-2016-149223,9/6/2016,Elpida Rittenbach,Central,Office Supplies,77.88,6,0,22.5852
CA-2016-158568,8/29/2016,Rick Bensley,Central,Office Supplies,64.624,7,0.2,22.6184
CA-2016-158568,8/29/2016,Rick Bensley,Central,Technology,95.976,3,0.2,-10.7973
CA-2016-158568,8/29/2016,Rick Bensley,Central,Office Supplies,1.788,3,0.8,-3.0396
CA-2016-129903,12/1/2016,Gary Zandusky,Central,Office Supplies,23.92,4,0,11.7208
US-2015-156867,11/13/2015,Lena Cacioppo,West,Technology,238.896,6,0.2,-26.8758
US-2015-156867,11/13/2015,Lena Cacioppo,West,Furniture,102.36,3,0.2,-3.8385
US-2015-156867,11/13/2015,Lena Cacioppo,West,Office Supplies,36.882,3,0.7,-25.8174
CA-2017-119004,11/23/2017,Janet Martin,South,Technology,74.112,8,0.2,17.6016
CA-2017-119004,11/23/2017,Janet Martin,South,Technology,27.992,1,0.2,2.0994
CA-2017-119004,11/23/2017,Janet Martin,South,Office Supplies,3.304,1,0.2,1.0738
CA-2015-129476,10/15/2015,Pete Armstrong,Central,Technology,339.96,5,0.2,67.992
CA-2017-146780,12/25/2017,Cynthia Voltz,East,Furniture,41.96,2,0,10.9096
CA-2016-128867,11/3/2016,Clay Ludtke,Central,Office Supplies,75.96,2,0,22.788
CA-2016-128867,11/3/2016,Clay Ludtke,Central,Office Supplies,27.24,6,0,13.3476
CA-2014-115259,8/25/2014,Ryan Crowe,East,Office Supplies,40.096,14,0.2,14.5348
CA-2014-115259,8/25/2014,Ryan Crowe,East,Office Supplies,4.72,2,0.2,1.652
CA-2014-115259,8/25/2014,Ryan Crowe,East,Office Supplies,23.976,3,0.2,7.4925
CA-2014-115259,8/25/2014,Ryan Crowe,East,Office Supplies,130.464,6,0.2,44.0316
CA-2015-110457,3/2/2015,Dave Kipp,West,Furniture,787.53,3,0,165.3813
US-2015-136476,4/5/2015,Greg Guthrie,South,Office Supplies,157.794,1,0.7,-115.7156
CA-2016-103730,6/12/2016,Steven Cartwright,East,Furniture,47.04,3,0,18.3456
CA-2016-103730,6/12/2016,Steven Cartwright,East,Office Supplies,30.84,4,0,13.878
CA-2016-103730,6/12/2016,Steven Cartwright,East,Office Supplies,226.56,6,0,63.4368
CA-2016-103730,6/12/2016,Steven Cartwright,East,Office Supplies,115.02,9,0,51.759
CA-2016-103730,6/12/2016,Steven Cartwright,East,Technology,68.04,7,0,19.7316
US-2014-152030,12/26/2014,Alan Dominguez,Central,Furniture,600.558,3,0.3,-8.5794
US-2014-134614,9/20/2014,Philip Fox,Central,Furniture,617.7,6,0.5,-407.682
US-2017-107272,11/5/2017,Troy Staebel,West,Office Supplies,2.388,2,0.7,-1.8308
US-2017-107272,11/5/2017,Troy Staebel,West,Office Supplies,243.992,7,0.2,30.499
US-2016-125969,11/6/2016,Lindsay Shagiari,West,Furniture,81.424,2,0.2,-9.1602
US-2016-125969,11/6/2016,Lindsay Shagiari,West,Furniture,238.56,3,0,26.2416
US-2017-164147,2/2/2017,Dorothy Wardle,East,Technology,59.97,5,0.4,-11.994
US-2017-164147,2/2/2017,Dorothy Wardle,East,Office Supplies,78.304,2,0.2,29.364
US-2017-164147,2/2/2017,Dorothy Wardle,East,Office Supplies,21.456,9,0.2,6.9732
CA-2016-145583,10/13/2016,Lena Creighton,West,Office Supplies,20.04,3,0,9.6192
CA-2016-145583,10/13/2016,Lena Creighton,West,Office Supplies,35.44,1,0,16.6568
CA-2016-145583,10/13/2016,Lena Creighton,West,Office Supplies,11.52,4,0,3.456
CA-2016-145583,10/13/2016,Lena Creighton,West,Office Supplies,4.02,2,0,1.9698
CA-2016-145583,10/13/2016,Lena Creighton,West,Office Supplies,76.176,3,0.2,26.6616
CA-2016-145583,10/13/2016,Lena Creighton,West,Office Supplies,65.88,6,0,18.4464
CA-2016-145583,10/13/2016,Lena Creighton,West,Furniture,43.12,14,0,20.6976
CA-2016-110366,9/5/2016,Jonathan Doherty,East,Furniture,82.8,2,0.2,10.35
CA-2017-106180,9/18/2017,Sally Hughsby,West,Office Supplies,8.82,3,0,2.3814
CA-2017-106180,9/18/2017,Sally Hughsby,West,Office Supplies,10.86,3,0,5.1042
CA-2017-106180,9/18/2017,Sally Hughsby,West,Office Supplies,143.7,3,0,68.976
CA-2017-155376,12/22/2017,Sandra Glassco,Central,Office Supplies,839.43,3,0,218.2518
CA-2015-110744,9/7/2015,Helen Andreada,West,Office Supplies,671.93,7,0,20.1579
CA-2014-110072,10/22/2014,Maureen Gastineau,East,Furniture,93.888,4,0.2,12.9096
CA-2016-114489,12/5/2016,Justin Ellison,Central,Technology,384.45,11,0,103.8015
CA-2016-114489,12/5/2016,Justin Ellison,Central,Technology,149.97,3,0,5.9988
CA-2016-114489,12/5/2016,Justin Ellison,Central,Furniture,1951.84,8,0,585.552
CA-2016-114489,12/5/2016,Justin Ellison,Central,Office Supplies,171.55,5,0,80.6285
CA-2016-158834,3/13/2016,Tamara Willingham,West,Office Supplies,157.92,5,0.2,17.766
CA-2016-158834,3/13/2016,Tamara Willingham,West,Technology,203.184,2,0.2,15.2388
CA-2015-124919,5/31/2015,Stephanie Phelps,West,Office Supplies,58.38,7,0,26.271
CA-2015-124919,5/31/2015,Stephanie Phelps,West,Office Supplies,105.52,4,0,48.5392
CA-2015-124919,5/31/2015,Stephanie Phelps,West,Office Supplies,80.88,6,0,21.0288
CA-2015-118948,5/28/2015,Neil Knudson,West,Office Supplies,6.63,3,0,1.7901
CA-2014-104269,3/1/2014,Dave Brooks,West,Furniture,457.568,2,0.2,51.4764
CA-2016-114104,11/20/2016,Nora Paige,Central,Office Supplies,14.62,2,0,6.8714
CA-2016-114104,11/20/2016,Nora Paige,Central,Technology,944.93,7,0,236.2325
CA-2016-162733,5/11/2016,Ted Trevino,West,Office Supplies,5.98,1,0,2.691
CA-2015-119697,12/28/2015,Eric Murdock,East,Technology,54.384,2,0.2,1.3596
CA-2016-154508,11/16/2016,Ruben Dartt,West,Office Supplies,28.4,5,0,13.348
CA-2016-113817,11/7/2016,Max Jones,West,Office Supplies,27.68,2,0.2,9.688
CA-2014-139892,9/8/2014,Becky Martin,Central,Office Supplies,9.936,3,0.2,2.7324
CA-2014-139892,9/8/2014,Becky Martin,Central,Technology,8159.952,8,0.4,-1359.992
CA-2014-139892,9/8/2014,Becky Martin,Central,Office Supplies,275.928,3,0.2,-58.6347
CA-2014-139892,9/8/2014,Becky Martin,Central,Furniture,1740.06,9,0.3,-24.858
CA-2014-139892,9/8/2014,Becky Martin,Central,Office Supplies,32.064,6,0.2,6.8136
CA-2014-139892,9/8/2014,Becky Martin,Central,Office Supplies,177.98,5,0.8,-453.849
CA-2014-139892,9/8/2014,Becky Martin,Central,Technology,143.976,3,0.2,8.9985
CA-2014-118962,8/5/2014,Chad Sievert,West,Office Supplies,20.94,3,0,9.8418
CA-2014-118962,8/5/2014,Chad Sievert,West,Office Supplies,110.96,2,0,53.2608
CA-2014-118962,8/5/2014,Chad Sievert,West,Furniture,340.144,7,0.2,21.259
US-2014-100853,9/14/2014,Jennifer Braxton,Central,Office Supplies,52.448,2,0.8,-131.12
US-2014-100853,9/14/2014,Jennifer Braxton,Central,Office Supplies,20.16,4,0.2,6.552
US-2017-152366,4/21/2017,Shirley Jackson,Central,Office Supplies,97.264,4,0.8,-243.16
US-2015-101511,11/21/2015,Joel Eaton,East,Furniture,396.802,7,0.3,-11.3372
US-2015-101511,11/21/2015,Joel Eaton,East,Office Supplies,15.88,5,0.2,-3.7715
CA-2015-137225,12/15/2015,Jim Kriz,East,Office Supplies,3.28,1,0,1.4104
CA-2014-166191,12/5/2014,David Kendrick,Central,Office Supplies,24.816,2,0.2,1.8612
CA-2014-166191,12/5/2014,David Kendrick,Central,Technology,408.744,7,0.2,76.6395
CA-2014-158274,11/19/2014,Robert Marley,South,Technology,503.96,4,0,131.0296
CA-2014-158274,11/19/2014,Robert Marley,South,Technology,149.95,5,0,41.986
CA-2014-158274,11/19/2014,Robert Marley,South,Technology,29,2,0,7.25
CA-2016-105018,11/28/2016,Sally Knutson,East,Office Supplies,7.16,2,0,3.4368
CA-2014-123260,8/26/2014,Frank Merwin,West,Technology,176.8,8,0,22.984
CA-2016-157000,7/16/2016,Alice McCarthy,Central,Office Supplies,37.224,3,0.2,3.7224
CA-2016-157000,7/16/2016,Alice McCarthy,Central,Office Supplies,20.016,3,0.2,6.255
CA-2015-102281,10/12/2015,Mark Packer,East,Furniture,899.136,4,0.2,112.392
CA-2015-102281,10/12/2015,Mark Packer,East,Technology,71.76,6,0,20.0928
CA-2015-102281,10/12/2015,Mark Packer,East,Office Supplies,51.84,8,0,24.8832
CA-2015-102281,10/12/2015,Mark Packer,East,Furniture,626.352,3,0.2,46.9764
CA-2015-102281,10/12/2015,Mark Packer,East,Office Supplies,19.9,5,0,6.567
CA-2015-131457,10/31/2015,Mary Zewe,West,Office Supplies,14.28,7,0,6.7116
CA-2014-140004,3/21/2014,Cassandra Brandow,East,Office Supplies,7.408,2,0.2,1.2038
CA-2014-140004,3/21/2014,Cassandra Brandow,East,Office Supplies,6.048,3,0.2,1.5876
CA-2017-107720,11/6/2017,Valerie Mitchum,East,Office Supplies,46.26,3,0,12.0276
US-2017-124303,7/6/2017,Fred Hopkins,East,Office Supplies,2.946,2,0.7,-2.2586
US-2017-124303,7/6/2017,Fred Hopkins,East,Office Supplies,16.056,3,0.2,5.8203
CA-2017-105074,6/24/2017,Maria Bertelson,East,Office Supplies,21.744,3,0.2,6.795
CA-2014-133690,8/3/2014,Bruce Stewart,West,Furniture,218.75,2,0.5,-161.875
CA-2014-133690,8/3/2014,Bruce Stewart,West,Office Supplies,2.6,1,0.2,0.2925
US-2017-116701,12/17/2017,Logan Currie,Central,Office Supplies,66.284,2,0.8,-178.9668
CA-2017-126382,6/3/2017,Heather Kirkland,South,Furniture,35.168,7,0.2,9.6712
CA-2017-108329,12/9/2017,Laurel Elliston,West,Technology,444.768,4,0.2,44.4768
CA-2017-135860,12/1/2017,Joseph Holt,Central,Office Supplies,83.92,4,0,5.8744
CA-2017-135860,12/1/2017,Joseph Holt,Central,Technology,131.98,2,0,35.6346
CA-2017-135860,12/1/2017,Joseph Holt,Central,Office Supplies,15.92,4,0,7.4824
CA-2017-135860,12/1/2017,Joseph Holt,Central,Office Supplies,52.29,9,0,16.2099
CA-2017-135860,12/1/2017,Joseph Holt,Central,Office Supplies,91.99,1,0,3.6796
CA-2015-101007,2/9/2015,Michael Stewart,Central,Technology,20.8,2,0.2,6.5
CA-2015-146262,1/2/2015,Victoria Wilson,East,Office Supplies,23.68,2,0.2,8.88
CA-2015-146262,1/2/2015,Victoria Wilson,East,Furniture,452.45,5,0.5,-244.323
CA-2015-146262,1/2/2015,Victoria Wilson,East,Technology,62.982,3,0.4,-14.6958
CA-2015-146262,1/2/2015,Victoria Wilson,East,Technology,1188,9,0.7,-950.4
CA-2015-146262,1/2/2015,Victoria Wilson,East,Technology,89.584,2,0.2,4.4792
CA-2016-130162,10/28/2016,Jonathan Howell,West,Office Supplies,93.06,6,0,26.0568
CA-2016-130162,10/28/2016,Jonathan Howell,West,Technology,302.376,3,0.2,22.6782
CA-2015-169397,12/24/2015,Joni Blumstein,East,Office Supplies,5.584,2,0.2,1.8148
CA-2015-169397,12/24/2015,Joni Blumstein,East,Office Supplies,22.704,6,0.2,8.2302
CA-2015-169397,12/24/2015,Joni Blumstein,East,Office Supplies,19.776,4,0.7,-13.8432
CA-2015-169397,12/24/2015,Joni Blumstein,East,Furniture,72.704,4,0.2,19.0848
CA-2015-169397,12/24/2015,Joni Blumstein,East,Technology,479.988,4,0.7,-383.9904
CA-2015-169397,12/24/2015,Joni Blumstein,East,Office Supplies,27.168,2,0.2,2.7168
CA-2015-163055,8/9/2015,David Smith,Central,Office Supplies,2.2,1,0,0.968
CA-2015-163055,8/9/2015,David Smith,Central,Furniture,622.45,5,0,136.939
CA-2015-163055,8/9/2015,David Smith,Central,Office Supplies,21.98,1,0,0.2198
US-2015-145436,2/28/2015,Valerie Dominguez,South,Furniture,161.568,2,0.2,-28.2744
US-2015-145436,2/28/2015,Valerie Dominguez,South,Furniture,389.696,8,0.2,43.8408
US-2014-156216,9/13/2014,Erin Ashbrook,South,Office Supplies,18.648,7,0.7,-12.432
US-2017-100930,4/7/2017,Christopher Schild,South,Furniture,233.86,2,0.45,-102.048
US-2017-100930,4/7/2017,Christopher Schild,South,Furniture,620.6145,3,0.45,-248.2458
US-2017-100930,4/7/2017,Christopher Schild,South,Office Supplies,5.328,2,0.7,-3.552
US-2017-100930,4/7/2017,Christopher Schild,South,Furniture,258.072,3,0.2,0
US-2017-100930,4/7/2017,Christopher Schild,South,Technology,617.976,3,0.2,-7.7247
CA-2017-160514,11/12/2017,David Bremer,West,Office Supplies,10.56,2,0,4.752
CA-2016-157749,6/4/2016,Ken Lonsdale,Central,Office Supplies,25.92,5,0.2,9.396
CA-2016-157749,6/4/2016,Ken Lonsdale,Central,Furniture,419.68,5,0.6,-356.728
CA-2016-157749,6/4/2016,Ken Lonsdale,Central,Furniture,11.688,3,0.6,-4.6752
CA-2016-157749,6/4/2016,Ken Lonsdale,Central,Technology,31.984,2,0.2,11.1944
CA-2016-157749,6/4/2016,Ken Lonsdale,Central,Furniture,177.225,5,0.5,-120.513
CA-2016-157749,6/4/2016,Ken Lonsdale,Central,Furniture,4.044,3,0.6,-2.8308
CA-2016-157749,6/4/2016,Ken Lonsdale,Central,Office Supplies,7.408,2,0.2,1.2038
CA-2014-131926,6/1/2014,Dianna Wilson,Central,Furniture,2001.86,7,0,580.5394
CA-2014-131926,6/1/2014,Dianna Wilson,Central,Office Supplies,166.72,2,0,41.68
CA-2014-131926,6/1/2014,Dianna Wilson,Central,Office Supplies,47.88,6,0,23.94
CA-2014-131926,6/1/2014,Dianna Wilson,Central,Office Supplies,1503.25,5,0,496.0725
CA-2014-131926,6/1/2014,Dianna Wilson,Central,Office Supplies,25.92,4,0,12.4416
CA-2016-154739,12/10/2016,Logan Haushalter,West,Furniture,321.568,2,0.2,28.1372
CA-2016-145625,9/11/2016,Kelly Collister,West,Office Supplies,7.61,1,0,3.5767
CA-2016-145625,9/11/2016,Kelly Collister,West,Technology,3347.37,13,0,636.0003
CA-2016-146941,12/10/2016,Delfina Latchford,East,Office Supplies,80.58,6,0,22.5624
CA-2016-146941,12/10/2016,Delfina Latchford,East,Office Supplies,361.92,4,0,162.864
US-2015-159982,11/28/2015,Dan Reichenbach,Central,Furniture,12.132,9,0.6,-8.4924
US-2015-159982,11/28/2015,Dan Reichenbach,Central,Office Supplies,82.368,2,0.2,-19.5624
US-2015-159982,11/28/2015,Dan Reichenbach,Central,Office Supplies,53.92,5,0.2,4.044
US-2015-159982,11/28/2015,Dan Reichenbach,Central,Technology,647.904,6,0.2,56.6916
CA-2017-163139,12/1/2017,Craig Carreira,East,Technology,20.37,3,0,6.9258
CA-2017-163139,12/1/2017,Craig Carreira,East,Office Supplies,221.55,3,0,6.6465
CA-2017-163139,12/1/2017,Craig Carreira,East,Office Supplies,17.52,5,0.2,6.132
US-2017-155299,6/8/2017,Dorris liebe,Central,Office Supplies,1.624,2,0.8,-4.466
US-2014-106992,9/19/2014,Sean Braxton,Central,Technology,3059.982,3,0.4,-509.997
US-2014-106992,9/19/2014,Sean Braxton,Central,Technology,2519.958,7,0.4,-251.9958
CA-2016-125318,6/6/2016,Roy Collins,Central,Technology,328.224,4,0.2,28.7196
CA-2015-155040,11/10/2015,Alan Hwang,West,Technology,79.9,2,0,35.156
CA-2017-136826,6/16/2017,Claudia Bergmann,South,Office Supplies,14.016,3,0.2,4.7304
CA-2016-111010,1/22/2016,Paul Gonzalez,East,Office Supplies,7.56,6,0,0.3024
US-2017-145366,12/9/2017,Christine Abelman,East,Office Supplies,37.208,1,0.2,-7.4416
US-2017-145366,12/9/2017,Christine Abelman,East,Office Supplies,57.576,3,0.2,21.591
CA-2017-163979,12/28/2017,Kristen Hastings,West,Office Supplies,725.84,4,0,210.4936
CA-2015-155334,7/30/2015,Helen Andreada,West,Technology,209.93,7,0,92.3692
CA-2015-155334,7/30/2015,Helen Andreada,West,Furniture,5.28,3,0,2.3232
CA-2015-155334,7/30/2015,Helen Andreada,West,Office Supplies,10.92,3,0.2,4.095
CA-2017-118136,9/16/2017,Barry Blumstein,West,Office Supplies,8.82,2,0,4.0572
CA-2017-118136,9/16/2017,Barry Blumstein,West,Office Supplies,5.98,1,0,1.5548
CA-2017-132976,10/13/2017,Andrew Gjertsen,East,Office Supplies,11.648,2,0.2,4.0768
CA-2017-132976,10/13/2017,Andrew Gjertsen,East,Office Supplies,18.176,4,0.2,5.9072
CA-2017-132976,10/13/2017,Andrew Gjertsen,East,Office Supplies,59.712,6,0.2,5.9712
CA-2017-132976,10/13/2017,Andrew Gjertsen,East,Office Supplies,24.84,3,0.2,8.694
US-2015-161991,9/26/2015,Steven Cartwright,Central,Office Supplies,2.08,5,0.8,-3.432
US-2015-161991,9/26/2015,Steven Cartwright,Central,Technology,1114.4,7,0.2,376.11
CA-2015-130890,11/2/2015,Jas O'Carroll,West,Furniture,1038.84,5,0.2,51.942
CA-2015-130883,9/26/2015,Tracy Blumstein,West,Office Supplies,141.76,5,0.2,47.844
CA-2015-130883,9/26/2015,Tracy Blumstein,West,Technology,239.8,5,0.2,47.96
CA-2015-130883,9/26/2015,Tracy Blumstein,West,Office Supplies,31.104,6,0.2,10.8864
CA-2016-112697,12/18/2016,Alan Haines,South,Office Supplies,254.058,7,0.7,-169.372
CA-2016-112697,12/18/2016,Alan Haines,South,Office Supplies,194.528,2,0.2,24.316
CA-2016-112697,12/18/2016,Alan Haines,South,Office Supplies,961.48,5,0.2,-204.3145
CA-2016-110772,11/20/2016,Nick Zandusky,East,Office Supplies,19.096,7,0.2,6.6836
CA-2016-110772,11/20/2016,Nick Zandusky,East,Office Supplies,18.496,8,0.2,6.2424
CA-2016-110772,11/20/2016,Nick Zandusky,East,Technology,255.984,2,0.2,54.3966
CA-2016-110772,11/20/2016,Nick Zandusky,East,Furniture,86.97,3,0.5,-48.7032
CA-2014-111451,12/26/2014,Kelly Lampkin,West,Furniture,300.416,8,0.2,78.8592
CA-2014-111451,12/26/2014,Kelly Lampkin,West,Furniture,230.352,3,0.2,20.1558
CA-2014-111451,12/26/2014,Kelly Lampkin,West,Furniture,218.352,3,0.2,-24.5646
CA-2014-111451,12/26/2014,Kelly Lampkin,West,Office Supplies,78.6,5,0.7,-62.88
CA-2014-111451,12/26/2014,Kelly Lampkin,West,Office Supplies,27.552,3,0.2,9.2988
CA-2016-142545,10/28/2016,Jonathan Doherty,East,Office Supplies,32.4,5,0,15.552
CA-2016-142545,10/28/2016,Jonathan Doherty,East,Office Supplies,1082.48,8,0,10.8248
CA-2016-142545,10/28/2016,Jonathan Doherty,East,Office Supplies,56.91,3,0,27.3168
CA-2016-142545,10/28/2016,Jonathan Doherty,East,Furniture,77.6,4,0,38.024
CA-2016-142545,10/28/2016,Jonathan Doherty,East,Office Supplies,14.28,1,0,6.5688
US-2017-152380,11/19/2017,Jonathan Howell,Central,Furniture,219.075,3,0.5,-131.445
CA-2015-144253,5/4/2015,Alan Schoenberger,East,Furniture,26.8,2,0,12.864
CA-2014-130960,12/30/2014,Ken Brennan,Central,Office Supplies,9.84,3,0,2.8536
CA-2014-111003,6/1/2014,Corey Roper,East,Office Supplies,45.48,3,0,20.9208
CA-2014-111003,6/1/2014,Corey Roper,East,Office Supplies,289.2,6,0,83.868
CA-2017-126774,4/15/2017,Shahid Hopkins,South,Office Supplies,4.89,1,0,2.0049
CA-2016-142902,9/12/2016,Ben Peterman,West,Furniture,15.136,4,0.2,3.5948
CA-2016-142902,9/12/2016,Ben Peterman,West,Furniture,466.768,2,0.2,52.5114
CA-2016-142902,9/12/2016,Ben Peterman,West,Furniture,15.232,1,0.2,1.7136
CA-2016-142902,9/12/2016,Ben Peterman,West,Office Supplies,6.264,3,0.2,2.0358
CA-2014-120887,9/27/2014,Thomas Seio,East,Furniture,87.54,3,0,37.6422
CA-2014-167850,8/9/2014,Andy Gerbode,South,Technology,178.384,2,0.2,22.298
CA-2014-167850,8/9/2014,Andy Gerbode,South,Office Supplies,15.552,3,0.2,5.4432
CA-2014-164259,12/28/2014,Sung Pak,East,Office Supplies,99.136,4,0.2,8.6744
CA-2014-164973,11/4/2014,Nathan Mautz,East,Furniture,135.882,1,0.1,24.1568
CA-2014-164973,11/4/2014,Nathan Mautz,East,Technology,3991.98,2,0,1995.99
CA-2014-164973,11/4/2014,Nathan Mautz,East,Technology,275.94,6,0,80.0226
CA-2014-164973,11/4/2014,Nathan Mautz,East,Technology,360,4,0,129.6
CA-2014-164973,11/4/2014,Nathan Mautz,East,Office Supplies,43.57,1,0,13.071
CA-2014-156601,9/19/2014,Frank Atkinson,West,Office Supplies,7.16,2,0,3.58
CA-2016-162138,4/23/2016,Grace Kelly,West,Office Supplies,251.52,6,0.2,81.744
CA-2016-162138,4/23/2016,Grace Kelly,West,Technology,99.99,1,0,34.9965
CA-2017-153339,11/3/2017,Don Jones,South,Furniture,15.992,1,0.2,0.9995
US-2016-141544,8/30/2016,Patrick O'Brill,East,Technology,290.898,3,0.4,-67.8762
US-2016-141544,8/30/2016,Patrick O'Brill,East,Office Supplies,54.224,2,0.2,3.389
US-2016-141544,8/30/2016,Patrick O'Brill,East,Furniture,786.744,4,0.3,-258.5016
US-2016-141544,8/30/2016,Patrick O'Brill,East,Office Supplies,100.24,10,0.2,33.831
US-2016-141544,8/30/2016,Patrick O'Brill,East,Office Supplies,37.764,6,0.7,-27.6936
US-2016-150147,4/25/2016,John Lucas,East,Technology,82.8,2,0.4,-20.7
US-2016-150147,4/25/2016,John Lucas,East,Office Supplies,20.724,2,0.7,-13.816
US-2016-150147,4/25/2016,John Lucas,East,Office Supplies,4.896,3,0.7,-3.4272
CA-2015-137946,9/1/2015,Doug Bickford,West,Office Supplies,4.752,1,0.2,1.6038
CA-2015-137946,9/1/2015,Doug Bickford,West,Technology,959.984,2,0.2,335.9944
CA-2015-137946,9/1/2015,Doug Bickford,West,Office Supplies,14.368,4,0.2,4.49
CA-2014-129924,7/12/2014,Alyssa Crouse,West,Office Supplies,7.712,2,0.2,2.7956
CA-2014-129924,7/12/2014,Alyssa Crouse,West,Furniture,698.352,3,0.2,-17.4588
CA-2015-128167,6/22/2015,Ken Lonsdale,West,Office Supplies,4.96,4,0,2.3312
CA-2014-122336,4/13/2014,Jonathan Doherty,East,Office Supplies,17.856,4,0.2,1.116
CA-2014-122336,4/13/2014,Jonathan Doherty,East,Office Supplies,509.97,10,0.7,-407.976
CA-2014-122336,4/13/2014,Jonathan Doherty,East,Office Supplies,30.992,13,0.2,10.0724
CA-2014-122336,4/13/2014,Jonathan Doherty,East,Technology,71.928,12,0.4,8.3916
US-2015-120712,12/20/2015,Chad Sievert,Central,Office Supplies,88.8,4,0.2,-2.22
CA-2017-169901,6/15/2017,Clay Cheatham,West,Technology,47.976,3,0.2,4.7976
CA-2017-134306,7/8/2017,Tamara Dahlen,East,Office Supplies,7.56,3,0,3.0996
CA-2017-134306,7/8/2017,Tamara Dahlen,East,Office Supplies,24.56,2,0,11.5432
CA-2017-134306,7/8/2017,Tamara Dahlen,East,Office Supplies,12.96,2,0,4.1472
CA-2016-129714,9/1/2016,Adam Bellavance,East,Technology,6.79,1,0,2.3086
CA-2016-129714,9/1/2016,Adam Bellavance,East,Office Supplies,24.56,2,0,11.5432
CA-2016-129714,9/1/2016,Adam Bellavance,East,Office Supplies,3.048,1,0.2,1.0668
CA-2016-129714,9/1/2016,Adam Bellavance,East,Office Supplies,49.12,4,0,23.0864
CA-2016-129714,9/1/2016,Adam Bellavance,East,Office Supplies,4355.168,4,0.2,1415.4296
CA-2016-138520,4/8/2016,Jeremy Lonsdale,East,Furniture,388.704,6,0.2,-4.8588
CA-2016-138520,4/8/2016,Jeremy Lonsdale,East,Office Supplies,8.26,2,0,3.7996
CA-2016-138520,4/8/2016,Jeremy Lonsdale,East,Office Supplies,17.04,4,0,6.9864
CA-2016-138520,4/8/2016,Jeremy Lonsdale,East,Office Supplies,34.4,5,0,15.824
CA-2016-130001,4/23/2016,Heather Kirkland,South,Office Supplies,36.24,5,0.2,11.325
CA-2017-155698,3/8/2017,Victoria Brennan,South,Office Supplies,647.84,8,0,168.4384
CA-2017-155698,3/8/2017,Victoria Brennan,South,Office Supplies,20.7,2,0,9.936
CA-2017-144904,9/25/2017,Katrina Willman,East,Office Supplies,20.7,2,0,9.936
CA-2017-144904,9/25/2017,Katrina Willman,East,Furniture,488.646,3,0.1,86.8704
CA-2017-144904,9/25/2017,Katrina Willman,East,Office Supplies,5.56,2,0,1.4456
CA-2017-144904,9/25/2017,Katrina Willman,East,Furniture,47.12,8,0,20.7328
CA-2014-123344,9/24/2014,Julia Dunbar,West,Office Supplies,211.96,4,0,8.4784
CA-2016-155516,10/21/2016,Michael Kennedy,East,Office Supplies,23.2,4,0,10.44
CA-2016-155516,10/21/2016,Michael Kennedy,East,Office Supplies,7.36,2,0,0.1472
CA-2016-155516,10/21/2016,Michael Kennedy,East,Office Supplies,104.79,7,0,29.3412
CA-2016-155516,10/21/2016,Michael Kennedy,East,Furniture,1043.92,4,0,271.4192
CA-2017-104745,5/29/2017,Guy Thornton,Central,Office Supplies,25.92,5,0.2,9.396
CA-2017-104745,5/29/2017,Guy Thornton,Central,Office Supplies,53.424,3,0.2,4.6746
US-2014-119137,7/23/2014,Arthur Gainer,West,Office Supplies,8.16,5,0.7,-5.712
US-2014-119137,7/23/2014,Arthur Gainer,West,Technology,1023.936,8,0.2,179.1888
US-2014-119137,7/23/2014,Arthur Gainer,West,Office Supplies,9.24,1,0.2,0.924
US-2014-119137,7/23/2014,Arthur Gainer,West,Technology,479.04,10,0.2,-29.94
US-2016-134656,9/28/2016,Muhammed MacIntyre,Central,Office Supplies,99.136,4,0.2,30.98
US-2017-134481,8/27/2017,Allen Rosenblatt,East,Furniture,1488.424,7,0.3,-297.6848
CA-2015-130792,4/28/2015,Russell Applegate,Central,Office Supplies,8.652,3,0.8,-20.3322
CA-2015-130792,4/28/2015,Russell Applegate,Central,Office Supplies,23.832,3,0.2,2.6811
CA-2015-130792,4/28/2015,Russell Applegate,Central,Office Supplies,12.176,4,0.8,-18.8728
CA-2016-134775,10/28/2016,Alejandro Savely,West,Office Supplies,50.96,7,0,25.48
CA-2016-134775,10/28/2016,Alejandro Savely,West,Office Supplies,49.536,3,0.2,17.3376
CA-2015-125395,6/26/2015,Laura Armstrong,Central,Technology,41.9,2,0,8.799
US-2015-168935,11/27/2015,Denny Ordway,South,Furniture,375.4575,3,0.45,-157.0095
US-2015-168935,11/27/2015,Denny Ordway,South,Technology,83.976,3,0.2,-1.0497
CA-2015-122756,12/3/2015,Dean Katz,East,Technology,482.34,4,0.7,-337.638
CA-2015-122756,12/3/2015,Dean Katz,East,Furniture,2.96,1,0.2,0.777
CA-2014-115973,11/24/2014,Nathan Gelder,East,Office Supplies,2.624,1,0.2,0.4264
CA-2017-101798,12/11/2017,Mike Vittorini,East,Office Supplies,23.36,4,0.2,7.884
CA-2017-101798,12/11/2017,Mike Vittorini,East,Technology,39.98,2,0,13.5932
US-2014-135972,9/21/2014,Jack Garza,West,Technology,246.384,2,0.2,27.7182
US-2014-135972,9/21/2014,Jack Garza,West,Technology,1799.97,3,0,701.9883
US-2014-134971,6/7/2014,Bart Pistole,Central,Office Supplies,12.462,3,0.8,-20.5623
CA-2017-102946,6/30/2017,Victor Preis,West,Office Supplies,75.792,3,0.2,25.5798
CA-2017-165603,10/17/2017,Saphhira Shifley,East,Office Supplies,49.96,2,0,9.4924
CA-2017-165603,10/17/2017,Saphhira Shifley,East,Office Supplies,12.96,2,0,6.2208
CA-2015-122259,10/31/2015,Harold Pawlan,Central,Office Supplies,70.12,4,0,21.036
CA-2016-108987,9/8/2016,Anna Gayman,Central,Office Supplies,35.952,3,0.2,3.5952
CA-2016-108987,9/8/2016,Anna Gayman,Central,Furniture,2396.2656,4,0.32,-317.1528
CA-2016-108987,9/8/2016,Anna Gayman,Central,Office Supplies,131.136,4,0.2,-32.784
CA-2016-108987,9/8/2016,Anna Gayman,Central,Technology,57.584,2,0.2,0.7198
CA-2014-113166,12/24/2014,Luke Foster,South,Office Supplies,9.568,2,0.2,3.4684
CA-2014-155208,4/16/2014,Stephanie Phelps,South,Office Supplies,39.072,6,0.2,9.768
CA-2017-117933,12/24/2017,Roy Französisch,East,Office Supplies,35.91,3,0,9.6957
CA-2017-117457,12/8/2017,Keith Herrera,West,Technology,179.95,5,0,37.7895
CA-2017-117457,12/8/2017,Keith Herrera,West,Technology,1199.976,3,0.2,434.9913
CA-2017-117457,12/8/2017,Keith Herrera,West,Office Supplies,27.15,5,0,13.3035
CA-2017-117457,12/8/2017,Keith Herrera,West,Furniture,1004.024,7,0.2,-112.9527
CA-2017-117457,12/8/2017,Keith Herrera,West,Office Supplies,9.68,1,0,4.6464
CA-2017-117457,12/8/2017,Keith Herrera,West,Office Supplies,28.35,9,0,13.608
CA-2017-117457,12/8/2017,Keith Herrera,West,Office Supplies,55.98,1,0,27.4302
CA-2017-117457,12/8/2017,Keith Herrera,West,Furniture,1336.829,13,0.15,31.4548
CA-2017-117457,12/8/2017,Keith Herrera,West,Furniture,113.568,2,0.2,-18.4548
CA-2017-142636,11/3/2017,Kimberly Carter,West,Office Supplies,139.86,7,0,65.7342
CA-2017-142636,11/3/2017,Kimberly Carter,West,Furniture,307.136,4,0.2,26.8744
CA-2017-122105,6/24/2017,Caroline Jumper,West,Office Supplies,95.92,8,0,25.8984
CA-2016-148796,4/14/2016,Philip Brown,West,Furniture,383.8,5,0.2,38.38
CA-2017-154816,11/6/2017,Victoria Brennan,South,Office Supplies,5.78,1,0,2.8322
CA-2017-110478,3/4/2017,Sung Pak,West,Office Supplies,9.32,4,0,2.7028
CA-2017-110478,3/4/2017,Sung Pak,West,Office Supplies,15.25,1,0,7.015
CA-2014-142048,6/22/2014,Joel Eaton,West,Technology,196.752,6,0.2,56.5662
CA-2017-125388,10/19/2017,Michael Paige,East,Furniture,56.56,4,0,14.7056
CA-2017-125388,10/19/2017,Michael Paige,East,Office Supplies,32.7,3,0,8.502
CA-2017-155705,8/21/2017,Natalie Fritzler,South,Furniture,866.4,4,0,225.264
CA-2017-149160,11/23/2017,Janet Molinari,Central,Furniture,28.4,2,0,11.076
CA-2017-149160,11/23/2017,Janet Molinari,Central,Office Supplies,287.92,8,0,138.2016
CA-2014-101476,9/12/2014,Shirley Daniels,East,Technology,69.99,1,0,30.0957
CA-2017-152275,10/1/2017,Ken Heidel,Central,Office Supplies,6.672,6,0.2,0.5004
US-2016-123750,4/15/2016,Ross Baird,South,Office Supplies,189.588,2,0.7,-145.3508
US-2016-123750,4/15/2016,Ross Baird,South,Technology,408.744,7,0.2,76.6395
US-2016-123750,4/15/2016,Ross Baird,South,Technology,291.96,5,0.2,54.7425
US-2016-123750,4/15/2016,Ross Baird,South,Office Supplies,4.768,2,0.2,-0.7748
CA-2016-127369,6/6/2016,Dave Brooks,East,Office Supplies,714.3,5,0,207.147
US-2014-150574,12/19/2014,Mike Kennedy,South,Office Supplies,4.812,2,0.7,-3.6892
US-2014-150574,12/19/2014,Mike Kennedy,South,Technology,247.8,5,0.2,-18.585
CA-2016-147375,6/12/2016,Philisse Overcash,Central,Technology,1007.979,3,0.3,43.1991
CA-2016-147375,6/12/2016,Philisse Overcash,Central,Office Supplies,313.488,7,0.2,113.6394
CA-2017-130043,9/15/2017,Brenda Bowman,Central,Office Supplies,31.872,8,0.2,11.5536
CA-2017-157252,1/20/2017,Cynthia Voltz,East,Furniture,207.846,3,0.1,2.3094
CA-2016-115756,9/5/2016,Pete Kriz,Central,Furniture,12.22,1,0,3.666
CA-2016-115756,9/5/2016,Pete Kriz,Central,Office Supplies,194.94,3,0,23.3928
CA-2016-115756,9/5/2016,Pete Kriz,Central,Office Supplies,70.95,3,0,20.5755
CA-2016-115756,9/5/2016,Pete Kriz,Central,Office Supplies,91.36,4,0,42.0256
CA-2016-115756,9/5/2016,Pete Kriz,Central,Furniture,242.94,3,0,29.1528
CA-2016-115756,9/5/2016,Pete Kriz,Central,Office Supplies,22.05,7,0,10.584
CA-2017-154214,3/20/2017,Troy Blackwell,Central,Furniture,2.91,1,0,1.3677
CA-2016-166674,4/1/2016,Raymond Buch,East,Office Supplies,59.52,3,0,15.4752
CA-2016-166674,4/1/2016,Raymond Buch,East,Office Supplies,161.94,3,0,9.7164
CA-2016-166674,4/1/2016,Raymond Buch,East,Office Supplies,263.88,6,0,71.2476
CA-2016-166674,4/1/2016,Raymond Buch,East,Office Supplies,30.48,3,0,7.9248
CA-2016-166674,4/1/2016,Raymond Buch,East,Office Supplies,9.84,3,0,2.8536
CA-2016-166674,4/1/2016,Raymond Buch,East,Technology,35.12,4,0,9.1312
CA-2017-147277,10/20/2017,Ed Braxton,East,Furniture,284.364,2,0.4,-75.8304
CA-2017-147277,10/20/2017,Ed Braxton,East,Office Supplies,665.408,2,0.2,66.5408
CA-2016-100153,12/13/2016,Ken Heidel,Central,Technology,63.88,4,0,24.9132
US-2014-110674,2/12/2014,Sanjit Chand,West,Furniture,129.568,2,0.2,-24.294
US-2016-157945,9/26/2016,Natalie Fritzler,Central,Furniture,747.558,3,0.3,-96.1146
US-2016-157945,9/26/2016,Natalie Fritzler,Central,Office Supplies,8.928,2,0.2,3.348
CA-2015-109638,12/15/2015,Joseph Holt,West,Office Supplies,103.92,4,0,36.372
CA-2015-109638,12/15/2015,Joseph Holt,West,Technology,899.91,9,0,377.9622
CA-2015-109638,12/15/2015,Joseph Holt,West,Office Supplies,51.312,3,0.2,18.6006
CA-2016-109869,4/22/2016,Tanja Norvell,West,Furniture,23.56,5,0.2,7.068
CA-2016-109869,4/22/2016,Tanja Norvell,West,Furniture,1272.63,6,0.5,-814.4832
CA-2016-109869,4/22/2016,Tanja Norvell,West,Office Supplies,28.485,5,0.7,-20.889
CA-2016-109869,4/22/2016,Tanja Norvell,West,Office Supplies,185.376,2,0.2,-34.758
CA-2016-109869,4/22/2016,Tanja Norvell,West,Office Supplies,78.272,2,0.2,5.8704
US-2015-101399,1/17/2015,Joni Sundaresam,Central,Furniture,254.744,7,0.6,-312.0614
CA-2017-154907,3/31/2017,David Smith,Central,Furniture,205.3328,2,0.32,-36.2352
US-2016-100419,12/16/2016,Craig Carreira,Central,Office Supplies,4.788,3,0.8,-7.9002
CA-2015-154144,12/20/2015,Maya Herman,East,Office Supplies,55.48,1,0,26.6304
CA-2014-144666,11/9/2014,Jeremy Pistek,West,Office Supplies,340.92,3,0,3.4092
CA-2014-144666,11/9/2014,Jeremy Pistek,West,Furniture,222.666,2,0.15,10.4784
CA-2014-144666,11/9/2014,Jeremy Pistek,West,Technology,703.968,4,0.2,87.996
CA-2014-144666,11/9/2014,Jeremy Pistek,West,Office Supplies,92.52,6,0,24.9804
CA-2014-144666,11/9/2014,Jeremy Pistek,West,Office Supplies,62.65,7,0,28.819
CA-2014-144666,11/9/2014,Jeremy Pistek,West,Office Supplies,94.85,5,0,45.528
CA-2016-103891,7/12/2016,Kristen Hastings,West,Technology,95.76,6,0.2,7.182
CA-2016-152632,10/27/2016,Jeremy Ellison,East,Furniture,40.2,3,0,19.296
CA-2016-100790,6/26/2016,John Grady,East,Office Supplies,14.7,5,0,6.615
CA-2016-100790,6/26/2016,John Grady,East,Office Supplies,704.25,5,0,84.51
CA-2014-134677,10/6/2014,Xylona Preis,West,Technology,9.09,3,0,1.9089
CA-2014-127691,7/22/2014,Erin Mull,East,Office Supplies,5.96,2,0,1.6688
CA-2014-127691,7/22/2014,Erin Mull,East,Technology,159.98,2,0,57.5928
CA-2017-140963,6/10/2017,Michelle Tran,West,Office Supplies,29.6,2,0,14.8
CA-2017-140963,6/10/2017,Michelle Tran,West,Furniture,514.165,5,0.15,-30.245
CA-2017-140963,6/10/2017,Michelle Tran,West,Technology,279.96,5,0.2,17.4975
CA-2014-154627,10/29/2014,Sue Ann Reed,Central,Technology,2735.952,6,0.2,341.994
CA-2014-133753,6/9/2014,Carl Weiss,Central,Technology,7.992,1,0.2,0.5994
CA-2014-133753,6/9/2014,Carl Weiss,Central,Technology,63.984,2,0.2,10.3974
CA-2014-133753,6/9/2014,Carl Weiss,Central,Office Supplies,70.368,2,0.2,6.1572
CA-2014-113362,9/14/2014,Astrea Jones,East,Office Supplies,449.15,5,0,8.983
CA-2014-113362,9/14/2014,Astrea Jones,East,Office Supplies,11.07,3,0,5.0922
CA-2016-169166,5/9/2016,Sonia Sunley,West,Technology,93.98,2,0,13.1572
US-2016-120929,3/18/2016,Rose O'Brian,South,Furniture,189.882,3,0.4,-94.941
CA-2015-134782,12/27/2015,Maribeth Dona,South,Office Supplies,105.42,2,0,51.6558
CA-2016-126158,7/25/2016,Sanjit Chand,West,Office Supplies,119.616,8,0.2,40.3704
CA-2016-126158,7/25/2016,Sanjit Chand,West,Furniture,255.76,4,0,81.8432
CA-2016-126158,7/25/2016,Sanjit Chand,West,Furniture,241.568,2,0.2,18.1176
CA-2016-126158,7/25/2016,Sanjit Chand,West,Furniture,69.3,9,0,22.869
US-2016-105578,5/30/2016,Maribeth Yedwab,West,Office Supplies,22.62,2,0.7,-15.08
US-2016-105578,5/30/2016,Maribeth Yedwab,West,Office Supplies,14.952,2,0.7,-11.9616
US-2016-105578,5/30/2016,Maribeth Yedwab,West,Furniture,801.568,2,0.2,50.098
US-2016-105578,5/30/2016,Maribeth Yedwab,West,Office Supplies,2.376,3,0.7,-1.9008
US-2016-105578,5/30/2016,Maribeth Yedwab,West,Office Supplies,32.792,1,0.2,11.8871
CA-2017-134978,11/12/2017,Ed Braxton,East,Office Supplies,15.92,5,0.2,5.373
CA-2015-145352,3/16/2015,Christopher Martinez,South,Office Supplies,2.74,1,0,0.7398
CA-2015-145352,3/16/2015,Christopher Martinez,South,Office Supplies,8.34,3,0,2.1684
CA-2015-145352,3/16/2015,Christopher Martinez,South,Office Supplies,46.74,3,0,11.685
CA-2015-145352,3/16/2015,Christopher Martinez,South,Office Supplies,6354.95,5,0,3177.475
CA-2017-135307,11/26/2017,Lynn Smith,Central,Furniture,126.3,3,0,40.416
CA-2017-135307,11/26/2017,Lynn Smith,Central,Technology,38.04,2,0,12.1728
CA-2016-106341,10/20/2016,Luke Foster,East,Office Supplies,7.152,3,0.2,0.7152
CA-2017-163405,12/21/2017,Bradley Nguyen,West,Office Supplies,6.63,3,0,1.7901
CA-2017-163405,12/21/2017,Bradley Nguyen,West,Office Supplies,5.88,2,0,1.7052
CA-2017-127432,1/22/2017,Alan Dominguez,West,Technology,2999.95,5,0,1379.977
CA-2017-127432,1/22/2017,Alan Dominguez,West,Office Supplies,51.45,3,0,13.8915
CA-2017-127432,1/22/2017,Alan Dominguez,West,Office Supplies,11.96,2,0,5.382
CA-2017-127432,1/22/2017,Alan Dominguez,West,Office Supplies,1126.02,3,0,56.301
CA-2015-157812,3/22/2015,Dean Braden,Central,Technology,18.392,1,0.2,5.2877
CA-2015-157812,3/22/2015,Dean Braden,Central,Office Supplies,129.568,2,0.2,-25.9136
CA-2015-157812,3/22/2015,Dean Braden,Central,Office Supplies,14.112,9,0.8,-21.168
CA-2017-145142,1/23/2017,Matt Connell,Central,Furniture,210.98,2,0,21.098
US-2016-139486,5/21/2016,Logan Haushalter,West,Technology,55.176,3,0.2,-12.4146
US-2016-139486,5/21/2016,Logan Haushalter,West,Technology,66.26,2,0,27.1666
CA-2015-158792,12/26/2015,Brian Dahlen,East,Office Supplies,22.2,5,0,10.434
CA-2017-113558,10/21/2017,Patricia Hirasaki,South,Furniture,683.952,3,0.2,42.747
CA-2017-113558,10/21/2017,Patricia Hirasaki,South,Furniture,45.696,3,0.2,5.1408
US-2015-138303,9/3/2015,Mike Gockenbach,East,Office Supplies,36.336,3,0.2,-7.2672
US-2015-138303,9/3/2015,Mike Gockenbach,East,Office Supplies,666.248,1,0.2,-149.9058
US-2015-138303,9/3/2015,Mike Gockenbach,East,Office Supplies,52.512,6,0.2,19.692
CA-2015-102848,11/7/2015,Karen Bern,West,Furniture,190.72,1,0.2,11.92
US-2017-129441,9/7/2017,Jasper Cacioppo,West,Furniture,47.94,3,0,2.397
CA-2016-168753,5/29/2016,Rob Lucas,South,Technology,979.95,5,0,274.386
CA-2016-168753,5/29/2016,Rob Lucas,South,Office Supplies,22.75,5,0,11.375
CA-2016-126613,7/10/2016,Allen Armold,West,Office Supplies,16.768,2,0.2,1.4672
US-2017-122637,9/3/2017,Emily Phan,Central,Office Supplies,42.616,7,0.8,-68.1856
CA-2015-147851,12/3/2015,Mark Packer,East,Office Supplies,10.752,4,0.2,3.36
CA-2015-134894,12/7/2015,Darren Koutras,South,Office Supplies,152.94,3,0,41.2938
CA-2015-134894,12/7/2015,Darren Koutras,South,Furniture,283.92,4,0,70.98
CA-2014-140795,2/1/2014,Bradley Drucker,Central,Technology,468.9,6,0,206.316
CA-2016-136924,7/14/2016,Erin Smith,West,Technology,380.864,8,0.2,38.0864
US-2015-120161,12/18/2015,Liz MacKendrick,East,Office Supplies,646.776,9,0.2,-145.5246
CA-2014-103849,5/11/2014,Paul Gonzalez,Central,Technology,58.112,2,0.2,7.264
CA-2014-103849,5/11/2014,Paul Gonzalez,Central,Technology,100.792,1,0.2,6.2995
CA-2014-103849,5/11/2014,Paul Gonzalez,Central,Furniture,66.112,4,0.6,-84.2928
CA-2017-162929,11/19/2017,Adrian Shami,East,Office Supplies,41.28,6,0.2,13.932
CA-2017-162929,11/19/2017,Adrian Shami,East,Office Supplies,13.36,2,0,6.4128
CA-2015-113173,11/15/2015,Dean Katz,Central,Office Supplies,250.272,9,0.2,15.642
CA-2015-113173,11/15/2015,Dean Katz,Central,Office Supplies,11.364,3,0.8,-17.046
CA-2015-113173,11/15/2015,Dean Katz,Central,Office Supplies,8.72,5,0.2,-1.744
CA-2016-136406,4/15/2016,Bill Donatelli,West,Furniture,1121.568,2,0.2,0
CA-2017-112774,9/11/2017,Ryan Crowe,South,Furniture,34.504,1,0.2,6.0382
CA-2017-101945,11/24/2017,Greg Tran,Central,Office Supplies,10.824,3,0.2,2.5707
CA-2017-100650,6/29/2017,Dean Katz,West,Office Supplies,1295.78,2,0,310.9872
CA-2014-155852,3/3/2014,Ashley Jarboe,South,Office Supplies,19.456,4,0.2,3.4048
CA-2016-113243,6/10/2016,Olvera Toch,West,Office Supplies,20.7,2,0,9.936
CA-2016-113243,6/10/2016,Olvera Toch,West,Furniture,1335.68,4,0.2,-217.048
CA-2016-113243,6/10/2016,Olvera Toch,West,Office Supplies,32.4,5,0,15.552
CA-2017-118731,11/20/2017,Liz Pelletier,West,Furniture,42.6,3,0,16.614
CA-2017-118731,11/20/2017,Liz Pelletier,West,Office Supplies,84.056,7,0.2,27.3182
CA-2014-145576,9/14/2014,Cynthia Arntzen,South,Office Supplies,13,5,0.2,1.3
CA-2014-145576,9/14/2014,Cynthia Arntzen,South,Furniture,13.128,3,0.2,3.7743
CA-2015-130736,12/7/2015,Jeremy Farry,West,Office Supplies,3.96,2,0,0
CA-2015-130736,12/7/2015,Jeremy Farry,West,Office Supplies,2.61,1,0,1.2006
CA-2017-137099,12/7/2017,Frank Preis,West,Technology,374.376,3,0.2,46.797
CA-2017-156951,10/1/2017,Ellis Ballard,West,Office Supplies,91.84,8,0,45.0016
CA-2017-156951,10/1/2017,Ellis Ballard,West,Office Supplies,81.088,7,0.2,27.3672
CA-2017-156951,10/1/2017,Ellis Ballard,West,Office Supplies,19.44,3,0,9.3312
CA-2017-156951,10/1/2017,Ellis Ballard,West,Furniture,451.152,3,0.2,0
CA-2017-164826,12/28/2017,Jennifer Ferguson,East,Office Supplies,72.45,7,0,34.776
CA-2017-164826,12/28/2017,Jennifer Ferguson,East,Office Supplies,13.96,4,0,6.4216
CA-2017-164826,12/28/2017,Jennifer Ferguson,East,Office Supplies,33.264,7,0.2,11.2266
CA-2017-164826,12/28/2017,Jennifer Ferguson,East,Technology,14.85,3,0,4.0095
CA-2016-127250,11/3/2016,Sarah Foster,West,Office Supplies,8.82,3,0,2.3814
CA-2015-149713,9/18/2015,Trudy Glocke,West,Office Supplies,160.72,14,0,78.7528
CA-2015-149713,9/18/2015,Trudy Glocke,West,Office Supplies,19.92,4,0,9.7608
CA-2015-149713,9/18/2015,Trudy Glocke,West,Office Supplies,7.3,2,0,2.19
CA-2017-118640,7/20/2017,Carlos Soltero,Central,Office Supplies,69.712,2,0.2,8.714
CA-2017-118640,7/20/2017,Carlos Soltero,Central,Furniture,8.792,1,0.6,-5.7148
CA-2015-132906,9/10/2015,Charles Crestani,West,Office Supplies,51.52,4,0,1.5456
CA-2017-145233,12/1/2017,Dianna Vittorini,West,Technology,470.376,3,0.2,52.9173
CA-2017-145233,12/1/2017,Dianna Vittorini,West,Technology,105.584,2,0.2,9.2386
CA-2017-145233,12/1/2017,Dianna Vittorini,West,Office Supplies,31.152,3,0.2,3.5046
CA-2017-145233,12/1/2017,Dianna Vittorini,West,Office Supplies,6.783,7,0.7,-4.7481
CA-2017-145233,12/1/2017,Dianna Vittorini,West,Technology,406.368,4,0.2,30.4776
CA-2015-128139,7/3/2015,Bruce Degenhardt,South,Furniture,70.98,1,0,4.9686
CA-2015-128139,7/3/2015,Bruce Degenhardt,South,Office Supplies,294.93,3,0,144.5157
US-2016-156986,3/20/2016,Zuschuss Carroll,West,Technology,84.784,2,0.2,-20.1362
US-2016-156986,3/20/2016,Zuschuss Carroll,West,Office Supplies,20.736,4,0.2,7.2576
US-2016-156986,3/20/2016,Zuschuss Carroll,West,Office Supplies,16.821,3,0.7,-12.8961
US-2016-156986,3/20/2016,Zuschuss Carroll,West,Office Supplies,10.368,2,0.2,3.6288
CA-2014-135405,1/9/2014,Melanie Seite,Central,Office Supplies,9.344,2,0.2,1.168
CA-2014-135405,1/9/2014,Melanie Seite,Central,Technology,31.2,3,0.2,9.75
CA-2014-131450,8/8/2014,Lena Radford,West,Office Supplies,76.12,2,0,22.0748
CA-2014-131450,8/8/2014,Lena Radford,West,Technology,1199.976,3,0.2,434.9913
CA-2014-131450,8/8/2014,Lena Radford,West,Technology,445.96,5,0.2,55.745
CA-2014-131450,8/8/2014,Lena Radford,West,Furniture,327.76,8,0,91.7728
CA-2016-120180,7/14/2016,Theone Pippenger,East,Office Supplies,11.632,2,0.2,1.0178
US-2016-100720,7/16/2016,Chloris Kastensmidt,East,Technology,143.982,3,0.4,-28.7964
US-2016-100720,7/16/2016,Chloris Kastensmidt,East,Technology,494.376,4,0.4,-115.3544
US-2016-100720,7/16/2016,Chloris Kastensmidt,East,Office Supplies,5.84,2,0.2,0.73
CA-2014-149958,3/15/2014,Alan Shonely,South,Office Supplies,142.776,1,0.2,17.847
CA-2014-149958,3/15/2014,Alan Shonely,South,Furniture,45.696,3,0.2,5.1408
CA-2014-149958,3/15/2014,Alan Shonely,South,Office Supplies,7.218,3,0.7,-5.5338
CA-2014-149958,3/15/2014,Alan Shonely,South,Office Supplies,43.188,4,0.7,-31.6712
CA-2014-149958,3/15/2014,Alan Shonely,South,Office Supplies,131.904,3,0.2,47.8152
US-2014-105767,5/23/2014,Andrew Roberts,East,Office Supplies,3.282,2,0.7,-2.6256
US-2014-105767,5/23/2014,Andrew Roberts,East,Office Supplies,21.168,9,0.2,2.3814
US-2014-105767,5/23/2014,Andrew Roberts,East,Technology,55.188,2,0.4,-10.1178
CA-2016-161816,4/28/2016,Nona Balk,Central,Technology,369.576,3,0.2,41.5773
CA-2016-161816,4/28/2016,Nona Balk,Central,Office Supplies,15.712,4,0.2,5.6956
CA-2016-121223,9/11/2016,Giulietta Dortch,East,Office Supplies,8.448,2,0.2,2.64
CA-2016-121223,9/11/2016,Giulietta Dortch,East,Technology,728.946,9,0.4,-157.9383
CA-2017-138611,11/14/2017,Clytie Kelty,East,Technology,119.94,10,0.4,15.992
CA-2017-138611,11/14/2017,Clytie Kelty,East,Office Supplies,3.648,2,0.7,-2.7968
CA-2017-117947,8/18/2017,Nat Gilpin,East,Furniture,40.48,2,0,15.7872
CA-2017-117947,8/18/2017,Nat Gilpin,East,Furniture,9.94,2,0,3.0814
CA-2017-117947,8/18/2017,Nat Gilpin,East,Office Supplies,107.424,9,0.2,33.57
CA-2017-117947,8/18/2017,Nat Gilpin,East,Technology,37.91,1,0,10.9939
CA-2017-117947,8/18/2017,Nat Gilpin,East,Furniture,88.02,3,0,27.2862
US-2014-111171,12/26/2014,Christina Anderson,Central,Office Supplies,8.69,5,0.8,-14.773
CA-2015-138009,11/29/2015,Sylvia Foulston,Central,Furniture,301.96,2,0,87.5684
CA-2015-138009,11/29/2015,Sylvia Foulston,Central,Office Supplies,555.21,5,0.1,178.901
CA-2015-138009,11/29/2015,Sylvia Foulston,Central,Office Supplies,523.48,4,0,130.87
CA-2015-138009,11/29/2015,Sylvia Foulston,Central,Office Supplies,161.82,9,0,46.9278
CA-2017-163020,9/15/2017,Meg O'Connel,East,Furniture,35.56,7,0,12.0904
CA-2017-153787,5/19/2017,Annie Thurman,West,Office Supplies,97.16,2,0,28.1764
CA-2017-133431,12/17/2017,Logan Currie,West,Office Supplies,15.24,5,0.2,5.1435
CA-2017-133431,12/17/2017,Logan Currie,West,Office Supplies,13.23,3,0,6.0858
US-2016-135720,12/11/2016,Fred McMath,West,Office Supplies,243.384,3,0.2,-51.7191
US-2016-135720,12/11/2016,Fred McMath,West,Technology,119.8,5,0.2,29.95
US-2016-135720,12/11/2016,Fred McMath,West,Technology,300.768,4,0.2,30.0768
CA-2017-144694,9/24/2017,Brian Dahlen,South,Technology,17.88,3,0.2,2.4585
CA-2017-144694,9/24/2017,Brian Dahlen,South,Office Supplies,235.944,3,0.2,85.5297
CA-2015-168004,10/4/2015,Denny Joy,South,Furniture,392.94,3,0,43.2234
US-2016-123470,8/15/2016,Max Engle,West,Office Supplies,18.882,3,0.7,-13.8468
US-2016-123470,8/15/2016,Max Engle,West,Office Supplies,122.328,3,0.2,12.2328
CA-2016-115917,5/20/2016,Rick Bensley,West,Furniture,1049.2,5,0,272.792
CA-2016-115917,5/20/2016,Rick Bensley,West,Office Supplies,15.424,4,0.2,5.0128
CA-2016-147067,12/18/2016,Justin Deggeller,Central,Furniture,18.84,3,0,6.0288
CA-2017-167913,7/30/2017,John Lee,West,Office Supplies,330.4,2,0,85.904
CA-2017-167913,7/30/2017,John Lee,West,Office Supplies,26.25,7,0,12.6
CA-2017-106103,6/10/2017,Sean Christensen,Central,Technology,132.52,4,0,54.3332
US-2017-127719,7/21/2017,Tamara Willingham,East,Office Supplies,6.48,1,0,3.1752
CA-2017-126221,12/30/2017,Chuck Clark,Central,Office Supplies,209.3,2,0,56.511
CA-2016-103947,4/1/2016,Barry Blumstein,West,Office Supplies,31.56,5,0.2,9.8625
CA-2016-103947,4/1/2016,Barry Blumstein,West,Office Supplies,30.144,2,0.2,3.0144
CA-2016-160745,12/11/2016,Anthony Rawles,West,Furniture,14.8,4,0,6.068
CA-2016-160745,12/11/2016,Anthony Rawles,West,Technology,302.376,3,0.2,22.6782
CA-2016-160745,12/11/2016,Anthony Rawles,West,Technology,316,4,0,31.6
CA-2016-132661,10/23/2016,Steven Roelle,East,Office Supplies,379.4,10,0,178.318
CA-2017-140844,6/19/2017,Allen Rosenblatt,East,Office Supplies,97.82,2,0,45.9754
CA-2017-140844,6/19/2017,Allen Rosenblatt,East,Technology,103.12,8,0,10.312
CA-2016-137239,8/22/2016,Craig Reiter,East,Office Supplies,113.552,2,0.2,8.5164
CA-2016-137239,8/22/2016,Craig Reiter,East,Office Supplies,3.318,2,0.7,-2.6544
CA-2016-137239,8/22/2016,Craig Reiter,East,Office Supplies,134.288,2,0.2,45.3222
US-2016-156097,9/19/2016,Eugene Hildebrand,Central,Furniture,701.372,2,0.3,-50.098
US-2016-156097,9/19/2016,Eugene Hildebrand,Central,Office Supplies,2.308,2,0.8,-3.462
CA-2015-146563,8/24/2015,Cassandra Brandow,Central,Office Supplies,999.432,7,0.2,124.929
CA-2015-146563,8/24/2015,Cassandra Brandow,Central,Office Supplies,724.08,14,0.2,-135.765
CA-2015-146563,8/24/2015,Cassandra Brandow,Central,Furniture,918.785,5,0.3,-118.1295
CA-2015-146563,8/24/2015,Cassandra Brandow,Central,Office Supplies,2.724,3,0.8,-4.2222
CA-2016-123666,3/26/2016,Sibella Parks,East,Office Supplies,459.95,5,0,18.398
CA-2016-143308,11/4/2016,Roy Collins,South,Office Supplies,10.74,3,0,5.2626
CA-2017-132682,6/8/2017,Tiffany House,Central,Office Supplies,23.76,3,0.2,2.079
CA-2017-132682,6/8/2017,Tiffany House,Central,Office Supplies,85.056,3,0.2,28.7064
CA-2017-132682,6/8/2017,Tiffany House,Central,Technology,381.576,3,0.2,28.6182
CA-2014-156314,12/24/2014,Resi Pölking,East,Furniture,30.36,5,0.2,8.7285
US-2017-106663,6/9/2017,Meg O'Connel,Central,Furniture,23.976,3,0.6,-14.3856
US-2017-106663,6/9/2017,Meg O'Connel,Central,Furniture,108.925,1,0.5,-71.8905
US-2017-106663,6/9/2017,Meg O'Connel,Central,Office Supplies,36.352,8,0.2,11.36
CA-2017-111178,6/15/2017,Tamara Dahlen,Central,Office Supplies,19.56,5,0.2,1.7115
CA-2017-130351,12/5/2017,Rob Beeghly,Central,Office Supplies,61.44,3,0,16.5888
CA-2017-130351,12/5/2017,Rob Beeghly,Central,Office Supplies,38.9,5,0,17.505
CA-2017-130351,12/5/2017,Rob Beeghly,Central,Technology,99.39,3,0,40.7499
US-2017-119438,3/18/2017,Carol Darley,Central,Office Supplies,2.688,3,0.8,-7.392
US-2017-119438,3/18/2017,Carol Darley,Central,Technology,27.816,3,0.2,4.5201
US-2017-119438,3/18/2017,Carol Darley,Central,Furniture,82.524,3,0.6,-41.262
US-2017-119438,3/18/2017,Carol Darley,Central,Office Supplies,182.994,3,0.8,-320.2395
CA-2016-164511,11/19/2016,Doug Jacobs,East,Office Supplies,14.352,3,0.2,4.6644
CA-2016-164511,11/19/2016,Doug Jacobs,East,Office Supplies,64.96,2,0,2.5984
CA-2016-164511,11/19/2016,Doug Jacobs,East,Office Supplies,68.6,4,0,18.522
US-2017-168116,11/4/2017,Grant Thornton,South,Technology,7999.98,4,0.5,-3839.9904
US-2017-168116,11/4/2017,Grant Thornton,South,Office Supplies,167.44,2,0.2,14.651
CA-2014-157784,7/5/2014,Michael Chen,South,Technology,479.97,3,0,163.1898
CA-2014-157784,7/5/2014,Michael Chen,South,Office Supplies,14.62,2,0,6.8714
CA-2014-157784,7/5/2014,Michael Chen,South,Office Supplies,19.44,3,0,9.3312
CA-2017-161480,12/25/2017,Ralph Arnett,East,Furniture,191.984,2,0.2,4.7996
US-2014-117135,6/21/2014,Naresj Patel,South,Furniture,104.01,1,0,14.5614
US-2014-117135,6/21/2014,Naresj Patel,South,Technology,284.82,1,0,74.0532
US-2014-117135,6/21/2014,Naresj Patel,South,Office Supplies,36.84,3,0,10.3152
CA-2015-131534,3/28/2015,Alan Barnes,West,Technology,166.24,1,0,24.936
CA-2015-131534,3/28/2015,Alan Barnes,West,Office Supplies,33.4,5,0,16.032
CA-2015-119291,5/14/2015,Jesus Ocampo,East,Office Supplies,198.272,8,0.2,17.3488
CA-2015-119291,5/14/2015,Jesus Ocampo,East,Office Supplies,47.36,4,0.2,17.76
CA-2015-119291,5/14/2015,Jesus Ocampo,East,Office Supplies,200.984,7,0.2,62.8075
CA-2015-119291,5/14/2015,Jesus Ocampo,East,Office Supplies,97.696,4,0.2,31.7512
CA-2015-119291,5/14/2015,Jesus Ocampo,East,Office Supplies,2.696,1,0.2,0.8088
CA-2015-119291,5/14/2015,Jesus Ocampo,East,Office Supplies,18.588,2,0.7,-13.6312
CA-2015-119291,5/14/2015,Jesus Ocampo,East,Office Supplies,4.896,3,0.7,-3.4272
CA-2017-114552,9/2/2017,Dorris liebe,East,Furniture,15.072,3,0.2,4.1448
CA-2016-163755,11/4/2016,Alejandro Savely,West,Furniture,209.88,3,0,35.6796
CA-2015-142027,4/9/2015,Jay Kimmel,West,Furniture,369.912,3,0.2,-13.8717
CA-2014-138527,9/12/2014,Brad Norvell,South,Office Supplies,10.368,2,0.2,3.6288
CA-2014-138527,9/12/2014,Brad Norvell,South,Office Supplies,166.84,5,0.2,18.7695
CA-2014-138527,9/12/2014,Brad Norvell,South,Technology,15.216,1,0.2,2.2824
CA-2014-112158,12/2/2014,David Philippe,East,Technology,119.96,4,0,52.7824
CA-2014-112158,12/2/2014,David Philippe,East,Furniture,883.92,5,0.2,-110.49
CA-2014-112158,12/2/2014,David Philippe,East,Office Supplies,46.72,8,0.2,15.768
CA-2014-113887,4/5/2014,Tracy Hopkins,East,Office Supplies,55.48,1,0,26.6304
CA-2017-146136,9/3/2017,Arthur Prichep,South,Office Supplies,24.448,4,0.2,8.8624
US-2017-100048,5/19/2017,Roland Schwarz,East,Office Supplies,281.34,6,0,109.7226
US-2017-100048,5/19/2017,Roland Schwarz,East,Technology,307.98,2,0,89.3142
US-2017-100048,5/19/2017,Roland Schwarz,East,Technology,299.97,3,0,113.9886
CA-2014-153150,7/1/2014,Dorris liebe,West,Office Supplies,19.92,5,0.2,6.972
CA-2014-130092,1/11/2014,Seth Vernon,East,Furniture,9.94,2,0,3.0814
CA-2017-108910,9/24/2017,Kelly Collister,East,Furniture,103.056,3,0.2,24.4758
CA-2014-104472,6/2/2014,Christine Kargatis,West,Office Supplies,59.808,3,0.2,19.4376
CA-2014-104472,6/2/2014,Christine Kargatis,West,Furniture,73.32,6,0,21.996
CA-2016-112942,2/13/2016,Ross DeVincentis,West,Office Supplies,146.82,3,0,73.41
CA-2016-142335,12/15/2016,Michael Paige,Central,Furniture,1652.94,3,0,231.4116
CA-2016-142335,12/15/2016,Michael Paige,Central,Office Supplies,296.37,3,0,80.0199
CA-2014-117429,10/7/2014,Mathew Reese,East,Furniture,129.92,5,0.2,21.112
CA-2016-114713,7/7/2016,Steve Chapman,South,Office Supplies,45.584,7,0.2,5.1282
CA-2017-144113,9/16/2017,Jay Fein,Central,Office Supplies,17.568,2,0.2,6.3684
CA-2017-144113,9/16/2017,Jay Fein,Central,Technology,55.992,1,0.2,5.5992
US-2016-150861,12/3/2016,Emily Grady,East,Office Supplies,182.72,8,0,84.0512
US-2016-150861,12/3/2016,Emily Grady,East,Furniture,400.032,2,0.4,-153.3456
US-2016-150861,12/3/2016,Emily Grady,East,Office Supplies,33.63,3,0,10.089
US-2016-150861,12/3/2016,Emily Grady,East,Furniture,542.646,3,0.1,102.4998
US-2016-150861,12/3/2016,Emily Grady,East,Office Supplies,6.3,2,0,3.024
CA-2017-131954,1/21/2017,Darrin Sayre,West,Office Supplies,242.94,3,0,9.7176
CA-2017-131954,1/21/2017,Darrin Sayre,West,Technology,179.97,3,0,86.3856
CA-2017-131954,1/21/2017,Darrin Sayre,West,Office Supplies,99.696,6,0.2,33.6474
CA-2017-131954,1/21/2017,Darrin Sayre,West,Office Supplies,27.936,4,0.2,9.4284
CA-2017-131954,1/21/2017,Darrin Sayre,West,Furniture,84.98,1,0,18.6956
CA-2017-131954,1/21/2017,Darrin Sayre,West,Office Supplies,18.72,5,0.2,6.552
CA-2014-132500,9/8/2014,Gary Zandusky,West,Technology,49.98,2,0,8.4966
CA-2014-112326,1/4/2014,Phillina Ober,Central,Office Supplies,11.784,3,0.2,4.2717
CA-2014-112326,1/4/2014,Phillina Ober,Central,Office Supplies,272.736,3,0.2,-64.7748
CA-2014-112326,1/4/2014,Phillina Ober,Central,Office Supplies,3.54,2,0.8,-5.487
US-2016-146710,8/27/2016,Sung Shariari,Central,Office Supplies,51.52,5,0.2,-10.948
US-2016-146710,8/27/2016,Sung Shariari,Central,Office Supplies,3.528,1,0.2,1.1466
US-2016-146710,8/27/2016,Sung Shariari,Central,Office Supplies,4.624,1,0.2,1.6762
US-2016-146710,8/27/2016,Sung Shariari,Central,Office Supplies,55.168,4,0.2,6.2064
CA-2014-124429,5/27/2014,Maya Herman,West,Furniture,567.12,10,0.2,-28.356
CA-2014-124429,5/27/2014,Maya Herman,West,Office Supplies,359.32,4,0,7.1864
CA-2016-150889,3/20/2016,Peter Bühler,Central,Technology,11.992,1,0.2,0.8994
CA-2017-126074,10/2/2017,Roland Fjeld,Central,Office Supplies,58.05,3,0,26.703
CA-2017-126074,10/2/2017,Roland Fjeld,Central,Furniture,157.74,11,0,56.7864
CA-2017-126074,10/2/2017,Roland Fjeld,Central,Office Supplies,56.98,7,0,22.792
CA-2017-126074,10/2/2017,Roland Fjeld,Central,Office Supplies,2.88,1,0,1.4112
CA-2016-110499,4/7/2016,Yoseph Carroll,West,Technology,1199.976,3,0.2,374.9925
CA-2015-135272,12/7/2015,Melanie Seite,West,Furniture,79.92,4,0,28.7712
CA-2016-140928,9/18/2016,Nona Balk,South,Furniture,383.438,4,0.45,-167.3184
CA-2014-106803,12/29/2014,Debra Catini,Central,Office Supplies,24.56,2,0,6.8768
CA-2014-106803,12/29/2014,Debra Catini,Central,Technology,119.8,4,0,47.92
CA-2017-117240,7/23/2017,Christine Phan,East,Office Supplies,13.128,3,0.2,4.2666
CA-2017-133333,9/18/2017,Barry Französisch,Central,Office Supplies,22.72,4,0,10.224
CA-2015-112319,8/31/2015,Andrew Roberts,West,Office Supplies,58.32,9,0,27.9936
CA-2017-126046,11/3/2017,Julie Creighton,South,Office Supplies,12.39,3,0,5.6994
CA-2015-114923,2/8/2015,Lisa Hazard,East,Technology,107.982,3,0.4,-26.9955
CA-2014-162775,1/13/2014,Chris Selesnick,South,Office Supplies,11.36,2,0,5.3392
CA-2014-162775,1/13/2014,Chris Selesnick,South,Office Supplies,50.94,3,0,25.47
CA-2014-162775,1/13/2014,Chris Selesnick,South,Technology,646.74,6,0,258.696
CA-2014-162775,1/13/2014,Chris Selesnick,South,Office Supplies,5.64,3,0,2.7072
CA-2014-162775,1/13/2014,Chris Selesnick,South,Office Supplies,572.58,6,0,34.3548
CA-2014-106810,5/14/2014,Anthony Johnson,South,Furniture,310.88,2,0.2,23.316
CA-2016-157245,5/19/2016,Laurel Elliston,South,Furniture,641.96,2,0,179.7488
CA-2017-104220,1/30/2017,Benjamin Venier,Central,Office Supplies,18.28,2,0,9.14
CA-2017-104220,1/30/2017,Benjamin Venier,Central,Technology,207,3,0,51.75
CA-2017-104220,1/30/2017,Benjamin Venier,Central,Office Supplies,32.35,5,0,16.175
CA-2017-104220,1/30/2017,Benjamin Venier,Central,Office Supplies,7.71,1,0,3.4695
CA-2017-104220,1/30/2017,Benjamin Venier,Central,Office Supplies,40.3,2,0,10.881
CA-2017-104220,1/30/2017,Benjamin Venier,Central,Furniture,34.58,7,0,14.5236
CA-2014-165974,6/29/2014,Dan Lawera,East,Office Supplies,32.76,7,0.2,3.6855
CA-2015-144267,8/21/2015,Nick Zandusky,West,Furniture,544.008,3,0.2,40.8006
CA-2015-144267,8/21/2015,Nick Zandusky,West,Office Supplies,59.94,3,0,28.1718
CA-2015-144267,8/21/2015,Nick Zandusky,West,Office Supplies,23.92,4,0,11.7208
CA-2015-144267,8/21/2015,Nick Zandusky,West,Office Supplies,4.28,1,0,1.926
US-2015-157014,10/3/2015,Bryan Mills,East,Office Supplies,32.07,5,0.7,-22.449
US-2015-157014,10/3/2015,Bryan Mills,East,Technology,24,2,0.2,-2.7
US-2015-157014,10/3/2015,Bryan Mills,East,Furniture,35.49,1,0.5,-15.6156
US-2015-157014,10/3/2015,Bryan Mills,East,Technology,47.984,2,0.2,0.5998
CA-2015-154921,5/23/2015,Erin Ashbrook,South,Office Supplies,186.69,3,0,87.7443
CA-2017-129567,3/17/2017,Clay Ludtke,West,Office Supplies,17.456,2,0.2,5.8914
CA-2015-154620,12/12/2015,Liz Thompson,West,Furniture,348.928,2,0.2,34.8928
CA-2015-115938,6/26/2015,Sue Ann Reed,South,Office Supplies,143.96,4,0,69.1008
CA-2015-115938,6/26/2015,Sue Ann Reed,South,Office Supplies,15.42,1,0,4.1634
CA-2015-115938,6/26/2015,Sue Ann Reed,South,Office Supplies,43.04,8,0,21.0896
CA-2015-115938,6/26/2015,Sue Ann Reed,South,Furniture,332.94,3,0,79.9056
CA-2016-105256,5/20/2016,Joe Kamberova,South,Technology,1363.96,5,0.2,85.2475
CA-2014-156433,9/20/2014,Erica Smith,West,Office Supplies,9.96,2,0,4.5816
CA-2014-156433,9/20/2014,Erica Smith,West,Office Supplies,21.72,4,0,10.6428
CA-2017-151428,9/21/2017,Rick Hansen,Central,Office Supplies,20.16,7,0,9.8784
CA-2015-124653,12/24/2015,David Bremer,East,Office Supplies,132.79,7,0,63.7392
CA-2015-124653,12/24/2015,David Bremer,East,Office Supplies,12.96,2,0,6.2208
CA-2015-124653,12/24/2015,David Bremer,East,Office Supplies,21.56,7,0,10.3488
CA-2015-101910,11/27/2015,Carlos Daly,West,Furniture,283.92,5,0.2,17.745
CA-2017-105809,2/20/2017,Helen Wasserman,West,Furniture,22.23,1,0,7.3359
CA-2017-105809,2/20/2017,Helen Wasserman,West,Technology,215.968,2,0.2,18.8972
CA-2016-136133,8/18/2016,Helen Wasserman,East,Office Supplies,355.32,9,0,99.4896
CA-2016-115504,3/12/2016,Mike Caudle,South,Office Supplies,12.96,2,0,6.2208
CA-2017-135783,4/22/2017,Gary McGarr,West,Furniture,18.28,2,0,6.2152
CA-2014-134313,11/1/2014,Russell Applegate,West,Office Supplies,43.176,3,0.2,4.3176
CA-2014-134313,11/1/2014,Russell Applegate,West,Technology,1983.968,4,0.2,247.996
CA-2015-140921,2/3/2015,Allen Armold,Central,Furniture,28.4,2,0,11.076
CA-2015-140921,2/3/2015,Allen Armold,Central,Technology,149.97,3,0,50.9898
CA-2014-151995,10/13/2014,Zuschuss Carroll,West,Office Supplies,11.52,4,0,3.2256
CA-2014-151995,10/13/2014,Zuschuss Carroll,West,Furniture,1298.55,5,0,311.652
CA-2014-151995,10/13/2014,Zuschuss Carroll,West,Office Supplies,213.92,4,0,62.0368
CA-2014-151995,10/13/2014,Zuschuss Carroll,West,Technology,25.78,2,0,2.578
CA-2017-143686,5/14/2017,Pauline Johnson,West,Furniture,18.28,2,0,6.2152
CA-2017-143686,5/14/2017,Pauline Johnson,West,Technology,1399.93,7,0,601.9699
CA-2015-106565,3/20/2015,Bart Watters,Central,Office Supplies,51.84,8,0,24.8832
CA-2016-149370,9/15/2016,Dean Braden,East,Office Supplies,5.344,1,0.2,1.8704
CA-2014-140858,6/28/2014,Cynthia Arntzen,East,Office Supplies,41.472,8,0.2,14.5152
CA-2014-140858,6/28/2014,Cynthia Arntzen,East,Office Supplies,3.168,3,0.7,-2.4288
CA-2014-140858,6/28/2014,Cynthia Arntzen,East,Furniture,1228.465,5,0.3,0
CA-2014-140858,6/28/2014,Cynthia Arntzen,East,Office Supplies,31.086,3,0.7,-22.7964
CA-2014-140858,6/28/2014,Cynthia Arntzen,East,Office Supplies,335.52,4,0.2,117.432
CA-2017-101434,6/20/2017,Toby Ritter,East,Technology,239.97,3,0,71.991
CA-2017-101434,6/20/2017,Toby Ritter,East,Office Supplies,9.82,2,0,4.8118
US-2014-102071,5/9/2014,Patrick Gardner,West,Technology,67.8,4,0,4.068
US-2014-102071,5/9/2014,Patrick Gardner,West,Technology,167.97,3,0,40.3128
CA-2017-126956,8/21/2017,Greg Tran,Central,Office Supplies,35,7,0,16.8
CA-2017-126956,8/21/2017,Greg Tran,Central,Office Supplies,37.24,4,0,10.7996
CA-2017-126956,8/21/2017,Greg Tran,Central,Office Supplies,15.28,2,0,7.4872
CA-2017-129462,6/16/2017,Joel Eaton,South,Furniture,301.96,2,0,90.588
CA-2017-129462,6/16/2017,Joel Eaton,South,Office Supplies,180.66,3,0,50.5848
CA-2017-129462,6/16/2017,Joel Eaton,South,Technology,191.98,2,0,51.8346
CA-2017-129462,6/16/2017,Joel Eaton,South,Technology,65.99,1,0,17.1574
CA-2016-165316,7/23/2016,Jennifer Braxton,South,Office Supplies,35.216,2,0.2,2.6412
CA-2016-165316,7/23/2016,Jennifer Braxton,South,Office Supplies,23.696,2,0.2,6.5164
CA-2016-165316,7/23/2016,Jennifer Braxton,South,Technology,265.475,1,0.5,-111.4995
US-2014-115987,9/8/2014,Lisa Hazard,Central,Office Supplies,51.184,4,0.8,-79.3352
US-2017-156083,11/4/2017,James Lanier,South,Office Supplies,9.664,2,0.2,3.2616
US-2016-137547,3/7/2016,Ed Braxton,Central,Technology,21.072,3,0.2,1.5804
CA-2015-100454,11/20/2015,Brian Moss,East,Office Supplies,60.45,3,0,16.3215
CA-2015-100454,11/20/2015,Brian Moss,East,Office Supplies,11.52,4,0,3.3408
CA-2015-100454,11/20/2015,Brian Moss,East,Furniture,186.048,4,0.2,9.3024
CA-2016-161669,11/7/2016,Eudokia Martin,West,Office Supplies,37.44,4,0.2,11.7
CA-2016-161669,11/7/2016,Eudokia Martin,West,Office Supplies,26.976,4,0.2,8.7672
CA-2016-161669,11/7/2016,Eudokia Martin,West,Office Supplies,11.36,2,0,3.2944
CA-2016-161669,11/7/2016,Eudokia Martin,West,Office Supplies,14.62,2,0,6.8714
CA-2015-114300,10/13/2015,Art Foster,South,Technology,83.72,7,0,23.4416
CA-2015-114300,10/13/2015,Art Foster,South,Furniture,287.94,3,0,77.7438
CA-2017-107503,1/1/2017,Guy Armstrong,East,Furniture,48.896,4,0.2,8.5568
CA-2014-107755,2/7/2014,Cyma Kinney,East,Technology,115.36,7,0,49.6048
CA-2016-152534,6/20/2016,Dave Poirier,West,Office Supplies,5.16,2,0,1.3416
CA-2016-152534,6/20/2016,Dave Poirier,West,Office Supplies,38.88,6,0,18.6624
CA-2016-113747,5/28/2016,Valerie Dominguez,South,Office Supplies,185.88,6,0,50.1876
CA-2016-123274,2/19/2016,Greg Tran,East,Furniture,44.46,2,0,14.6718
CA-2016-123274,2/19/2016,Greg Tran,East,Office Supplies,242.94,3,0,9.7176
CA-2014-125612,8/3/2014,Berenike Kampe,East,Office Supplies,39.96,2,0,18.7812
CA-2014-125612,8/3/2014,Berenike Kampe,East,Office Supplies,102.3,10,0,26.598
CA-2014-125612,8/3/2014,Berenike Kampe,East,Office Supplies,21.36,2,0,5.7672
CA-2017-161984,4/10/2017,Sanjit Jacobs,East,Office Supplies,7.61,1,0,3.5767
CA-2017-161984,4/10/2017,Sanjit Jacobs,East,Office Supplies,7.16,2,0,3.58
CA-2014-133851,6/9/2014,Chuck Magee,West,Office Supplies,7.36,2,0,0.1472
CA-2014-133851,6/9/2014,Chuck Magee,West,Office Supplies,23.1,2,0,10.626
CA-2016-134474,1/5/2016,Anthony Johnson,South,Technology,191.472,6,0.2,40.6878
CA-2016-134474,1/5/2016,Anthony Johnson,South,Office Supplies,5.248,2,0.2,0.5904
CA-2016-134474,1/5/2016,Anthony Johnson,South,Technology,59.184,2,0.2,5.1786
CA-2014-149020,1/10/2014,Anthony Jacobs,South,Office Supplies,2.89,1,0,1.3583
CA-2014-149020,1/10/2014,Anthony Jacobs,South,Furniture,51.94,1,0,21.2954
CA-2016-134362,9/29/2016,Linda Southworth,East,Office Supplies,15.936,4,0.2,5.1792
CA-2014-136742,4/6/2014,Guy Phonely,East,Office Supplies,44.91,6,0.7,-35.928
CA-2016-158099,9/3/2016,Paul Knutson,East,Office Supplies,1141.47,5,0.7,-760.98
CA-2016-158099,9/3/2016,Paul Knutson,East,Technology,280.782,3,0.4,-46.797
CA-2015-131128,10/19/2015,Tracy Blumstein,East,Office Supplies,34.44,3,0,17.22
CA-2014-148488,12/10/2014,Sally Matthias,East,Office Supplies,11.36,2,0,5.2256
CA-2014-148488,12/10/2014,Sally Matthias,East,Office Supplies,106.344,7,0.2,37.2204
CA-2017-114636,8/25/2017,Guy Armstrong,South,Office Supplies,192.16,5,0.2,67.256
CA-2016-116736,1/17/2016,Chuck Clark,East,Furniture,322.59,3,0,64.518
CA-2016-116736,1/17/2016,Chuck Clark,East,Technology,29.99,1,0,13.1956
CA-2016-116736,1/17/2016,Chuck Clark,East,Technology,371.97,3,0,66.9546
US-2014-158638,9/17/2014,Anthony Garverick,East,Office Supplies,5.892,4,0.7,-4.1244
CA-2017-111689,11/30/2017,Harold Pawlan,East,Office Supplies,68.472,3,0.2,23.1093
CA-2017-111689,11/30/2017,Harold Pawlan,East,Furniture,1242.9,5,0.1,262.39
CA-2015-129098,10/9/2015,Dave Kipp,South,Office Supplies,30.84,2,0,8.3268
US-2017-123463,12/23/2017,Gary Zandusky,West,Office Supplies,13.48,4,0,5.9312
CA-2016-165148,10/22/2016,Peter McVee,Central,Furniture,31.4,5,0,10.048
CA-2014-134061,4/29/2014,Lauren Leatherbury,East,Furniture,17.46,2,0,5.9364
CA-2015-143602,4/25/2015,Jill Stevenson,West,Office Supplies,13.944,3,0.2,4.5318
CA-2017-115364,6/26/2017,Olvera Toch,West,Office Supplies,83.76,12,0,1.6752
CA-2017-150707,10/14/2017,Ed Ludwig,East,Office Supplies,37.66,7,0,18.4534
CA-2014-104976,12/9/2014,Cyma Kinney,West,Office Supplies,34.68,6,0,16.9932
CA-2017-132934,6/20/2017,Jeremy Ellison,East,Technology,149.95,5,0,14.995
CA-2017-132934,6/20/2017,Jeremy Ellison,East,Office Supplies,51.312,3,0.2,18.6006
CA-2017-133256,6/26/2017,Tracy Hopkins,Central,Office Supplies,4.54,1,0,2.043
CA-2017-133256,6/26/2017,Tracy Hopkins,Central,Office Supplies,15.92,4,0,5.4128
CA-2017-133256,6/26/2017,Tracy Hopkins,Central,Technology,543.92,8,0,135.98
CA-2016-105494,11/10/2016,Pamela Coakley,West,Office Supplies,155.82,7,0,42.0714
CA-2016-105494,11/10/2016,Pamela Coakley,West,Office Supplies,70.008,3,0.2,24.5028
CA-2016-140634,10/3/2016,Hunter Lopez,Central,Office Supplies,15.648,2,0.2,5.0856
CA-2014-144407,9/9/2014,Maribeth Schnelling,Central,Office Supplies,103.6,7,0,51.8
CA-2017-160983,10/29/2017,George Bell,East,Office Supplies,46.96,8,0,22.5408
US-2016-114622,4/10/2016,Justin Ritter,East,Office Supplies,8.904,2,0.7,-6.5296
CA-2017-150959,11/11/2017,Tamara Dahlen,Central,Office Supplies,10.44,5,0.2,3.393
CA-2017-150959,11/11/2017,Tamara Dahlen,Central,Office Supplies,18.336,4,0.8,-32.088
CA-2017-132353,9/15/2017,Dave Brooks,Central,Technology,323.976,3,0.2,20.2485
CA-2016-130477,4/8/2016,Logan Currie,West,Office Supplies,20.04,3,0,9.6192
CA-2016-130477,4/8/2016,Logan Currie,West,Office Supplies,64.96,2,0,2.5984
CA-2016-130477,4/8/2016,Logan Currie,West,Office Supplies,12.96,2,0,6.2208
CA-2017-143259,12/30/2017,Patrick O'Donnell,East,Furniture,323.136,4,0.2,12.1176
CA-2017-143259,12/30/2017,Patrick O'Donnell,East,Technology,90.93,7,0,2.7279
CA-2017-143259,12/30/2017,Patrick O'Donnell,East,Office Supplies,52.776,3,0.2,19.791
CA-2017-137596,9/2/2017,Bill Eplett,Central,Technology,1199.8,4,0,323.946
CA-2017-137596,9/2/2017,Bill Eplett,Central,Technology,1928.78,7,0,829.3754
CA-2017-137596,9/2/2017,Bill Eplett,Central,Office Supplies,352.38,2,0,81.0474
CA-2015-133627,5/31/2015,Sample Company A,East,Furniture,22.2,6,0,9.102
CA-2017-102519,11/27/2017,Brian Moss,Central,Furniture,46.94,1,0,19.2454
CA-2017-102519,11/27/2017,Brian Moss,Central,Technology,143.73,9,0,56.0547
US-2014-141215,6/15/2014,Kelly Lampkin,Central,Furniture,99.918,2,0.3,-18.5562
US-2014-141215,6/15/2014,Kelly Lampkin,Central,Furniture,797.944,4,0.3,-56.996
US-2014-141215,6/15/2014,Kelly Lampkin,Central,Office Supplies,8.568,3,0.8,-14.5656
CA-2016-165218,3/5/2016,Rob Williams,Central,Office Supplies,149.352,3,0.2,50.4063
CA-2016-165218,3/5/2016,Rob Williams,Central,Office Supplies,12.992,1,0.2,-0.812
CA-2014-138296,12/5/2014,Roy Collins,South,Office Supplies,24.56,2,0,6.8768
CA-2015-111164,4/11/2015,Sanjit Engle,East,Technology,85.14,3,0,34.9074
CA-2015-111164,4/11/2015,Sanjit Engle,East,Technology,21.99,1,0,10.5552
CA-2015-111164,4/11/2015,Sanjit Engle,East,Office Supplies,406.6,5,0,113.848
CA-2016-149797,9/15/2016,Adam Hart,East,Office Supplies,841.568,2,0.2,294.5488
CA-2014-132962,9/13/2014,Jessica Myrick,East,Office Supplies,15.552,3,0.2,5.4432
CA-2014-132962,9/13/2014,Jessica Myrick,East,Technology,252,5,0.2,53.55
CA-2015-115091,10/5/2015,Joel Jenkins,South,Office Supplies,46.2,4,0,12.936
CA-2015-115091,10/5/2015,Joel Jenkins,South,Office Supplies,28.84,2,0,9.5172
CA-2017-144932,4/14/2017,Alan Barnes,East,Office Supplies,14.592,3,0.2,2.5536
CA-2017-144932,4/14/2017,Alan Barnes,East,Office Supplies,89.856,3,0.2,21.3408
CA-2017-144932,4/14/2017,Alan Barnes,East,Office Supplies,13.872,3,0.2,5.0286
CA-2017-114216,9/2/2017,Ralph Kennedy,East,Office Supplies,12.192,3,0.2,4.1148
CA-2016-140081,6/20/2016,Catherine Glotzbach,East,Office Supplies,45.056,8,0.2,15.2064
CA-2016-140081,6/20/2016,Catherine Glotzbach,East,Office Supplies,29.718,6,0.7,-21.7932
CA-2016-140081,6/20/2016,Catherine Glotzbach,East,Office Supplies,15.552,3,0.2,5.4432
CA-2016-140081,6/20/2016,Catherine Glotzbach,East,Office Supplies,447.696,2,0.2,33.5772
US-2017-111745,11/5/2017,Ruben Ausman,West,Technology,159.99,1,0,54.3966
CA-2015-148250,12/13/2015,Rachel Payne,West,Office Supplies,12.96,2,0,6.2208
CA-2015-148250,12/13/2015,Rachel Payne,West,Office Supplies,134.48,4,0,34.9648
CA-2016-105760,6/19/2016,Karen Carlisle,West,Office Supplies,17.12,2,0,8.0464
CA-2016-142958,12/13/2016,Rob Williams,West,Office Supplies,6.096,2,0.2,2.2098
CA-2016-142958,12/13/2016,Rob Williams,West,Furniture,1114.272,4,0.2,41.7852
CA-2015-120880,5/29/2015,John Lucas,West,Office Supplies,32.4,5,0,15.552
CA-2015-120880,5/29/2015,John Lucas,West,Office Supplies,540.57,3,0,140.5482
CA-2015-120880,5/29/2015,John Lucas,West,Office Supplies,167.76,5,0.2,62.91
US-2015-140200,7/26/2015,Cynthia Arntzen,West,Furniture,393.165,3,0.5,-204.4458
US-2017-110576,11/28/2017,Ross Baird,East,Furniture,516.488,7,0.2,-12.9122
US-2017-110576,11/28/2017,Ross Baird,East,Furniture,1007.232,6,0.2,75.5424
US-2017-110576,11/28/2017,Ross Baird,East,Furniture,2065.32,12,0.4,-619.596
US-2017-110576,11/28/2017,Ross Baird,East,Office Supplies,15.552,3,0.2,5.4432
US-2017-110576,11/28/2017,Ross Baird,East,Office Supplies,25.344,6,0.2,7.92
CA-2017-131156,4/3/2017,Katherine Hughes,East,Furniture,25.472,4,0.2,7.6416
CA-2017-136539,12/28/2017,Greg Hansen,Central,Office Supplies,27.168,2,0.2,2.7168
CA-2017-136539,12/28/2017,Greg Hansen,Central,Furniture,78.8528,2,0.32,-11.596
CA-2017-119305,11/30/2017,Scott Williamson,South,Office Supplies,173.8,5,0,43.45
CA-2017-102414,5/15/2017,Joseph Airdo,West,Technology,29.592,1,0.2,2.5893
CA-2017-102414,5/15/2017,Joseph Airdo,West,Office Supplies,4.752,2,0.7,-3.168
CA-2017-102414,5/15/2017,Joseph Airdo,West,Office Supplies,15.552,3,0.2,5.6376
CA-2015-112571,9/22/2015,Daniel Lacy,West,Furniture,204.6,2,0,53.196
CA-2017-152142,11/14/2017,Lindsay Williams,West,Furniture,321.568,2,0.2,28.1372
CA-2015-160059,11/27/2015,Thomas Brumley,South,Office Supplies,6.24,2,0,3.0576
CA-2016-120859,9/1/2016,Cynthia Voltz,West,Office Supplies,21.88,2,0,10.94
CA-2014-127488,9/22/2014,Maribeth Schnelling,South,Office Supplies,4.608,2,0.2,1.6704
CA-2017-135279,4/9/2017,Bryan Spruell,East,Office Supplies,9.82,2,0,4.8118
CA-2017-135279,4/9/2017,Bryan Spruell,East,Office Supplies,35.97,3,0,9.7119
CA-2017-135279,4/9/2017,Bryan Spruell,East,Office Supplies,12.96,2,0,6.2208
CA-2017-135279,4/9/2017,Bryan Spruell,East,Office Supplies,191.6,4,0,91.968
CA-2017-135279,4/9/2017,Bryan Spruell,East,Office Supplies,8.64,3,0,4.2336
CA-2017-135279,4/9/2017,Bryan Spruell,East,Office Supplies,501.81,3,0,0
CA-2014-115791,1/16/2014,Delfina Latchford,East,Furniture,127.104,6,0.2,28.5984
CA-2014-115791,1/16/2014,Delfina Latchford,East,Technology,124.2,3,0.4,-31.05
CA-2014-115791,1/16/2014,Delfina Latchford,East,Office Supplies,18.588,2,0.7,-13.6312
CA-2014-115791,1/16/2014,Delfina Latchford,East,Office Supplies,30.072,3,0.2,10.1493
US-2017-103247,10/5/2017,Phillina Ober,East,Technology,160.93,7,0,3.2186
US-2017-103247,10/5/2017,Phillina Ober,East,Office Supplies,75.792,3,0.2,25.5798
US-2017-100209,7/9/2017,Tamara Dahlen,West,Office Supplies,1.08,2,0.7,-0.792
CA-2017-159366,1/7/2017,Bart Watters,Central,Technology,3059.982,2,0.1,679.996
CA-2016-145499,5/30/2016,Robert Waldorf,South,Office Supplies,3.282,2,0.7,-2.6256
CA-2015-157035,12/9/2015,Ken Brennan,Central,Office Supplies,34.02,3,0,16.6698
CA-2016-144939,10/3/2016,Emily Burns,East,Furniture,599.292,6,0.1,93.2232
CA-2014-163419,11/11/2014,Tracy Zic,West,Office Supplies,3.392,1,0.2,0.8056
CA-2014-163419,11/11/2014,Tracy Zic,West,Technology,559.984,2,0.2,55.9984
CA-2014-163419,11/11/2014,Tracy Zic,West,Furniture,603.92,5,0.2,75.49
CA-2017-100314,9/29/2017,Ann Steele,Central,Office Supplies,7.968,2,0.2,2.5896
CA-2017-100314,9/29/2017,Ann Steele,Central,Office Supplies,27.968,4,0.2,9.4392
CA-2017-100314,9/29/2017,Ann Steele,Central,Technology,336.51,3,0.4,44.868
CA-2015-146829,3/10/2015,Toby Swindell,Central,Office Supplies,1.112,2,0.8,-1.8904
CA-2017-167899,5/21/2017,John Grady,East,Furniture,520.05,5,0,72.807
CA-2017-167899,5/21/2017,John Grady,East,Office Supplies,17.97,3,0,5.2113
CA-2015-153549,3/29/2015,Sara Luxemburg,South,Furniture,1166.92,5,0.2,131.2785
CA-2016-110023,9/9/2016,Troy Staebel,East,Office Supplies,14.624,2,0.2,5.484
CA-2016-105585,8/26/2016,Roland Fjeld,West,Office Supplies,10.23,3,0,4.9104
CA-2016-105585,8/26/2016,Roland Fjeld,West,Office Supplies,154.9,5,0,69.705
CA-2014-117639,5/21/2014,Mitch Willingham,South,Office Supplies,2715.93,7,0,1276.4871
CA-2014-117639,5/21/2014,Mitch Willingham,South,Technology,617.97,3,0,173.0316
CA-2015-162537,10/28/2015,Rob Dowd,South,Office Supplies,10.67,1,0,4.9082
CA-2015-162537,10/28/2015,Rob Dowd,South,Office Supplies,36.63,3,0,9.8901
CA-2015-162537,10/28/2015,Rob Dowd,South,Furniture,24.1,5,0,9.158
CA-2015-162537,10/28/2015,Rob Dowd,South,Furniture,33.11,7,0,12.9129
CA-2016-155488,11/13/2016,Frank Merwin,West,Office Supplies,44.02,2,0,11.4452
CA-2015-124891,7/31/2015,Rick Hansen,East,Technology,2309.65,7,0,762.1845
CA-2015-124891,7/31/2015,Rick Hansen,East,Furniture,1090.782,7,0.4,-290.8752
CA-2015-124891,7/31/2015,Rick Hansen,East,Office Supplies,19.44,3,0,9.3312
CA-2015-126445,8/27/2015,Ryan Akin,West,Office Supplies,484.65,3,0,92.0835
CA-2015-111199,11/13/2015,Joe Kamberova,South,Office Supplies,115.296,3,0.2,40.3536
CA-2015-105312,11/6/2015,Meg Tillman,West,Office Supplies,7.08,3,0.2,2.478
CA-2015-105312,11/6/2015,Meg Tillman,West,Office Supplies,4.401,3,0.7,-3.5208
US-2017-106705,12/26/2017,Patrick O'Brill,Central,Office Supplies,44.75,5,0,20.585
CA-2017-135034,8/1/2017,Annie Thurman,Central,Technology,95.984,2,0.2,5.999
CA-2014-158540,11/24/2014,Vivek Gonzalez,West,Furniture,151.72,4,0,27.3096
CA-2017-118437,6/17/2017,Philip Fox,West,Furniture,155.25,3,0,46.575
CA-2017-118437,6/17/2017,Philip Fox,West,Office Supplies,14.03,1,0,4.0687
US-2015-126214,12/21/2015,John Stevenson,West,Furniture,1618.37,13,0,356.0414
US-2015-126214,12/21/2015,John Stevenson,West,Technology,99.6,1,0,36.852
CA-2015-133025,9/17/2015,Meg O'Connel,West,Office Supplies,32.4,5,0,15.552
CA-2015-108665,7/6/2015,Kalyca Meade,East,Furniture,13.96,2,0,6.7008
CA-2015-108665,7/6/2015,Kalyca Meade,East,Furniture,155.82,3,0,63.8862
CA-2015-108665,7/6/2015,Kalyca Meade,East,Technology,124.95,5,0,2.499
CA-2015-108665,7/6/2015,Kalyca Meade,East,Office Supplies,601.65,5,0,156.429
CA-2015-124450,4/27/2015,Greg Tran,East,Office Supplies,22.74,3,0,8.8686
CA-2015-124450,4/27/2015,Greg Tran,East,Furniture,1267.53,3,0,316.8825
CA-2015-124450,4/27/2015,Greg Tran,East,Technology,1379.92,8,0,648.5624
CA-2015-167269,6/16/2015,Philip Brown,East,Office Supplies,6.208,2,0.2,2.1728
CA-2017-106964,12/17/2017,Hallie Redmond,West,Office Supplies,11.808,2,0.2,4.2804
CA-2016-126529,1/11/2016,Deanra Eno,East,Office Supplies,15.552,3,0.2,5.4432
CA-2016-126529,1/11/2016,Deanra Eno,East,Office Supplies,63.312,3,0.2,20.5764
CA-2016-126529,1/11/2016,Deanra Eno,East,Technology,15.588,2,0.4,-9.8724
CA-2014-163552,7/11/2014,Laura Armstrong,East,Office Supplies,177.2,5,0,83.284
CA-2014-163552,7/11/2014,Laura Armstrong,East,Technology,197.97,3,0,57.4113
CA-2014-163552,7/11/2014,Laura Armstrong,East,Furniture,854.94,3,0,213.735
CA-2014-163552,7/11/2014,Laura Armstrong,East,Furniture,124.11,9,0,52.1262
CA-2014-163552,7/11/2014,Laura Armstrong,East,Office Supplies,14.4,5,0,7.056
CA-2016-109820,11/20/2016,Allen Goldenen,East,Office Supplies,15.696,3,0.2,5.1012
CA-2016-109820,11/20/2016,Allen Goldenen,East,Office Supplies,2.628,2,0.7,-1.9272
CA-2016-109820,11/20/2016,Allen Goldenen,East,Office Supplies,14.427,3,0.7,-10.5798
CA-2016-113061,4/22/2016,Ed Ludwig,Central,Furniture,86.62,2,0,8.662
CA-2015-127418,6/13/2015,Jennifer Jackson,West,Office Supplies,36.624,3,0.2,13.734
CA-2017-121818,11/20/2017,Jennifer Halladay,South,Office Supplies,23.968,7,0.2,2.6964
CA-2017-121818,11/20/2017,Jennifer Halladay,South,Office Supplies,28.728,3,0.2,1.7955
CA-2016-127670,3/20/2016,Robert Dilbeck,Central,Furniture,697.16,4,0,146.4036
CA-2016-102981,9/6/2016,Mary O'Rourke,East,Technology,31.86,2,0,11.151
CA-2016-102981,9/6/2016,Mary O'Rourke,East,Furniture,722.352,3,0.2,90.294
CA-2017-115651,7/9/2017,Noel Staavos,Central,Office Supplies,8.84,5,0.2,2.9835
CA-2017-115651,7/9/2017,Noel Staavos,Central,Office Supplies,58.464,9,0.8,-146.16
CA-2017-152702,10/12/2017,Steve Nguyen,Central,Furniture,254.604,14,0.3,-18.186
CA-2016-169103,3/8/2016,Zuschuss Carroll,South,Technology,1363.96,5,0.2,85.2475
CA-2016-169103,3/8/2016,Zuschuss Carroll,South,Furniture,102.36,3,0.2,-3.8385
CA-2014-139192,5/27/2014,Lena Creighton,West,Technology,1113.504,12,0.2,125.2692
CA-2014-139192,5/27/2014,Lena Creighton,West,Technology,99.99,1,0,37.9962
US-2015-153500,7/3/2015,Deirdre Greer,East,Furniture,168.464,2,0.2,-29.4812
US-2015-153500,7/3/2015,Deirdre Greer,East,Office Supplies,6.72,2,0.2,2.436
US-2015-153500,7/3/2015,Deirdre Greer,East,Furniture,282.888,9,0.2,56.5776
CA-2015-110667,4/4/2015,Nicole Fjeld,East,Office Supplies,11.16,2,0,4.3524
CA-2015-110667,4/4/2015,Nicole Fjeld,East,Furniture,108.4,2,0,22.764
CA-2015-110667,4/4/2015,Nicole Fjeld,East,Office Supplies,82.344,3,0.2,27.7911
CA-2015-110667,4/4/2015,Nicole Fjeld,East,Office Supplies,9.088,4,0.2,3.2944
CA-2017-167150,12/10/2017,Ben Peterman,West,Office Supplies,19.936,4,0.2,7.2268
CA-2017-167150,12/10/2017,Ben Peterman,West,Office Supplies,65.568,2,0.2,22.9488
CA-2016-105284,11/24/2016,Matthew Grinstein,East,Office Supplies,4.416,3,0.2,1.6008
US-2015-125374,3/23/2015,Julia Dunbar,Central,Furniture,107.772,2,0.3,-29.2524
CA-2015-161263,4/16/2015,Theresa Swint,East,Office Supplies,45.216,3,0.2,4.5216
CA-2015-161263,4/16/2015,Theresa Swint,East,Office Supplies,10.416,7,0.2,-2.2134
CA-2015-161263,4/16/2015,Theresa Swint,East,Office Supplies,7.872,3,0.2,1.2792
CA-2015-161263,4/16/2015,Theresa Swint,East,Technology,118.782,3,0.4,-27.7158
CA-2015-161263,4/16/2015,Theresa Swint,East,Office Supplies,1.448,1,0.2,0.2353
CA-2015-161263,4/16/2015,Theresa Swint,East,Office Supplies,55.47,5,0.7,-46.225
CA-2016-157686,10/1/2016,Brian DeCherney,West,Furniture,194.848,4,0.2,12.178
US-2017-139955,9/28/2017,Charles McCrossin,Central,Office Supplies,1.744,1,0.2,-0.3488
US-2015-150161,7/25/2015,Ross Baird,East,Office Supplies,25.176,4,0.7,-18.4624
CA-2015-144652,11/20/2015,Skye Norling,West,Office Supplies,19.46,7,0,5.0596
CA-2016-152814,4/28/2016,Erica Hernandez,West,Office Supplies,29.472,3,0.2,9.9468
CA-2017-106943,11/14/2017,Frank Olsen,East,Office Supplies,8.64,2,0.2,3.024
CA-2016-134348,11/12/2016,Maurice Satty,West,Office Supplies,6.27,5,0.7,-4.598
CA-2016-134348,11/12/2016,Maurice Satty,West,Office Supplies,4.368,7,0.7,-3.3488
CA-2016-134348,11/12/2016,Maurice Satty,West,Technology,31.984,2,0.2,1.999
CA-2016-161781,9/29/2016,Chad Cunningham,Central,Office Supplies,40.88,7,0,10.6288
CA-2017-132521,9/23/2017,Don Weiss,West,Office Supplies,119.96,2,0,33.5888
CA-2017-132521,9/23/2017,Don Weiss,West,Office Supplies,31.44,3,0,8.4888
CA-2017-132521,9/23/2017,Don Weiss,West,Office Supplies,6.88,1,0.2,2.322
CA-2015-110016,11/29/2015,Bill Tyler,Central,Office Supplies,19.92,4,0,9.3624
CA-2015-110016,11/29/2015,Bill Tyler,Central,Furniture,1106.91,9,0,121.7601
US-2016-143819,3/1/2016,Karen Daniels,East,Furniture,836.592,8,0.4,-264.9208
US-2016-143819,3/1/2016,Karen Daniels,East,Office Supplies,26.38,1,0,12.1348
US-2016-143819,3/1/2016,Karen Daniels,East,Office Supplies,362.92,2,0,105.2468
US-2016-143819,3/1/2016,Karen Daniels,East,Technology,4899.93,7,0,2400.9657
CA-2016-167584,8/12/2016,Lena Cacioppo,Central,Office Supplies,6.48,1,0,3.1104
CA-2016-166163,8/15/2016,Craig Yedwab,West,Technology,71.976,3,0.2,7.1976
CA-2016-166163,8/15/2016,Craig Yedwab,West,Office Supplies,3.15,1,0,1.512
CA-2017-158407,6/4/2017,Lindsay Williams,South,Furniture,31.984,2,0.2,1.999
CA-2017-158407,6/4/2017,Lindsay Williams,South,Technology,71.984,2,0.2,25.1944
CA-2015-143490,12/6/2015,Naresj Patel,West,Office Supplies,120.15,9,0,33.642
CA-2015-143490,12/6/2015,Naresj Patel,West,Technology,219.184,2,0.2,19.1786
CA-2015-165085,12/27/2015,Brad Thomas,East,Office Supplies,28.9,5,0,14.161
CA-2015-165085,12/27/2015,Brad Thomas,East,Office Supplies,355.96,2,0,103.2284
CA-2017-160423,1/21/2017,Penelope Sewall,South,Office Supplies,348.208,7,0.2,30.4682
CA-2017-160423,1/21/2017,Penelope Sewall,South,Office Supplies,35.784,7,0.7,-28.6272
CA-2014-159338,6/25/2014,Noel Staavos,West,Furniture,447.84,5,0.2,11.196
CA-2016-107216,6/14/2016,Paul Van Hugh,West,Office Supplies,7.04,4,0,2.0416
CA-2016-107216,6/14/2016,Paul Van Hugh,West,Furniture,8.73,3,0,4.1031
CA-2016-107216,6/14/2016,Paul Van Hugh,West,Technology,29.29,1,0,9.6657
CA-2016-107216,6/14/2016,Paul Van Hugh,West,Office Supplies,8.64,3,0,2.5056
US-2017-145863,4/21/2017,Resi Pölking,Central,Office Supplies,2.694,3,0.8,-4.7145
US-2017-145863,4/21/2017,Resi Pölking,Central,Office Supplies,2.934,3,0.8,-4.9878
CA-2016-112340,10/21/2016,Neoma Murray,West,Office Supplies,22.92,3,0,11.2308
US-2016-110156,11/19/2016,Eric Hoffmann,Central,Office Supplies,100.704,6,0.2,-16.3644
US-2016-110156,11/19/2016,Eric Hoffmann,Central,Furniture,2.328,2,0.6,-0.7566
US-2016-110156,11/19/2016,Eric Hoffmann,Central,Office Supplies,10.78,5,0.8,-17.248
US-2016-110156,11/19/2016,Eric Hoffmann,Central,Office Supplies,58.368,12,0.2,21.888
US-2016-110156,11/19/2016,Eric Hoffmann,Central,Office Supplies,40.968,3,0.2,13.8267
US-2016-110156,11/19/2016,Eric Hoffmann,Central,Technology,71.96,5,0.2,25.186
US-2016-110156,11/19/2016,Eric Hoffmann,Central,Office Supplies,10.368,2,0.2,3.6288
US-2016-110156,11/19/2016,Eric Hoffmann,Central,Office Supplies,1.192,2,0.8,-2.0264
CA-2017-140585,12/18/2017,Russell Applegate,West,Office Supplies,46.672,2,0.2,16.3352
CA-2017-140585,12/18/2017,Russell Applegate,West,Furniture,119.833,1,0.15,-12.6882
CA-2017-140585,12/18/2017,Russell Applegate,West,Technology,119.98,2,0,57.5904
CA-2016-144855,7/22/2016,Dionis Lloyd,West,Office Supplies,6.3,2,0,3.024
CA-2015-142755,9/4/2015,Christine Sundaresam,South,Office Supplies,279.9,5,0,137.151
CA-2015-142755,9/4/2015,Christine Sundaresam,South,Technology,619.95,5,0,111.591
CA-2015-142755,9/4/2015,Christine Sundaresam,South,Office Supplies,4.36,2,0,2.0492
CA-2015-142755,9/4/2015,Christine Sundaresam,South,Office Supplies,15.28,2,0,7.4872
US-2014-147627,1/20/2014,Hunter Lopez,South,Technology,699.93,7,0,181.9818
US-2014-147627,1/20/2014,Hunter Lopez,South,Office Supplies,22.96,7,0,6.6584
US-2014-147627,1/20/2014,Hunter Lopez,South,Furniture,38.6,4,0,11.58
US-2014-147627,1/20/2014,Hunter Lopez,South,Office Supplies,6.63,3,0,1.7901
US-2014-147627,1/20/2014,Hunter Lopez,South,Office Supplies,23.34,3,0,10.9698
US-2014-147627,1/20/2014,Hunter Lopez,South,Furniture,1067.94,3,0,224.2674
CA-2015-105970,3/2/2015,Pete Armstrong,Central,Office Supplies,10.16,1,0,2.6416
CA-2015-105970,3/2/2015,Pete Armstrong,Central,Office Supplies,101.88,6,0,50.94
CA-2016-112102,4/12/2016,Brian Dahlen,South,Furniture,343.92,4,0,75.6624
CA-2016-112102,4/12/2016,Brian Dahlen,South,Office Supplies,40.99,1,0,20.0851
CA-2016-112102,4/12/2016,Brian Dahlen,South,Office Supplies,63.9,5,0,28.755
US-2016-114776,12/6/2016,Greg Guthrie,West,Office Supplies,19.44,3,0,9.3312
US-2016-134908,6/5/2016,Joni Sundaresam,East,Office Supplies,124.608,4,0.2,-23.364
US-2016-134908,6/5/2016,Joni Sundaresam,East,Office Supplies,7.56,3,0.2,2.646
US-2016-148803,12/11/2016,Lena Radford,South,Office Supplies,85.224,3,0.2,7.4571
CA-2016-152170,11/12/2016,Frank Hawley,Central,Office Supplies,287.52,8,0,129.384
CA-2016-152170,11/12/2016,Frank Hawley,Central,Office Supplies,37.68,2,0,10.5504
CA-2016-152170,11/12/2016,Frank Hawley,Central,Office Supplies,19.98,2,0,8.991
CA-2016-152170,11/12/2016,Frank Hawley,Central,Office Supplies,20.58,7,0,5.5566
CA-2016-152170,11/12/2016,Frank Hawley,Central,Office Supplies,17.38,2,0,8.69
CA-2014-146969,9/29/2014,Arthur Prichep,West,Furniture,204.6,2,0,53.196
CA-2014-146969,9/29/2014,Arthur Prichep,West,Office Supplies,8.72,4,0,2.8776
CA-2014-146969,9/29/2014,Arthur Prichep,West,Office Supplies,6.48,1,0,3.1104
CA-2014-146969,9/29/2014,Arthur Prichep,West,Technology,686.32,2,0.2,223.054
CA-2014-146969,9/29/2014,Arthur Prichep,West,Office Supplies,62.18,1,0,16.7886
CA-2015-112452,4/4/2015,Nat Carroll,Central,Office Supplies,644.076,2,0.1,107.346
CA-2015-112452,4/4/2015,Nat Carroll,Central,Office Supplies,5.84,2,0,2.628
CA-2015-112452,4/4/2015,Nat Carroll,Central,Office Supplies,12.76,2,0,5.8696
CA-2015-112452,4/4/2015,Nat Carroll,Central,Technology,10.95,1,0,0.438
CA-2015-112452,4/4/2015,Nat Carroll,Central,Technology,599.98,2,0,209.993
CA-2015-113971,5/8/2015,Claudia Bergmann,East,Furniture,8.352,6,0.2,1.2528
CA-2017-160395,12/31/2016,Kelly Lampkin,West,Office Supplies,3.64,2,0,1.638
CA-2017-160395,12/31/2016,Kelly Lampkin,West,Office Supplies,159.768,7,0.2,53.9217
CA-2014-136567,12/20/2014,Penelope Sewall,South,Office Supplies,122.48,2,0,0
CA-2014-136567,12/20/2014,Penelope Sewall,South,Furniture,2244.48,7,0,493.7856
CA-2014-136567,12/20/2014,Penelope Sewall,South,Office Supplies,62.31,3,0,29.2857
CA-2014-136567,12/20/2014,Penelope Sewall,South,Furniture,455.1,2,0,100.122
CA-2016-149314,7/2/2016,George Bell,West,Furniture,195.184,1,0.2,19.5184
CA-2017-147039,6/29/2017,Alex Avila,Central,Office Supplies,362.94,3,0,90.735
CA-2017-147039,6/29/2017,Alex Avila,Central,Office Supplies,11.54,2,0,5.77
CA-2014-126522,9/1/2014,Larry Tron,West,Office Supplies,53.94,3,0,15.6426
CA-2014-127964,3/3/2014,Anne Pryor,East,Technology,9.99,1,0,4.5954
CA-2014-127964,3/3/2014,Anne Pryor,East,Office Supplies,125.76,3,0.2,40.872
CA-2014-127964,3/3/2014,Anne Pryor,East,Office Supplies,25.32,5,0.2,9.1785
CA-2014-117709,5/4/2014,Paul MacIntyre,Central,Office Supplies,46.8,4,0,21.06
CA-2015-125416,11/2/2015,Kelly Collister,West,Technology,447.93,9,0,49.2723
CA-2017-145226,12/8/2017,Delfina Latchford,East,Furniture,109.48,2,0,33.9388
CA-2017-145226,12/8/2017,Delfina Latchford,East,Office Supplies,272.94,3,0,0
CA-2017-145226,12/8/2017,Delfina Latchford,East,Office Supplies,19.44,3,0,9.3312
CA-2017-145226,12/8/2017,Delfina Latchford,East,Office Supplies,31.92,4,0,8.2992
US-2014-100279,3/10/2014,Scott Williamson,Central,Office Supplies,22.38,2,0,10.7424
CA-2014-158064,4/21/2014,Allen Armold,West,Office Supplies,16.52,5,0.2,5.5755
US-2015-104430,10/22/2015,Liz Thompson,Central,Office Supplies,5.176,4,0.8,-7.764
CA-2015-132080,8/22/2015,Dave Poirier,East,Office Supplies,50.112,6,0.2,16.2864
CA-2016-161207,8/29/2016,Adam Bellavance,East,Office Supplies,27.93,3,0,8.0997
CA-2014-120243,12/27/2014,Alyssa Tate,West,Office Supplies,11.56,4,0,5.4332
CA-2016-113621,12/1/2016,Joel Eaton,East,Furniture,172.5,2,0,51.75
CA-2016-113621,12/1/2016,Joel Eaton,East,Technology,179.97,3,0,44.9925
CA-2016-168081,4/24/2016,Cathy Armstrong,Central,Technology,258.696,3,0.2,64.674
CA-2014-128146,6/21/2014,Dave Brooks,East,Technology,1322.93,7,0,357.1911
CA-2014-128146,6/21/2014,Dave Brooks,East,Office Supplies,3.76,2,0,1.0904
CA-2017-138779,1/14/2017,Rob Beeghly,South,Office Supplies,21.744,1,0.2,7.3386
CA-2017-138779,1/14/2017,Rob Beeghly,South,Technology,7.92,5,0.2,0.693
CA-2014-127131,11/24/2014,Harold Ryan,West,Office Supplies,12.096,7,0.2,4.2336
CA-2014-127131,11/24/2014,Harold Ryan,West,Office Supplies,485.88,6,0,9.7176
CA-2014-127131,11/24/2014,Harold Ryan,West,Office Supplies,25.92,4,0,12.4416
CA-2014-127131,11/24/2014,Harold Ryan,West,Office Supplies,197.58,2,0,53.3466
CA-2017-117212,2/26/2017,Bradley Talbott,West,Office Supplies,81.92,4,0,22.1184
CA-2017-117212,2/26/2017,Bradley Talbott,West,Technology,889.536,8,0.2,66.7152
CA-2017-117212,2/26/2017,Bradley Talbott,West,Furniture,892.224,3,0.2,89.2224
CA-2017-117212,2/26/2017,Bradley Talbott,West,Office Supplies,223.92,4,0,109.7208
CA-2017-117212,2/26/2017,Bradley Talbott,West,Office Supplies,23.12,4,0,11.3288
US-2015-130519,9/15/2015,Nat Gilpin,South,Office Supplies,15.552,3,0.2,5.4432
US-2015-130519,9/15/2015,Nat Gilpin,South,Furniture,15.712,4,0.2,2.5532
US-2015-130519,9/15/2015,Nat Gilpin,South,Office Supplies,24.672,2,0.2,2.1588
US-2015-130519,9/15/2015,Nat Gilpin,South,Furniture,55.968,1,0.2,-2.0988
CA-2016-130946,4/8/2016,Zuschuss Carroll,Central,Technology,431.928,9,0.2,64.7892
CA-2016-130946,4/8/2016,Zuschuss Carroll,Central,Furniture,95.984,4,0.3,-4.1136
CA-2016-130946,4/8/2016,Zuschuss Carroll,Central,Office Supplies,1088.792,4,0.8,-1850.9464
CA-2016-114727,7/18/2016,Linda Southworth,West,Furniture,544.008,3,0.2,40.8006
CA-2016-114727,7/18/2016,Linda Southworth,West,Office Supplies,1.872,3,0.7,-1.4352
CA-2016-114727,7/18/2016,Linda Southworth,West,Furniture,854.352,3,0.2,10.6794
CA-2016-114727,7/18/2016,Linda Southworth,West,Office Supplies,593.568,2,0.2,0
CA-2016-114727,7/18/2016,Linda Southworth,West,Office Supplies,338.04,3,0.2,-33.804
CA-2017-133235,8/1/2017,Larry Hughes,South,Technology,271.96,5,0.2,16.9975
CA-2016-137050,7/14/2016,Steven Ward,East,Office Supplies,11.21,1,0,3.363
CA-2016-137050,7/14/2016,Steven Ward,East,Office Supplies,9.144,3,0.2,3.2004
CA-2016-137050,7/14/2016,Steven Ward,East,Office Supplies,14.07,7,0,6.8943
CA-2016-137050,7/14/2016,Steven Ward,East,Office Supplies,41.86,7,0,10.465
CA-2016-137050,7/14/2016,Steven Ward,East,Office Supplies,8.544,2,0.2,2.8836
CA-2016-137050,7/14/2016,Steven Ward,East,Furniture,579.136,4,0.2,21.7176
US-2017-118087,9/9/2017,Stefania Perrino,East,Furniture,141.372,2,0.3,-48.4704
US-2017-118087,9/9/2017,Stefania Perrino,East,Office Supplies,3.036,2,0.7,-2.3276
US-2017-118087,9/9/2017,Stefania Perrino,East,Office Supplies,4.503,1,0.7,-3.6024
US-2017-118087,9/9/2017,Stefania Perrino,East,Office Supplies,4.672,1,0.2,1.5768
US-2017-118087,9/9/2017,Stefania Perrino,East,Technology,95.88,3,0.2,28.764
US-2017-118087,9/9/2017,Stefania Perrino,East,Furniture,17.024,2,0.2,1.7024
US-2017-118087,9/9/2017,Stefania Perrino,East,Technology,258.696,3,0.2,64.674
US-2017-118087,9/9/2017,Stefania Perrino,East,Technology,1931.958,7,0.4,-386.3916
CA-2014-110184,7/12/2014,Ben Ferrer,West,Office Supplies,249.75,9,0,44.955
CA-2014-110184,7/12/2014,Ben Ferrer,West,Technology,255.936,8,0.2,28.7928
CA-2016-126004,12/4/2016,Becky Martin,East,Furniture,113.79,3,0,20.4822
CA-2016-126004,12/4/2016,Becky Martin,East,Technology,78.15,1,0,34.386
CA-2016-126004,12/4/2016,Becky Martin,East,Office Supplies,1.728,1,0.2,0.6048
CA-2016-126004,12/4/2016,Becky Martin,East,Office Supplies,40.56,4,0,19.8744
CA-2016-126004,12/4/2016,Becky Martin,East,Office Supplies,182.94,3,0,3.6588
CA-2016-126004,12/4/2016,Becky Martin,East,Office Supplies,193.86,2,0,11.6316
CA-2017-100013,11/6/2017,Zuschuss Carroll,West,Office Supplies,15.28,2,0,7.4872
CA-2017-100013,11/6/2017,Zuschuss Carroll,West,Furniture,8.73,1,0,2.9682
CA-2017-100013,11/6/2017,Zuschuss Carroll,West,Office Supplies,5.68,2,0,1.7608
CA-2015-132570,10/31/2015,Kean Thornton,East,Office Supplies,2.78,2,0,0.7228
CA-2015-132570,10/31/2015,Kean Thornton,East,Office Supplies,79.96,2,0,35.982
CA-2016-153682,5/30/2016,Brooke Gillingham,East,Technology,839.988,2,0.4,69.999
CA-2016-144344,10/28/2016,Patrick Gardner,South,Furniture,47.952,3,0.2,13.7862
CA-2016-144344,10/28/2016,Patrick Gardner,South,Office Supplies,37.425,5,0.7,-29.94
CA-2016-144344,10/28/2016,Patrick Gardner,South,Furniture,63.968,2,0.2,0
CA-2016-144344,10/28/2016,Patrick Gardner,South,Furniture,165.048,3,0.2,41.262
CA-2014-127012,8/11/2014,Greg Matthias,West,Furniture,12.35,1,0,5.434
CA-2014-127012,8/11/2014,Greg Matthias,West,Office Supplies,40.97,1,0,10.6522
CA-2014-127012,8/11/2014,Greg Matthias,West,Office Supplies,22.96,2,0,10.7912
CA-2016-128727,8/29/2016,Meg O'Connel,East,Technology,22,4,0,5.5
US-2016-162859,2/15/2016,Patrick Gardner,East,Office Supplies,398.352,3,0.2,124.485
US-2016-162859,2/15/2016,Patrick Gardner,East,Office Supplies,8.72,4,0,3.5752
CA-2017-133641,5/14/2017,Eva Jacobs,South,Office Supplies,48.69,9,0,23.8581
CA-2014-168494,12/12/2014,Nora Preis,West,Furniture,764.688,6,0.2,95.586
CA-2014-168494,12/12/2014,Nora Preis,West,Furniture,3610.848,12,0.2,135.4068
CA-2014-168494,12/12/2014,Nora Preis,West,Furniture,254.9745,3,0.15,11.9988
CA-2017-115602,12/18/2017,Doug Jacobs,East,Office Supplies,38.82,6,0,17.469
CA-2017-115602,12/18/2017,Doug Jacobs,East,Furniture,1141.938,9,0.1,139.5702
CA-2017-115602,12/18/2017,Doug Jacobs,East,Office Supplies,1704.56,13,0,511.368
CA-2017-115602,12/18/2017,Doug Jacobs,East,Office Supplies,3.2,2,0,1.376
CA-2015-154956,7/4/2015,Irene Maddox,Central,Technology,1099.96,4,0,285.9896
CA-2017-144638,3/10/2017,Mick Hernandez,East,Office Supplies,5.248,2,0.2,0.5904
CA-2017-144638,3/10/2017,Mick Hernandez,East,Technology,35.91,3,0.4,-8.379
CA-2017-144638,3/10/2017,Mick Hernandez,East,Furniture,6.696,1,0.2,0.5022
CA-2017-144638,3/10/2017,Mick Hernandez,East,Furniture,43.872,2,0.2,11.5164
US-2016-168620,12/24/2016,Ross Baird,South,Office Supplies,27.882,3,0.7,-20.4468
US-2016-168620,12/24/2016,Ross Baird,South,Office Supplies,540.048,3,0.2,-47.2542
US-2016-168620,12/24/2016,Ross Baird,South,Technology,255.68,8,0.2,76.704
CA-2017-117079,10/23/2017,Jocasta Rupert,South,Technology,863.88,3,0.2,107.985
US-2016-144393,10/28/2016,Suzanne McNair,South,Office Supplies,17.616,4,0.7,-14.0928
CA-2017-105053,7/7/2017,Christine Sundaresam,East,Office Supplies,17.472,3,0.2,6.3336
CA-2016-155992,10/1/2016,Chris Cortes,Central,Technology,69.9,2,0,18.873
CA-2016-155992,10/1/2016,Chris Cortes,Central,Furniture,41.85,5,0,10.881
CA-2017-110380,9/2/2017,Phillip Flathmann,West,Office Supplies,6.57,3,0,1.7739
US-2014-167738,12/24/2014,Julie Creighton,West,Office Supplies,142.86,1,0,41.4294
US-2014-167738,12/24/2014,Julie Creighton,West,Furniture,292.272,6,0.2,18.267
CA-2017-121412,9/23/2017,Brooke Gillingham,West,Furniture,29.328,3,0.2,3.666
CA-2017-100426,6/4/2017,Dan Campbell,South,Office Supplies,12.48,2,0,5.616
US-2016-103646,4/21/2016,Sibella Parks,Central,Office Supplies,102.336,4,0.2,-12.792
US-2016-103646,4/21/2016,Sibella Parks,Central,Office Supplies,48.792,3,0.8,-126.8592
US-2016-103646,4/21/2016,Sibella Parks,Central,Office Supplies,44.848,8,0.8,-67.272
CA-2016-119186,5/26/2016,Maurice Satty,Central,Office Supplies,10.368,2,0.2,3.6288
CA-2016-119186,5/26/2016,Maurice Satty,Central,Furniture,388.43,5,0.3,-88.784
CA-2016-119186,5/26/2016,Maurice Satty,Central,Office Supplies,14.352,3,0.2,5.2026
CA-2016-119186,5/26/2016,Maurice Satty,Central,Technology,63.992,1,0.2,-7.1991
CA-2016-148698,5/2/2016,Bryan Davis,Central,Office Supplies,86.352,3,0.2,5.397
CA-2014-163293,9/8/2014,Karen Carlisle,South,Technology,32.97,3,0,12.8583
CA-2014-163293,9/8/2014,Karen Carlisle,South,Technology,83.88,4,0,30.1968
CA-2016-160815,9/5/2016,Toby Ritter,Central,Technology,278.4,3,0,80.736
CA-2017-122154,4/9/2017,Sue Ann Reed,South,Office Supplies,15.12,3,0.2,4.914
CA-2017-122154,4/9/2017,Sue Ann Reed,South,Office Supplies,17.43,1,0.7,-13.363
CA-2017-122154,4/9/2017,Sue Ann Reed,South,Office Supplies,251.64,3,0.2,88.074
US-2015-149692,12/6/2015,Katrina Willman,Central,Office Supplies,2.772,7,0.8,-4.851
CA-2016-119445,6/26/2016,Gene McClure,East,Office Supplies,14.9,5,0,1.043
CA-2015-124268,7/4/2015,Alan Dominguez,East,Office Supplies,15.48,3,0,4.4892
CA-2016-154711,11/22/2016,Todd Boyes,East,Furniture,39.88,2,0,11.1664
CA-2016-154711,11/22/2016,Todd Boyes,East,Office Supplies,12.192,4,0.2,4.1148
CA-2016-154711,11/22/2016,Todd Boyes,East,Office Supplies,20.82,3,0,7.4952
CA-2016-163384,11/10/2016,Chuck Clark,West,Office Supplies,13.216,4,0.2,4.4604
CA-2016-163384,11/10/2016,Chuck Clark,West,Office Supplies,32.4,5,0,15.552
CA-2015-101707,8/27/2015,Philip Fox,West,Office Supplies,32.94,3,0,9.2232
CA-2015-101707,8/27/2015,Philip Fox,West,Office Supplies,114.2,5,0,52.532
CA-2015-101707,8/27/2015,Philip Fox,West,Office Supplies,3.08,1,0,1.4784
CA-2015-138898,5/25/2015,Justin Hirsh,West,Office Supplies,845.728,13,0.2,84.5728
CA-2017-115427,12/30/2017,Erica Bern,West,Office Supplies,13.904,2,0.2,4.5188
CA-2017-115427,12/30/2017,Erica Bern,West,Office Supplies,20.72,2,0.2,6.475
CA-2016-134425,12/8/2016,Quincy Jones,Central,Technology,114.95,5,0,2.299
CA-2015-121391,10/4/2015,Alex Avila,West,Office Supplies,26.96,2,0,7.0096
CA-2016-137043,12/23/2016,Logan Currie,South,Furniture,572.76,6,0,166.1004
CA-2016-137043,12/23/2016,Logan Currie,South,Furniture,286.38,3,0,83.0502
CA-2015-115847,9/19/2015,Tracy Collins,South,Furniture,61.96,2,0,4.3372
US-2017-126179,7/3/2017,Chuck Sachs,South,Furniture,23.99,1,0,5.5177
US-2017-126179,7/3/2017,Chuck Sachs,South,Technology,287.97,3,0,77.7519
CA-2016-101966,7/14/2016,Bryan Mills,Central,Technology,419.944,7,0.2,52.493
CA-2016-141397,6/20/2016,Roy Collins,West,Office Supplies,46.76,7,0,22.4448
CA-2016-141397,6/20/2016,Roy Collins,West,Office Supplies,17.712,3,0.2,6.4206
CA-2016-141397,6/20/2016,Roy Collins,West,Office Supplies,21.78,2,0,5.6628
CA-2016-141397,6/20/2016,Roy Collins,West,Office Supplies,161.94,3,0,9.7164
CA-2016-141397,6/20/2016,Roy Collins,West,Furniture,161.568,2,0.2,-8.0784
CA-2016-141082,12/9/2016,Fred McMath,East,Office Supplies,3.69,1,0,1.7343
CA-2016-141082,12/9/2016,Fred McMath,East,Office Supplies,122.12,4,0,56.1752
US-2016-134488,9/24/2016,Pete Kriz,East,Furniture,155.372,2,0.3,-13.3176
CA-2016-145919,12/18/2016,Henry Goldwyn,West,Office Supplies,38.88,6,0,18.6624
CA-2016-145919,12/18/2016,Henry Goldwyn,West,Furniture,183.84,8,0,62.5056
CA-2016-145919,12/18/2016,Henry Goldwyn,West,Office Supplies,579.3,5,0,28.965
CA-2017-157651,12/10/2017,Helen Andreada,East,Technology,14.2,1,0.2,3.3725
CA-2014-160773,7/1/2014,Laurel Workman,South,Technology,575.92,2,0.2,71.99
CA-2014-160773,7/1/2014,Laurel Workman,South,Office Supplies,5.184,6,0.7,-3.6288
CA-2017-167703,2/3/2017,Matt Collins,East,Office Supplies,5.229,3,0.7,-4.1832
CA-2017-167703,2/3/2017,Matt Collins,East,Office Supplies,285.552,2,0.2,35.694
CA-2017-121804,3/3/2017,Liz Preis,South,Office Supplies,72.8,5,0,19.656
CA-2017-162635,10/9/2017,Evan Bailliet,South,Office Supplies,10.816,4,0.2,3.5152
CA-2014-107153,9/28/2014,George Zrebassa,East,Office Supplies,46.26,3,0,12.4902
US-2014-117058,5/27/2014,Laurel Elliston,Central,Office Supplies,17.46,6,0.8,-30.555
CA-2015-120439,6/14/2015,Alan Dominguez,East,Furniture,51.072,6,0.2,5.1072
CA-2016-128258,3/30/2016,Cathy Prescott,East,Office Supplies,11.34,1,0,5.5566
CA-2017-106033,10/15/2017,Frank Gastineau,West,Office Supplies,87.92,4,0,26.376
CA-2016-142762,5/23/2016,Lisa DeCherney,West,Furniture,37.05,3,0,16.302
CA-2017-127705,6/2/2017,Alejandro Ballentine,East,Technology,2.97,1,0.4,-0.6435
CA-2017-127705,6/2/2017,Alejandro Ballentine,East,Office Supplies,27.44,2,0.2,2.401
CA-2014-122567,2/16/2014,Michael Nguyen,Central,Office Supplies,1.08,3,0.8,-1.728
CA-2014-122567,2/16/2014,Michael Nguyen,Central,Office Supplies,7.96,2,0.8,-13.93
CA-2014-121664,5/6/2014,Harold Pawlan,West,Office Supplies,140.736,8,0.2,52.776
CA-2016-122133,5/16/2016,Jim Radford,East,Office Supplies,552.56,4,0,0
US-2017-123281,4/2/2017,Jamie Frazer,West,Furniture,25.11,3,0,6.5286
CA-2017-100524,3/31/2017,Chad McGuire,East,Furniture,29.78,2,0,8.0406
CA-2017-100524,3/31/2017,Chad McGuire,East,Technology,677.58,3,0,176.1708
CA-2017-100524,3/31/2017,Chad McGuire,East,Office Supplies,75.04,8,0,36.0192
CA-2017-113481,1/2/2017,Aaron Smayling,South,Technology,695.7,2,0.5,-27.828
CA-2017-113481,1/2/2017,Aaron Smayling,South,Office Supplies,15.66,5,0.7,-12.528
CA-2017-113481,1/2/2017,Aaron Smayling,South,Office Supplies,28.854,6,0.7,-21.1596
CA-2015-131758,5/28/2015,Karl Braun,East,Office Supplies,47.82,3,0,14.346
CA-2015-131758,5/28/2015,Karl Braun,East,Office Supplies,13.05,5,0,6.003
CA-2014-118339,3/17/2014,Bradley Nguyen,Central,Office Supplies,93.78,2,0,36.5742
CA-2014-118339,3/17/2014,Bradley Nguyen,Central,Office Supplies,47.18,7,0,23.59
CA-2014-118339,3/17/2014,Bradley Nguyen,Central,Office Supplies,19.68,6,0,5.7072
CA-2014-118339,3/17/2014,Bradley Nguyen,Central,Office Supplies,53.4,10,0,25.098
CA-2014-118339,3/17/2014,Bradley Nguyen,Central,Office Supplies,35.88,6,0,17.2224
CA-2014-153976,10/3/2014,Beth Paige,Central,Furniture,258.279,3,0.3,-70.1043
CA-2016-162901,3/28/2016,Aaron Smayling,South,Office Supplies,31.4,2,0,7.85
CA-2017-162978,5/4/2017,Lindsay Williams,West,Technology,183.96,5,0.2,20.6955
CA-2017-162978,5/4/2017,Lindsay Williams,West,Office Supplies,17.61,3,0,8.4528
CA-2017-162978,5/4/2017,Lindsay Williams,West,Furniture,300.904,1,0.2,11.2839
US-2014-160444,7/5/2014,Dan Campbell,Central,Office Supplies,220.776,3,0.2,-44.1552
US-2014-160444,7/5/2014,Dan Campbell,Central,Office Supplies,281.424,11,0.2,-35.178
CA-2016-145247,5/5/2016,Natalie DeCherney,South,Office Supplies,79.14,3,0,36.4044
CA-2017-160045,4/26/2017,Larry Blacks,Central,Furniture,1.988,1,0.6,-1.4413
US-2014-151925,9/26/2014,Kean Takahito,West,Furniture,145.568,2,0.2,0
CA-2017-125199,10/19/2017,Harry Marie,East,Office Supplies,123.256,7,0.2,9.2442
CA-2017-125199,10/19/2017,Harry Marie,East,Office Supplies,23.68,4,0.2,7.4
CA-2017-125199,10/19/2017,Harry Marie,East,Technology,309.576,4,0.4,-56.7556
US-2017-155425,11/10/2017,Ann Blume,West,Office Supplies,38.388,14,0.7,-25.592
US-2017-155425,11/10/2017,Ann Blume,West,Technology,95.994,2,0.7,-63.996
US-2017-155425,11/10/2017,Ann Blume,West,Technology,239.952,6,0.2,-35.9928
US-2017-155425,11/10/2017,Ann Blume,West,Technology,201.584,2,0.2,15.1188
US-2017-155425,11/10/2017,Ann Blume,West,Furniture,899.136,4,0.2,-146.1096
CA-2017-133249,7/8/2017,Sam Zeldin,West,Furniture,145.9,5,0,62.737
US-2015-103471,12/24/2015,Jim Radford,West,Furniture,590.058,7,0.7,-786.744
US-2015-103471,12/24/2015,Jim Radford,West,Office Supplies,14.04,3,0.2,1.5795
CA-2017-136672,3/7/2017,Michael Granlund,East,Technology,49.08,3,0,4.908
US-2014-157021,4/1/2014,Kunst Miller,West,Office Supplies,29.6,2,0,14.8
US-2014-157021,4/1/2014,Kunst Miller,West,Office Supplies,17.088,4,0.2,5.5536
CA-2015-120362,9/14/2015,Christina Anderson,West,Furniture,912.75,5,0,118.6575
CA-2014-126361,8/4/2014,Valerie Dominguez,West,Office Supplies,1089.75,3,0,305.13
CA-2014-126361,8/4/2014,Valerie Dominguez,West,Office Supplies,447.84,8,0,219.4416
CA-2014-126361,8/4/2014,Valerie Dominguez,West,Office Supplies,16.4,5,0,4.264
CA-2014-126361,8/4/2014,Valerie Dominguez,West,Technology,399.96,5,0.2,34.9965
CA-2014-126361,8/4/2014,Valerie Dominguez,West,Office Supplies,158.9,5,0,7.945
CA-2014-126361,8/4/2014,Valerie Dominguez,West,Office Supplies,13.184,1,0.2,4.7792
US-2016-100566,9/3/2016,Julie Kriz,Central,Furniture,83.952,3,0.6,-90.2484
US-2016-108504,2/5/2016,Paul Prost,South,Office Supplies,80.98,1,0,1.6196
US-2016-108504,2/5/2016,Paul Prost,South,Office Supplies,348.84,9,0,170.9316
US-2016-108504,2/5/2016,Paul Prost,South,Office Supplies,9.45,5,0,0.189
US-2016-108504,2/5/2016,Paul Prost,South,Furniture,18.84,3,0,7.1592
US-2016-108504,2/5/2016,Paul Prost,South,Furniture,239.98,2,0,52.7956
US-2016-108504,2/5/2016,Paul Prost,South,Office Supplies,167.96,2,0,78.9412
US-2016-108504,2/5/2016,Paul Prost,South,Technology,104.85,3,0,28.3095
US-2016-108504,2/5/2016,Paul Prost,South,Technology,484.83,3,0,126.0558
US-2016-108504,2/5/2016,Paul Prost,South,Office Supplies,122.97,3,0,60.2553
US-2016-108504,2/5/2016,Paul Prost,South,Office Supplies,154.44,3,0,1.5444
US-2016-108504,2/5/2016,Paul Prost,South,Office Supplies,342.37,7,0,160.9139
CA-2017-124828,7/3/2017,Yana Sorensen,South,Office Supplies,9.552,3,0.2,1.5522
US-2017-117247,10/9/2017,Cyma Kinney,Central,Furniture,652.45,5,0.5,-430.617
US-2017-117247,10/9/2017,Cyma Kinney,Central,Furniture,66.645,3,0.5,-42.6528
CA-2016-124485,11/24/2016,Nat Carroll,East,Office Supplies,17.216,4,0.2,6.0256
CA-2016-124485,11/24/2016,Nat Carroll,East,Office Supplies,11.56,2,0,5.6644
CA-2016-124485,11/24/2016,Nat Carroll,East,Technology,88.4,4,0,11.492
CA-2016-124485,11/24/2016,Nat Carroll,East,Office Supplies,6.48,1,0,3.1104
CA-2016-159212,11/1/2016,Katherine Murray,South,Technology,21.8,2,0,6.104
CA-2016-159212,11/1/2016,Katherine Murray,South,Office Supplies,251.79,3,0,118.3413
US-2016-161396,4/19/2016,Gary Mitchum,East,Furniture,205.176,2,0.4,-58.1332
US-2016-161396,4/19/2016,Gary Mitchum,East,Office Supplies,419.4,5,0.2,146.79
US-2014-118486,4/6/2014,Shirley Daniels,East,Office Supplies,10.304,1,0.2,-2.1896
US-2014-118486,4/6/2014,Shirley Daniels,East,Furniture,154.764,3,0.4,-36.1116
US-2014-118486,4/6/2014,Shirley Daniels,East,Technology,116.784,2,0.2,21.897
CA-2016-130407,9/2/2016,Karen Daniels,East,Office Supplies,75.48,2,0,19.6248
CA-2016-130407,9/2/2016,Karen Daniels,East,Furniture,39.98,2,0,9.995
US-2016-122245,9/25/2016,Adrian Barton,West,Furniture,393.165,3,0.5,-204.4458
CA-2017-105144,11/4/2017,Sam Zeldin,Central,Office Supplies,23.68,2,0.2,8.88
CA-2016-136329,7/9/2016,Jonathan Doherty,East,Furniture,408.006,2,0.1,72.5344
CA-2016-136329,7/9/2016,Jonathan Doherty,East,Furniture,165.28,4,0,14.8752
CA-2014-146640,6/30/2014,Helen Abelman,East,Office Supplies,334.768,7,0.2,108.7996
CA-2017-115994,1/28/2017,Beth Thompson,West,Technology,239.97,3,0,26.3967
CA-2017-115994,1/28/2017,Beth Thompson,West,Furniture,37.74,3,0,12.8316
CA-2015-126697,9/21/2015,Stuart Van,Central,Technology,946.344,7,0.2,118.293
CA-2015-126697,9/21/2015,Stuart Van,Central,Technology,151.2,3,0.2,32.13
CA-2015-126697,9/21/2015,Stuart Van,Central,Furniture,4.928,4,0.6,-1.4784
CA-2015-124800,9/26/2015,Rick Wilson,West,Office Supplies,86.272,4,0.2,31.2736
CA-2015-124800,9/26/2015,Rick Wilson,West,Office Supplies,72.588,2,0.7,-48.392
CA-2015-124800,9/26/2015,Rick Wilson,West,Office Supplies,60.672,2,0.2,14.4096
CA-2015-124800,9/26/2015,Rick Wilson,West,Office Supplies,77.031,9,0.7,-59.0571
CA-2015-124800,9/26/2015,Rick Wilson,West,Office Supplies,119.904,6,0.2,-1.4988
CA-2015-124800,9/26/2015,Rick Wilson,West,Technology,263.96,5,0.2,23.0965
CA-2015-124800,9/26/2015,Rick Wilson,West,Office Supplies,363.648,4,0.2,-86.3664
US-2015-164448,10/31/2015,Damala Kotsonis,West,Office Supplies,9.728,2,0.2,3.2832
US-2015-164448,10/31/2015,Damala Kotsonis,West,Office Supplies,14.75,5,0,7.08
US-2015-164448,10/31/2015,Damala Kotsonis,West,Office Supplies,29.8,5,0.2,9.3125
US-2015-164448,10/31/2015,Damala Kotsonis,West,Office Supplies,427.42,14,0,196.6132
CA-2017-122700,11/26/2017,Liz Thompson,East,Technology,220.752,8,0.4,-40.4712
CA-2014-120768,12/19/2014,Irene Maddox,South,Office Supplies,152.76,6,0,74.8524
CA-2014-120768,12/19/2014,Irene Maddox,South,Office Supplies,7.27,1,0,1.9629
CA-2014-120768,12/19/2014,Irene Maddox,South,Furniture,1819.86,14,0,163.7874
US-2016-153129,12/26/2016,Frank Preis,West,Office Supplies,33.9,5,0,15.594
CA-2017-106852,6/20/2017,Shui Tom,East,Office Supplies,31.104,6,0.2,10.8864
CA-2017-106852,6/20/2017,Shui Tom,East,Office Supplies,5.248,2,0.2,0.5904
CA-2015-139731,10/15/2015,Joel Eaton,Central,Technology,263.88,3,0.2,42.8805
CA-2015-139731,10/15/2015,Joel Eaton,Central,Furniture,2453.43,5,0.3,-350.49
CA-2017-122735,4/12/2017,Bill Donatelli,East,Office Supplies,29.7,5,0,13.365
CA-2017-122735,4/12/2017,Bill Donatelli,East,Office Supplies,39.96,4,0,17.982
CA-2017-128160,12/19/2017,Michael Moore,West,Office Supplies,36.672,2,0.2,11.46
CA-2017-117695,8/5/2017,Pauline Webber,South,Office Supplies,13.76,2,0,6.3296
CA-2015-166135,10/1/2015,Shaun Chance,West,Office Supplies,139.424,4,0.2,17.428
CA-2016-133725,5/23/2016,Ken Lonsdale,Central,Technology,1979.928,9,0.2,148.4946
CA-2017-102337,6/13/2017,Shirley Daniels,Central,Office Supplies,164.736,4,0.2,-39.1248
CA-2017-102337,6/13/2017,Shirley Daniels,Central,Furniture,470.302,7,0.3,-87.3418
CA-2017-102337,6/13/2017,Shirley Daniels,Central,Technology,47.984,2,0.2,5.998
US-2014-112564,4/23/2014,Theresa Swint,East,Office Supplies,2.502,3,0.7,-1.7514
CA-2015-145821,5/1/2015,Jennifer Braxton,West,Technology,88.752,3,0.2,11.094
US-2015-160150,7/19/2015,Thais Sissman,West,Office Supplies,2.025,1,0.7,-1.35
CA-2016-133711,11/26/2016,Mark Cousins,South,Office Supplies,70.98,7,0,34.7802
CA-2016-133711,11/26/2016,Mark Cousins,South,Office Supplies,91.68,3,0,45.84
CA-2016-133711,11/26/2016,Mark Cousins,South,Office Supplies,33.75,5,0,16.875
CA-2016-133711,11/26/2016,Mark Cousins,South,Technology,3040,8,0,1459.2
CA-2017-148474,6/12/2017,Maria Etezadi,South,Office Supplies,91.2,3,0,41.952
CA-2017-148474,6/12/2017,Maria Etezadi,South,Furniture,452.94,3,0,67.941
CA-2015-111297,8/17/2015,Shaun Chance,East,Office Supplies,52.2,9,0,23.49
CA-2016-123722,9/25/2016,Nicole Hansen,Central,Office Supplies,15.936,4,0.2,5.1792
CA-2014-155271,5/4/2014,Andrew Allen,East,Furniture,27.46,2,0,9.8856
CA-2015-119907,12/1/2015,Logan Currie,West,Office Supplies,55.424,2,0.2,19.3984
US-2016-128902,3/11/2016,Mick Brown,East,Furniture,244.006,2,0.3,-31.3722
CA-2016-152289,8/26/2016,Linda Cazamias,Central,Technology,159.984,2,0.2,43.9956
CA-2016-152289,8/26/2016,Linda Cazamias,Central,Furniture,1024.716,6,0.3,-29.2776
US-2016-104794,12/16/2016,Keith Dawkins,East,Office Supplies,3.68,2,0,1.8032
CA-2014-151708,8/8/2014,Maria Bertelson,West,Furniture,121.376,4,0.2,-3.0344
CA-2014-151708,8/8/2014,Maria Bertelson,West,Technology,95.976,3,0.2,-10.7973
CA-2015-100769,5/16/2015,Tracy Hopkins,South,Technology,255.968,4,0.2,31.996
CA-2017-139199,12/9/2017,Damala Kotsonis,Central,Furniture,872.94,3,0,226.9644
CA-2017-139199,12/9/2017,Damala Kotsonis,Central,Office Supplies,41.54,2,0,19.5238
CA-2017-139199,12/9/2017,Damala Kotsonis,Central,Office Supplies,12.96,2,0,6.2208
US-2015-161466,9/24/2015,Odella Nelson,East,Office Supplies,6.848,2,0.2,0.5992
CA-2017-164959,7/11/2017,Katherine Nockton,West,Office Supplies,8.67,3,0,4.0749
US-2015-105676,12/1/2015,Neoma Murray,Central,Furniture,6.688,4,0.6,-4.0128
CA-2016-113138,11/19/2016,Nora Pelletier,East,Office Supplies,17.28,6,0,5.0112
CA-2016-113138,11/19/2016,Nora Pelletier,East,Office Supplies,17.712,3,0.2,6.4206
US-2017-104955,3/19/2017,Catherine Glotzbach,East,Office Supplies,28.91,7,0,13.2986
CA-2016-121958,11/13/2016,Cindy Stewart,South,Office Supplies,52.136,7,0.2,5.8653
CA-2017-121468,11/19/2017,Katherine Ducich,West,Technology,31.968,4,0.2,2.3976
US-2016-108455,12/2/2016,Mike Kennedy,West,Office Supplies,25.92,4,0,12.4416
US-2016-108455,12/2/2016,Mike Kennedy,West,Office Supplies,40.46,7,0,19.8254
US-2016-108455,12/2/2016,Mike Kennedy,West,Office Supplies,33.87,3,0,8.8062
CA-2017-101210,8/25/2017,Don Weiss,South,Office Supplies,9.728,2,0.2,1.7024
CA-2017-101210,8/25/2017,Don Weiss,South,Office Supplies,3.424,1,0.2,1.07
US-2016-108098,10/14/2016,Christine Phan,West,Technology,177,3,0,30.09
CA-2014-119032,11/27/2014,Maxwell Schwartz,East,Office Supplies,3.76,2,0,1.316
CA-2015-140410,11/3/2015,Corinna Mitchell,West,Technology,1212.848,7,0.2,106.1242
CA-2015-140410,11/3/2015,Corinna Mitchell,West,Technology,89.97,3,0,37.7874
CA-2015-140410,11/3/2015,Corinna Mitchell,West,Furniture,42.6,3,0,16.614
CA-2014-136280,11/29/2014,Corey-Lock,East,Office Supplies,5.04,2,0.2,1.764
CA-2017-151911,4/30/2017,Dionis Lloyd,East,Office Supplies,62.96,4,0,28.332
CA-2017-166436,11/24/2017,Todd Sumrall,East,Office Supplies,5.88,1,0,2.8812
CA-2017-166436,11/24/2017,Todd Sumrall,East,Furniture,977.292,6,0.1,173.7408
CA-2017-139661,10/30/2017,Jane Waco,West,Furniture,9.64,2,0,3.6632
CA-2014-123925,12/17/2014,Roy Französisch,South,Office Supplies,40.05,3,0,11.214
CA-2017-152485,9/4/2017,John Dryer,Central,Office Supplies,10.192,7,0.2,3.185
CA-2017-152485,9/4/2017,John Dryer,Central,Office Supplies,16.784,1,0.2,-0.2098
CA-2017-152485,9/4/2017,John Dryer,Central,Office Supplies,13.12,5,0.2,3.772
CA-2016-141586,10/17/2016,Neil Knudson,West,Office Supplies,18.16,5,0.2,6.583
CA-2017-130386,11/12/2017,Nathan Gelder,Central,Office Supplies,16.056,3,0.2,5.8203
CA-2017-130386,11/12/2017,Nathan Gelder,Central,Office Supplies,223.056,9,0.2,69.705
CA-2017-130386,11/12/2017,Nathan Gelder,Central,Office Supplies,540.048,3,0.2,-47.2542
CA-2016-100468,11/24/2016,Alyssa Tate,West,Technology,33.52,2,0.2,3.352
CA-2016-100468,11/24/2016,Alyssa Tate,West,Furniture,9.94,2,0,3.0814
CA-2015-153388,8/1/2015,Pauline Chand,West,Office Supplies,6.72,4,0,3.36
CA-2015-153388,8/1/2015,Pauline Chand,West,Furniture,1004.976,6,0.2,-175.8708
CA-2017-154935,12/24/2017,Andy Reiter,East,Office Supplies,17.88,3,0.2,5.5875
CA-2016-134208,9/17/2016,Cindy Stewart,South,Technology,396,4,0,190.08
CA-2017-108294,12/10/2017,Lindsay Shagiari,Central,Office Supplies,34.5,3,0,15.525
CA-2017-103611,9/12/2017,Jessica Myrick,West,Furniture,8.36,2,0,3.0096
CA-2017-100384,6/24/2017,Nicole Hansen,West,Office Supplies,385.6,8,0,111.824
CA-2017-100384,6/24/2017,Nicole Hansen,West,Office Supplies,35.82,9,0,11.8206
CA-2017-112809,8/18/2017,Russell Applegate,Central,Office Supplies,200.064,3,0.2,12.504
CA-2017-112809,8/18/2017,Russell Applegate,Central,Office Supplies,21.38,5,0.8,-33.139
CA-2017-112809,8/18/2017,Russell Applegate,Central,Office Supplies,6.744,4,0.8,-11.4648
US-2017-160759,12/11/2017,Arianne Irving,East,Furniture,63.686,1,0.3,-9.098
CA-2017-148446,12/10/2017,Michael Chen,West,Furniture,1669.6,4,0,116.872
CA-2014-111059,2/3/2014,Tom Boeckenhauer,West,Office Supplies,83.84,2,0.2,27.248
CA-2014-111059,2/3/2014,Tom Boeckenhauer,West,Office Supplies,13.272,3,0.2,4.3134
CA-2017-116204,2/11/2017,Victoria Wilson,West,Office Supplies,21.336,7,0.2,7.7343
CA-2017-109946,4/16/2017,Paul Lucas,Central,Office Supplies,16.52,5,0.2,2.065
CA-2015-144806,12/6/2015,Gary Hwang,West,Furniture,206.112,6,0.2,48.9516
CA-2015-144806,12/6/2015,Gary Hwang,West,Office Supplies,19.92,5,0.2,6.723
CA-2015-144806,12/6/2015,Gary Hwang,West,Office Supplies,198.272,8,0.2,61.96
CA-2015-144806,12/6/2015,Gary Hwang,West,Office Supplies,247.104,6,0.2,-58.6872
CA-2015-144806,12/6/2015,Gary Hwang,West,Office Supplies,86.304,6,0.2,9.7092
CA-2016-122392,7/22/2016,Caroline Jumper,East,Office Supplies,4.16,2,0.2,0.364
CA-2016-122392,7/22/2016,Caroline Jumper,East,Furniture,11.648,2,0.2,3.3488
CA-2015-148432,11/7/2015,Mike Caudle,East,Office Supplies,26.18,7,0,0.5236
CA-2015-148432,11/7/2015,Mike Caudle,East,Office Supplies,7.3,2,0,3.431
CA-2015-103793,3/26/2015,Benjamin Venier,South,Office Supplies,74.352,3,0.2,23.235
CA-2017-159884,8/31/2017,Jeremy Farry,West,Office Supplies,10.744,1,0.2,0.8058
CA-2017-159884,8/31/2017,Jeremy Farry,West,Office Supplies,8.376,3,0.2,2.7222
CA-2016-139885,12/4/2016,Ellis Ballard,East,Office Supplies,212.88,6,0,0
CA-2017-124086,2/10/2017,Mike Pelletier,West,Furniture,203.983,2,0.15,16.7986
CA-2016-112389,10/29/2016,Jim Mitchum,East,Office Supplies,40.74,3,0,0.4074
CA-2016-112389,10/29/2016,Jim Mitchum,East,Office Supplies,11.67,3,0,3.0342
CA-2017-121888,9/15/2017,Carl Ludwig,East,Technology,39.99,1,0,11.5971
CA-2017-121888,9/15/2017,Carl Ludwig,East,Office Supplies,16.28,2,0,6.512
CA-2017-121888,9/15/2017,Carl Ludwig,East,Furniture,782.94,3,0,203.5644
CA-2017-121888,9/15/2017,Carl Ludwig,East,Office Supplies,242.48,7,0,116.3904
CA-2014-166884,3/11/2014,Chloris Kastensmidt,East,Furniture,8.32,5,0.2,2.288
CA-2014-166884,3/11/2014,Chloris Kastensmidt,East,Office Supplies,10.464,6,0.2,1.7004
CA-2014-107181,2/4/2014,Deborah Brumfield,West,Office Supplies,82.896,3,0.2,29.0136
CA-2014-107181,2/4/2014,Deborah Brumfield,West,Office Supplies,34.24,4,0,16.0928
CA-2014-150245,12/31/2014,Pamela Coakley,East,Furniture,1573.488,7,0.2,196.686
CA-2015-111395,11/23/2015,Victoria Brennan,Central,Office Supplies,335.52,4,0.2,117.432
CA-2015-111395,11/23/2015,Victoria Brennan,Central,Office Supplies,23.912,2,0.8,-40.6504
CA-2015-111395,11/23/2015,Victoria Brennan,Central,Office Supplies,27.056,2,0.2,2.3674
CA-2014-134278,7/6/2014,Emily Phan,East,Technology,559.992,1,0.2,174.9975
US-2017-124926,11/13/2017,Maria Etezadi,Central,Office Supplies,9.324,6,0.8,-24.7086
CA-2016-159345,6/17/2016,Ivan Gibson,West,Office Supplies,111.96,2,0,54.8604
CA-2014-130274,5/3/2014,Joni Sundaresam,Central,Office Supplies,21.56,7,0,10.3488
CA-2017-158386,10/16/2017,Bobby Odegard,South,Office Supplies,124.75,5,0,57.385
CA-2015-111507,2/6/2015,Victoria Wilson,West,Office Supplies,5.28,3,0,1.5312
CA-2017-120761,9/4/2017,Aimee Bixby,East,Technology,91.96,4,0,39.5428
CA-2016-109176,5/9/2016,Julia West,East,Office Supplies,9.344,1,0.2,3.504
CA-2016-109176,5/9/2016,Julia West,East,Office Supplies,79.36,5,0.2,9.92
CA-2015-112116,3/16/2015,Jeremy Ellison,West,Furniture,171.96,2,0,44.7096
CA-2016-126809,4/9/2016,Edward Becker,West,Office Supplies,35.352,9,0.2,12.8151
CA-2014-105172,4/4/2014,Paul Knutson,West,Office Supplies,18.9,6,0,9.072
CA-2017-107293,9/5/2017,Christopher Schild,West,Office Supplies,2.78,1,0,0.7228
US-2017-102890,6/30/2017,Sheri Gordon,East,Furniture,1044.63,5,0.4,-295.9785
CA-2015-158554,11/9/2015,Charlotte Melton,East,Office Supplies,11.352,3,0.2,4.1151
CA-2014-116239,3/4/2014,Clay Ludtke,South,Office Supplies,354.9,5,0,17.745
CA-2015-132101,3/19/2015,Jesus Ocampo,West,Technology,453.576,3,0.2,39.6879
CA-2015-129112,11/29/2015,Anthony Witt,Central,Technology,21.48,3,0.2,-0.2685
CA-2015-129112,11/29/2015,Anthony Witt,Central,Office Supplies,8.784,4,0.8,-13.6152
US-2017-152002,6/11/2017,Dianna Vittorini,West,Office Supplies,122.97,3,0,60.2553
CA-2017-165029,11/26/2017,Adam Hart,South,Office Supplies,12.84,3,0,3.7236
US-2014-157385,11/23/2014,Sanjit Chand,West,Furniture,603.92,5,0.2,-67.941
US-2014-157385,11/23/2014,Sanjit Chand,West,Office Supplies,21.84,3,0,10.4832
US-2014-157385,11/23/2014,Sanjit Chand,West,Technology,29.99,1,0,6.2979
US-2014-157385,11/23/2014,Sanjit Chand,West,Furniture,381.44,2,0.2,23.84
CA-2014-101602,12/15/2014,Mick Crebagga,Central,Technology,40.68,3,0.2,-9.153
CA-2014-101602,12/15/2014,Mick Crebagga,Central,Furniture,763.28,5,0.3,-21.808
CA-2016-109057,4/22/2016,Tonja Turnell,Central,Office Supplies,23.952,2,0.2,2.3952
CA-2016-154403,5/23/2016,Anne Pryor,South,Office Supplies,4.98,1,0,2.4402
CA-2016-102456,2/27/2016,Dan Lawera,East,Office Supplies,170.88,3,0,49.5552
CA-2015-131338,8/9/2015,Naresj Patel,East,Technology,307.98,2,0,89.3142
CA-2015-131338,8/9/2015,Naresj Patel,East,Furniture,382.806,9,0.4,-153.1224
CA-2015-131338,8/9/2015,Naresj Patel,East,Office Supplies,41.96,2,0,2.9372
CA-2015-131338,8/9/2015,Naresj Patel,East,Office Supplies,1217.568,2,0.2,456.588
CA-2015-131338,8/9/2015,Naresj Patel,East,Furniture,47.04,3,0,18.3456
CA-2015-131338,8/9/2015,Naresj Patel,East,Furniture,6.16,2,0,2.9568
CA-2015-131338,8/9/2015,Naresj Patel,East,Technology,979.95,5,0,274.386
CA-2015-131338,8/9/2015,Naresj Patel,East,Office Supplies,143.7,3,0,68.976
CA-2015-131338,8/9/2015,Naresj Patel,East,Office Supplies,10.65,3,0,5.0055
CA-2015-131338,8/9/2015,Naresj Patel,East,Technology,247.8,4,0,34.692
CA-2016-109911,5/12/2016,Vivek Grady,South,Office Supplies,10.96,4,0,2.9592
US-2016-132423,4/15/2016,Muhammed Yedwab,Central,Office Supplies,33.488,7,0.2,5.8604
US-2016-132423,4/15/2016,Muhammed Yedwab,Central,Office Supplies,8.04,5,0.2,2.9145
CA-2015-122826,6/23/2015,Rick Duston,West,Technology,201.568,4,0.2,22.6764
CA-2014-117317,10/19/2014,Jeremy Farry,West,Office Supplies,13.44,3,0,6.5856
CA-2015-118423,3/24/2015,Dennis Pardue,Central,Furniture,359.058,3,0.3,-35.9058
CA-2017-149181,5/8/2017,Maribeth Dona,East,Furniture,47.992,2,0.3,-2.0568
CA-2017-132234,10/16/2017,Maribeth Yedwab,East,Furniture,547.3,13,0,175.136
CA-2017-158876,11/19/2017,Aimee Bixby,Central,Office Supplies,16.896,4,0.2,5.28
CA-2017-158876,11/19/2017,Aimee Bixby,Central,Office Supplies,6.672,1,0.2,0.5004
CA-2017-158876,11/19/2017,Aimee Bixby,Central,Office Supplies,99.136,4,0.2,8.6744
CA-2017-158876,11/19/2017,Aimee Bixby,Central,Furniture,15.992,2,0.6,-13.993
CA-2016-164672,5/8/2016,George Bell,East,Furniture,211.96,2,0,42.392
US-2016-132857,12/11/2016,Cynthia Arntzen,South,Office Supplies,6.672,3,0.2,1.668
CA-2017-116645,11/30/2017,Max Engle,East,Office Supplies,155.94,6,0,45.2226
US-2016-115819,4/19/2016,Jas O'Carroll,West,Technology,39.96,5,0.2,12.987
US-2016-115819,4/19/2016,Jas O'Carroll,West,Office Supplies,5.46,3,0,1.5288
US-2016-115819,4/19/2016,Jas O'Carroll,West,Office Supplies,73.2,5,0,21.228
US-2016-115819,4/19/2016,Jas O'Carroll,West,Office Supplies,5.84,1,0.2,1.971
US-2016-115819,4/19/2016,Jas O'Carroll,West,Office Supplies,22.72,4,0,10.224
US-2016-115819,4/19/2016,Jas O'Carroll,West,Office Supplies,9.336,3,0.2,3.2676
CA-2014-156349,5/26/2014,Marina Lichtenstein,West,Furniture,290.666,2,0.15,27.3568
CA-2014-156349,5/26/2014,Marina Lichtenstein,West,Technology,201.584,2,0.2,20.1584
CA-2014-156349,5/26/2014,Marina Lichtenstein,West,Technology,83.984,2,0.2,31.494
CA-2017-138380,12/21/2017,Yana Sorensen,West,Office Supplies,1000.02,7,0,290.0058
US-2016-113509,3/15/2016,Paul Lucas,East,Technology,83.976,3,0.2,-13.6461
CA-2015-130022,8/10/2015,Julie Kriz,Central,Office Supplies,3.75,1,0,1.8
CA-2015-130022,8/10/2015,Julie Kriz,Central,Office Supplies,41.4,4,0,19.872
CA-2015-130022,8/10/2015,Julie Kriz,Central,Office Supplies,29.79,3,0,12.5118
US-2016-118780,9/10/2016,Parhena Norris,East,Office Supplies,59.48,2,0,8.922
US-2016-118780,9/10/2016,Parhena Norris,East,Office Supplies,6.69,1,0,3.0774
CA-2017-108560,7/8/2017,Jenna Caffey,West,Furniture,198.46,2,0,99.23
CA-2017-108560,7/8/2017,Jenna Caffey,West,Office Supplies,786.48,8,0,385.3752
CA-2017-108560,7/8/2017,Jenna Caffey,West,Office Supplies,23.168,2,0.2,7.8192
CA-2017-108560,7/8/2017,Jenna Caffey,West,Technology,50,2,0,10.5
CA-2015-157084,12/19/2015,James Galang,West,Technology,675.96,5,0.2,84.495
CA-2015-157084,12/19/2015,James Galang,West,Technology,1265.85,3,0,556.974
CA-2015-164539,11/16/2015,Philisse Overcash,East,Office Supplies,523.25,5,0,141.2775
CA-2015-143119,9/24/2015,Marc Crier,South,Furniture,517.5,6,0,155.25
CA-2017-101049,6/21/2017,Alan Shonely,East,Furniture,17.92,5,0.2,2.464
CA-2017-101049,6/21/2017,Alan Shonely,East,Office Supplies,41.256,6,0.7,-34.38
CA-2016-106530,5/8/2016,Clay Ludtke,East,Office Supplies,1006.056,3,0.2,88.0299
CA-2016-106530,5/8/2016,Clay Ludtke,East,Office Supplies,10.688,2,0.2,3.7408
CA-2016-106530,5/8/2016,Clay Ludtke,East,Office Supplies,10.368,2,0.2,3.6288
CA-2016-106530,5/8/2016,Clay Ludtke,East,Office Supplies,25.12,2,0.2,1.57
CA-2016-106530,5/8/2016,Clay Ludtke,East,Technology,58.112,2,0.2,7.264
CA-2014-168984,11/26/2014,Natalie Webber,West,Office Supplies,15.552,3,0.2,5.4432
CA-2014-168984,11/26/2014,Natalie Webber,West,Office Supplies,669.08,5,0.2,-167.27
CA-2014-168984,11/26/2014,Natalie Webber,West,Technology,438.336,4,0.2,-87.6672
CA-2016-157266,5/26/2016,Toby Braunhardt,East,Office Supplies,19.44,3,0,9.3312
CA-2016-157266,5/26/2016,Toby Braunhardt,East,Office Supplies,9.64,2,0,4.4344
CA-2016-157266,5/26/2016,Toby Braunhardt,East,Office Supplies,12.7,2,0,5.842
CA-2016-157266,5/26/2016,Toby Braunhardt,East,Furniture,41.37,3,0,17.3754
US-2014-134712,11/29/2014,Bill Stewart,Central,Office Supplies,12.624,2,0.2,3.945
CA-2015-111829,3/19/2015,Fred Hopkins,West,Office Supplies,1247.64,3,0,349.3392
CA-2015-111829,3/19/2015,Fred Hopkins,West,Technology,3149.93,7,0,1480.4671
CA-2015-111829,3/19/2015,Fred Hopkins,West,Office Supplies,209.7,2,0,100.656
CA-2015-105221,11/1/2015,Valerie Mitchum,East,Technology,35.36,2,0.2,-3.094
CA-2015-105221,11/1/2015,Valerie Mitchum,East,Office Supplies,3.168,2,0.2,-0.7128
CA-2015-120341,9/26/2015,Sarah Foster,East,Office Supplies,121.104,6,0.7,-100.92
CA-2015-120341,9/26/2015,Sarah Foster,East,Technology,45.894,1,0.4,-9.1788
CA-2014-135699,8/29/2014,Hilary Holden,West,Office Supplies,109.92,2,0,53.8608
CA-2014-135699,8/29/2014,Hilary Holden,West,Office Supplies,13.36,2,0,6.4128
US-2017-132444,11/18/2017,Christina DeMoss,West,Office Supplies,169.68,6,0,45.8136
US-2017-132444,11/18/2017,Christina DeMoss,West,Technology,132.52,4,0,54.3332
US-2017-132444,11/18/2017,Christina DeMoss,West,Office Supplies,2.96,2,0,1.4208
US-2017-132444,11/18/2017,Christina DeMoss,West,Office Supplies,8.448,2,0.2,2.9568
US-2017-132444,11/18/2017,Christina DeMoss,West,Office Supplies,95.94,3,0,9.594
CA-2014-127159,5/12/2014,Hunter Lopez,Central,Furniture,34.79,7,0,10.7849
CA-2017-161809,1/20/2017,Thea Hendricks,West,Technology,160.776,3,0.2,10.0485
CA-2017-127285,10/30/2017,Michelle Moray,West,Office Supplies,88.752,3,0.2,27.735
CA-2017-127285,10/30/2017,Michelle Moray,West,Office Supplies,13.904,2,0.2,5.214
CA-2017-144526,4/30/2017,Quincy Jones,East,Technology,677.58,5,0.4,-158.102
CA-2017-144526,4/30/2017,Quincy Jones,East,Office Supplies,13.896,3,0.7,-9.264
CA-2016-128531,11/24/2016,Neola Schneider,Central,Office Supplies,41.92,5,0.2,3.668
CA-2016-128531,11/24/2016,Neola Schneider,Central,Technology,297.576,3,0.2,-7.4394
CA-2016-128531,11/24/2016,Neola Schneider,Central,Office Supplies,4.344,3,0.2,0.8688
CA-2016-128531,11/24/2016,Neola Schneider,Central,Technology,94.992,2,0.2,-2.3748
CA-2016-128531,11/24/2016,Neola Schneider,Central,Office Supplies,74.352,3,0.2,23.235
CA-2016-128531,11/24/2016,Neola Schneider,Central,Office Supplies,14.04,3,0.2,1.5795
US-2015-157154,1/10/2015,Michael Moore,East,Furniture,1018.104,4,0.4,-373.3048
CA-2017-159457,10/19/2017,Rick Duston,Central,Technology,16.68,3,0.2,5.2125
CA-2016-107615,3/22/2016,Robert Barroso,West,Technology,58.58,2,0,19.3314
CA-2017-111647,7/3/2017,Rob Dowd,Central,Technology,167.968,4,0.2,62.988
CA-2015-150560,12/11/2015,Shaun Weien,South,Office Supplies,196.62,2,0,96.3438
CA-2015-143077,9/17/2015,Sylvia Foulston,Central,Furniture,21.936,2,0.6,-10.4196
CA-2015-143077,9/17/2015,Sylvia Foulston,Central,Office Supplies,6.588,3,0.8,-10.2114
CA-2016-122728,5/18/2016,Eric Barreto,West,Office Supplies,104.28,3,0,26.07
CA-2016-122728,5/18/2016,Eric Barreto,West,Office Supplies,17.94,3,0,8.7906
CA-2014-122882,9/7/2014,Sean Braxton,East,Office Supplies,64.784,1,0.2,-14.5764
CA-2014-122882,9/7/2014,Sean Braxton,East,Technology,32.382,3,0.4,4.3176
CA-2014-122882,9/7/2014,Sean Braxton,East,Furniture,42.368,2,0.2,8.4736
CA-2014-122882,9/7/2014,Sean Braxton,East,Technology,399.54,4,0.7,-559.356
US-2016-101497,9/29/2016,Pamela Stobb,West,Office Supplies,18.97,1,0,9.1056
CA-2016-147585,11/7/2016,Claudia Bergmann,West,Furniture,14.82,3,0,6.2244
CA-2017-149489,4/24/2017,Damala Kotsonis,East,Office Supplies,99.28,2,0.2,12.41
CA-2017-149489,4/24/2017,Damala Kotsonis,East,Office Supplies,1.188,2,0.7,-0.99
CA-2017-149489,4/24/2017,Damala Kotsonis,East,Office Supplies,7.518,2,0.7,-5.7638
CA-2017-143798,12/10/2017,Anthony Witt,East,Office Supplies,10.368,2,0.2,3.6288
CA-2017-143798,12/10/2017,Anthony Witt,East,Furniture,310.88,2,0.2,23.316
CA-2014-142839,8/16/2014,Troy Staebel,East,Furniture,853.092,6,0.4,-227.4912
CA-2017-129833,12/9/2017,Herbert Flentye,Central,Office Supplies,33.45,5,0,15.387
CA-2017-129833,12/9/2017,Herbert Flentye,Central,Office Supplies,10.4,5,0,5.096
US-2016-154361,3/14/2016,Henia Zydlo,East,Furniture,21.88,5,0.2,6.2905
US-2016-158708,6/26/2016,Alejandro Ballentine,Central,Technology,13.616,2,0.2,3.5742
CA-2015-156335,9/25/2015,Phillina Ober,East,Technology,63.96,4,0,19.8276
CA-2015-156335,9/25/2015,Phillina Ober,East,Office Supplies,14.46,3,0,7.0854
CA-2015-156335,9/25/2015,Phillina Ober,East,Technology,104.98,2,0,52.49
CA-2015-148376,12/27/2015,Arthur Gainer,West,Office Supplies,106.96,2,0,31.0184
CA-2015-148376,12/27/2015,Arthur Gainer,West,Office Supplies,21.56,7,0,10.3488
CA-2014-135657,6/3/2014,Steven Cartwright,West,Furniture,515.88,6,0,113.4936
CA-2015-114069,7/13/2015,Natalie DeCherney,East,Office Supplies,11.808,2,0.2,4.2804
CA-2015-114069,7/13/2015,Natalie DeCherney,East,Furniture,1931.04,9,0.1,321.84
CA-2015-114069,7/13/2015,Natalie DeCherney,East,Office Supplies,9.96,2,0,4.6812
CA-2014-139857,2/2/2014,Cynthia Delaney,West,Office Supplies,12.35,5,0,5.8045
CA-2016-106306,3/8/2016,Patrick Gardner,West,Office Supplies,9.702,3,0.7,-7.1148
CA-2015-100545,11/22/2015,Irene Maddox,East,Office Supplies,11.61,2,0.7,-9.288
CA-2017-123491,10/30/2017,Jamie Kunitz,West,Office Supplies,43.86,6,0,20.6142
CA-2017-123491,10/30/2017,Jamie Kunitz,West,Technology,148.48,2,0.2,16.704
CA-2017-123491,10/30/2017,Jamie Kunitz,West,Office Supplies,7.42,2,0,3.71
CA-2017-123491,10/30/2017,Jamie Kunitz,West,Furniture,71.992,1,0.2,-0.8999
CA-2017-123491,10/30/2017,Jamie Kunitz,West,Office Supplies,19.9,5,0,6.567
CA-2017-123491,10/30/2017,Jamie Kunitz,West,Office Supplies,1702.12,14,0,510.636
CA-2015-145401,1/30/2015,Jeremy Pistek,Central,Office Supplies,14.304,6,0.2,5.0064
US-2017-124968,9/8/2017,Michelle Moray,Central,Furniture,765.625,7,0.5,-566.5625
CA-2017-104003,10/7/2017,Debra Catini,West,Furniture,307.666,2,0.15,-14.4784
CA-2016-154788,4/30/2016,John Lee,East,Office Supplies,7.712,2,0.2,2.7956
CA-2016-169943,5/19/2016,Bradley Nguyen,East,Office Supplies,242.9,5,0,70.441
CA-2016-169943,5/19/2016,Bradley Nguyen,East,Office Supplies,454.9,5,0,0
CA-2016-169943,5/19/2016,Bradley Nguyen,East,Furniture,35.92,4,0,15.0864
CA-2016-169943,5/19/2016,Bradley Nguyen,East,Furniture,39.76,8,0,12.3256
CA-2016-169943,5/19/2016,Bradley Nguyen,East,Office Supplies,47.744,4,0.2,14.92
US-2015-123218,12/20/2015,Katherine Ducich,Central,Technology,159.984,2,0.2,11.9988
US-2015-123218,12/20/2015,Katherine Ducich,Central,Technology,255.968,4,0.2,51.1936
US-2015-123218,12/20/2015,Katherine Ducich,Central,Furniture,359.058,3,0.3,-71.8116
CA-2015-127453,12/19/2015,Jay Kimmel,East,Office Supplies,434.352,3,0.2,43.4352
CA-2015-127453,12/19/2015,Jay Kimmel,East,Office Supplies,3.552,2,0.2,0.444
CA-2015-127453,12/19/2015,Jay Kimmel,East,Office Supplies,88.832,4,0.2,7.7728
US-2017-164056,4/29/2017,Filia McAdams,East,Furniture,1048.35,5,0.4,-69.89
CA-2016-106894,2/7/2016,Christina Anderson,South,Technology,100,4,0,21
CA-2016-106894,2/7/2016,Christina Anderson,South,Office Supplies,7.83,3,0,3.6018
CA-2014-125136,9/28/2014,Keith Dawkins,South,Office Supplies,96.256,8,0.2,31.2832
CA-2014-125136,9/28/2014,Keith Dawkins,South,Office Supplies,10.688,2,0.2,3.7408
US-2016-131149,7/10/2016,Logan Haushalter,Central,Office Supplies,338.04,3,0.2,-33.804
US-2016-131149,7/10/2016,Logan Haushalter,Central,Office Supplies,154.24,4,0.2,17.352
CA-2017-101483,7/29/2017,Anna Gayman,South,Office Supplies,34.848,2,0.2,6.534
CA-2017-101483,7/29/2017,Anna Gayman,South,Technology,22,5,0.2,1.375
CA-2017-101483,7/29/2017,Anna Gayman,South,Office Supplies,4.368,3,0.2,0.3822
CA-2015-130204,9/3/2015,David Bremer,West,Office Supplies,31.44,3,0,8.4888
CA-2015-130204,9/3/2015,David Bremer,West,Technology,17.9,2,0,3.401
CA-2015-130204,9/3/2015,David Bremer,West,Technology,129.45,5,0,46.602
CA-2014-110527,8/9/2014,Emily Ducich,West,Office Supplies,20.88,8,0,9.6048
CA-2017-152807,10/30/2017,Mick Crebagga,East,Office Supplies,20.736,4,0.2,7.2576
CA-2017-152807,10/30/2017,Mick Crebagga,East,Furniture,7.168,2,0.2,0.9856
CA-2017-152807,10/30/2017,Mick Crebagga,East,Office Supplies,11.168,2,0.2,-2.5128
CA-2017-152807,10/30/2017,Mick Crebagga,East,Technology,442.4,7,0.2,-55.3
CA-2014-133270,6/6/2014,Bryan Mills,East,Office Supplies,13.36,2,0,4.9432
CA-2016-155670,8/13/2016,Erin Mull,South,Office Supplies,11.232,8,0.7,-8.2368
CA-2016-155670,8/13/2016,Erin Mull,South,Office Supplies,10.272,3,0.2,3.21
US-2014-157406,4/25/2014,Dianna Arnett,Central,Office Supplies,10.368,2,0.2,3.6288
US-2014-157406,4/25/2014,Dianna Arnett,Central,Office Supplies,6.24,3,0.2,0.546
CA-2015-139094,11/22/2015,Meg O'Connel,Central,Furniture,206.962,2,0.3,-32.5226
CA-2017-168837,10/14/2017,Joni Wasserman,West,Furniture,9.46,2,0,3.6894
CA-2017-116715,12/2/2017,Victoria Wilson,West,Office Supplies,559.62,9,0,151.0974
CA-2017-116715,12/2/2017,Victoria Wilson,West,Office Supplies,109.92,2,0,53.8608
CA-2017-116715,12/2/2017,Victoria Wilson,West,Office Supplies,8.56,2,0,3.852
CA-2015-135622,12/8/2015,Tonja Turnell,Central,Office Supplies,360.712,11,0.2,130.7581
CA-2015-135622,12/8/2015,Tonja Turnell,Central,Technology,1718.4,6,0.2,150.36
US-2015-107349,7/13/2015,Sara Luxemburg,Central,Office Supplies,41.568,6,0.8,-66.5088
CA-2014-139017,5/11/2014,Raymond Messe,Central,Technology,46.864,2,0.2,7.6154
CA-2014-141817,1/5/2014,Mick Brown,East,Office Supplies,19.536,3,0.2,4.884
CA-2015-130785,9/5/2015,Arthur Gainer,West,Furniture,411.332,4,0.15,-4.8392
CA-2015-130785,9/5/2015,Arthur Gainer,West,Office Supplies,28.752,6,0.2,9.7038
CA-2015-130785,9/5/2015,Arthur Gainer,West,Furniture,293.199,3,0.15,-20.6964
CA-2016-110254,8/4/2016,Max Ludwig,South,Office Supplies,35.06,2,0,10.518
CA-2016-110254,8/4/2016,Max Ludwig,South,Office Supplies,4.13,1,0,1.8998
CA-2016-110254,8/4/2016,Max Ludwig,South,Furniture,109.8,9,0,46.116
CA-2016-110254,8/4/2016,Max Ludwig,South,Office Supplies,9.82,2,0,4.8118
US-2014-158057,3/22/2014,Craig Carroll,South,Office Supplies,7.644,4,0.7,-5.8604
US-2014-158057,3/22/2014,Craig Carroll,South,Office Supplies,51.465,5,0.7,-39.4565
CA-2017-146024,3/2/2017,Stewart Carmichael,Central,Office Supplies,6.976,4,0.2,-1.3952
CA-2017-146024,3/2/2017,Stewart Carmichael,Central,Office Supplies,12.222,7,0.8,-20.1663
CA-2016-129686,11/27/2016,Greg Guthrie,Central,Office Supplies,97.984,2,0.2,-24.496
CA-2016-129686,11/27/2016,Greg Guthrie,Central,Technology,62.4,6,0.2,19.5
CA-2014-118976,4/28/2014,Muhammed Yedwab,East,Office Supplies,20.86,2,0,9.387
CA-2014-118976,4/28/2014,Muhammed Yedwab,East,Office Supplies,497.61,9,0,129.3786
CA-2014-118976,4/28/2014,Muhammed Yedwab,East,Office Supplies,5.34,2,0,1.4952
CA-2014-118976,4/28/2014,Muhammed Yedwab,East,Office Supplies,3.15,1,0,1.512
CA-2015-105347,11/24/2015,Darren Powers,West,Office Supplies,368.91,9,0,180.7659
CA-2015-105347,11/24/2015,Darren Powers,West,Office Supplies,14.7,5,0,6.615
CA-2016-124667,11/11/2016,Bryan Davis,East,Technology,59.97,3,0,14.9925
CA-2016-124667,11/11/2016,Bryan Davis,East,Office Supplies,83.36,1,0,20.84
CA-2015-111094,7/9/2015,Claudia Bergmann,East,Office Supplies,6.58,2,0,3.0268
CA-2015-111094,7/9/2015,Claudia Bergmann,East,Office Supplies,122.94,3,0,59.0112
CA-2017-166317,9/22/2017,Jim Epp,Central,Office Supplies,219.84,4,0,107.7216
CA-2017-166317,9/22/2017,Jim Epp,Central,Technology,98.16,6,0,9.816
CA-2017-166317,9/22/2017,Jim Epp,Central,Office Supplies,33.04,8,0,15.5288
CA-2017-166317,9/22/2017,Jim Epp,Central,Technology,86.97,3,0,25.2213
CA-2015-154326,2/15/2015,Roy Phan,Central,Technology,134.97,3,0,64.7856
CA-2015-154326,2/15/2015,Roy Phan,Central,Technology,699.98,2,0,195.9944
CA-2015-154326,2/15/2015,Roy Phan,Central,Technology,139.95,5,0,26.5905
CA-2014-102008,9/30/2014,Russell Applegate,East,Office Supplies,48.94,1,0,24.47
CA-2014-120474,12/1/2014,Resi Pölking,Central,Furniture,2807.84,8,0,673.8816
CA-2014-120474,12/1/2014,Resi Pölking,Central,Office Supplies,46.64,4,0,12.5928
CA-2014-104773,12/8/2014,Thomas Boland,Central,Office Supplies,60.416,2,0.2,6.0416
CA-2016-140774,9/5/2016,Brad Eason,Central,Office Supplies,107.94,3,0,26.985
US-2017-139465,8/27/2017,Mathew Reese,East,Office Supplies,63.84,8,0,16.5984
US-2017-139465,8/27/2017,Mathew Reese,East,Technology,347.97,3,0,100.9113
US-2017-139465,8/27/2017,Mathew Reese,East,Office Supplies,37.008,6,0.2,11.565
CA-2016-100965,7/7/2016,Raymond Messe,West,Furniture,215.65,5,0,73.321
CA-2016-121034,8/8/2016,Jill Fjeld,Central,Office Supplies,11.168,4,0.2,3.6296
CA-2016-121034,8/8/2016,Jill Fjeld,Central,Office Supplies,53.952,3,0.2,17.5344
CA-2016-149461,11/13/2016,Adrian Shami,West,Furniture,4.18,1,0,1.5048
CA-2017-158379,9/22/2017,Joseph Airdo,East,Office Supplies,5.607,1,0.7,-4.2987
CA-2017-158379,9/22/2017,Joseph Airdo,East,Office Supplies,4663.736,7,0.2,-1049.3406
CA-2017-158379,9/22/2017,Joseph Airdo,East,Technology,79.984,2,0.2,22.9954
US-2016-116729,12/25/2016,Grace Kelly,West,Technology,2575.944,7,0.2,257.5944
US-2016-116729,12/25/2016,Grace Kelly,West,Office Supplies,45.36,7,0,21.7728
US-2016-116729,12/25/2016,Grace Kelly,West,Technology,254.24,7,0,76.272
CA-2016-164938,2/11/2016,Phillip Breyer,Central,Technology,69.93,7,0,0.6993
CA-2016-165484,10/23/2016,Heather Kirkland,Central,Furniture,16.156,7,0.6,-12.117
CA-2016-165484,10/23/2016,Heather Kirkland,Central,Office Supplies,54.816,3,0.2,17.8152
CA-2014-132612,6/9/2014,Frank Olsen,South,Furniture,1441.3,7,0,245.021
US-2017-161193,11/20/2017,Brian Thompson,East,Furniture,77.6,5,0.2,28.13
US-2017-161193,11/20/2017,Brian Thompson,East,Furniture,4.656,2,0.2,1.5714
CA-2015-131597,9/14/2015,Stefania Perrino,West,Furniture,170.136,3,0.2,-8.5068
CA-2015-164833,6/4/2015,Lauren Leatherbury,West,Office Supplies,7.38,2,0,3.4686
CA-2015-164833,6/4/2015,Lauren Leatherbury,West,Office Supplies,9.26,2,0,3.0558
CA-2015-125423,12/13/2015,Matt Collins,West,Office Supplies,9.96,2,0,4.5816
US-2014-130379,5/25/2014,Janet Lee,Central,Office Supplies,75.6,2,0.8,-166.32
US-2014-130379,5/25/2014,Janet Lee,Central,Furniture,29.32,2,0.6,-24.189
CA-2016-168956,2/16/2016,Erin Ashbrook,Central,Office Supplies,92.064,6,0.8,-225.5568
CA-2016-168956,2/16/2016,Erin Ashbrook,Central,Office Supplies,6.976,4,0.2,1.8312
CA-2016-168956,2/16/2016,Erin Ashbrook,Central,Furniture,62.958,3,0.3,-2.6982
CA-2016-168956,2/16/2016,Erin Ashbrook,Central,Office Supplies,5.184,1,0.2,1.8144
CA-2016-167507,12/22/2016,Sue Ann Reed,West,Office Supplies,31.32,10,0.7,-25.056
CA-2016-167507,12/22/2016,Sue Ann Reed,West,Furniture,11.84,4,0.2,3.108
CA-2016-167507,12/22/2016,Sue Ann Reed,West,Furniture,22.784,1,0.2,4.8416
CA-2016-109344,2/8/2016,Cathy Hwang,South,Technology,1127.976,3,0.2,126.8973
US-2015-140851,7/13/2015,Neil Ducich,South,Office Supplies,38.88,6,0,18.6624
CA-2014-103373,5/18/2014,Bruce Stewart,East,Technology,779.796,2,0.4,-168.9558
CA-2017-145884,10/21/2017,Sara Luxemburg,Central,Technology,1439.92,8,0,374.3792
CA-2017-145884,10/21/2017,Sara Luxemburg,Central,Furniture,262.11,1,0,62.9064
CA-2015-131422,11/5/2015,George Bell,South,Furniture,207,3,0.2,25.875
CA-2017-162691,8/1/2017,Aaron Smayling,Central,Technology,1439.982,3,0.4,-263.9967
CA-2017-162691,8/1/2017,Aaron Smayling,Central,Office Supplies,36.288,7,0.2,12.7008
CA-2014-141278,6/21/2014,Raymond Messe,East,Office Supplies,21.4,5,0,6.206
CA-2017-122693,2/19/2017,Nicole Hansen,South,Office Supplies,1245.86,7,0,361.2994
CA-2014-117345,8/1/2014,Barbara Fisher,South,Office Supplies,17.544,3,0.2,5.9211
CA-2014-117345,8/1/2014,Barbara Fisher,South,Furniture,44.128,4,0.2,12.1352
CA-2014-117345,8/1/2014,Barbara Fisher,South,Office Supplies,62.92,1,0.2,10.2245
CA-2014-117345,8/1/2014,Barbara Fisher,South,Office Supplies,78.304,2,0.2,29.364
CA-2016-157763,7/18/2016,Katharine Harms,South,Furniture,140.81,1,0,39.4268
CA-2015-135391,2/9/2015,Frank Atkinson,Central,Office Supplies,40.096,4,0.2,13.5324
CA-2015-135391,2/9/2015,Frank Atkinson,Central,Furniture,40.784,2,0.6,-30.588
US-2017-113852,7/29/2017,Giulietta Weimer,West,Technology,90.57,3,0,11.7741
US-2017-158512,1/12/2017,Dianna Arnett,East,Office Supplies,40.08,6,0,19.2384
US-2017-158512,1/12/2017,Dianna Arnett,East,Furniture,37.68,2,0,15.8256
CA-2017-128370,9/10/2017,Frank Hawley,West,Furniture,362.352,3,0.2,27.1764
CA-2017-128370,9/10/2017,Frank Hawley,West,Office Supplies,7.184,2,0.2,2.245
CA-2015-160472,7/20/2015,Ralph Kennedy,Central,Office Supplies,34.76,1,0,9.7328
CA-2015-160472,7/20/2015,Ralph Kennedy,Central,Technology,831.2,5,0,124.68
CA-2015-160472,7/20/2015,Ralph Kennedy,Central,Office Supplies,26.4,5,0,11.88
CA-2015-160472,7/20/2015,Ralph Kennedy,Central,Office Supplies,106.75,7,0,49.105
CA-2015-160472,7/20/2015,Ralph Kennedy,Central,Office Supplies,97.82,2,0,45.9754
CA-2015-160472,7/20/2015,Ralph Kennedy,Central,Office Supplies,141.4,5,0,38.178
CA-2014-114643,6/13/2014,Filia McAdams,West,Office Supplies,14.52,3,0,4.7916
US-2017-158218,5/12/2017,Alyssa Crouse,Central,Office Supplies,127.92,5,0.2,-15.99
US-2017-158218,5/12/2017,Alyssa Crouse,Central,Office Supplies,34.24,4,0.8,-53.072
CA-2015-121608,9/3/2015,Jennifer Braxton,East,Office Supplies,137.62,2,0,60.5528
CA-2015-121608,9/3/2015,Jennifer Braxton,East,Technology,100.49,1,0,25.1225
US-2017-121251,3/26/2017,Gary McGarr,East,Furniture,257.568,2,0.2,-28.9764
US-2017-121251,3/26/2017,Gary McGarr,East,Technology,119.96,4,0,33.5888
CA-2014-151078,11/12/2014,Roy Französisch,Central,Office Supplies,49.632,4,0.2,4.9632
US-2016-100839,10/13/2016,Noah Childs,West,Furniture,727.45,5,0.5,-465.568
US-2016-100839,10/13/2016,Noah Childs,West,Furniture,24.96,3,0.2,4.368
US-2017-116659,11/12/2017,Nat Gilpin,East,Technology,370.782,3,0.4,-92.6955
CA-2017-118857,4/15/2017,Adam Hart,West,Furniture,196.45,5,0,70.722
CA-2015-127110,6/25/2015,Cathy Hwang,East,Office Supplies,31.104,6,0.2,10.8864
CA-2015-127110,6/25/2015,Cathy Hwang,East,Office Supplies,78.256,2,0.2,-17.6076
CA-2016-148201,8/26/2016,Charles Crestani,West,Office Supplies,6.48,1,0,3.1104
CA-2014-116932,7/21/2014,Michelle Ellison,West,Office Supplies,99.2,5,0,25.792
CA-2014-116932,7/21/2014,Michelle Ellison,West,Furniture,801.568,2,0.2,50.098
CA-2014-116932,7/21/2014,Michelle Ellison,West,Furniture,272.848,1,0.2,27.2848
CA-2017-142888,11/21/2017,Benjamin Patterson,West,Furniture,70.98,1,0,20.5842
CA-2014-147914,6/4/2014,Mark Packer,East,Office Supplies,16.224,2,0.2,5.8812
US-2016-112977,3/10/2016,Caroline Jumper,East,Furniture,176.784,1,0.2,-22.098
CA-2017-112039,3/25/2017,John Castell,Central,Technology,470.376,3,0.2,47.0376
CA-2017-118885,12/29/2017,James Galang,West,Furniture,393.568,4,0.2,-44.2764
CA-2017-118885,12/29/2017,James Galang,West,Technology,302.376,3,0.2,22.6782
US-2017-166611,3/28/2017,Cyma Kinney,South,Office Supplies,68.742,9,0.7,-48.1194
CA-2015-109512,3/5/2015,Luke Foster,East,Office Supplies,29.34,3,0,14.67
CA-2015-109512,3/5/2015,Luke Foster,East,Furniture,383.607,7,0.1,63.9345
CA-2015-109512,3/5/2015,Luke Foster,East,Office Supplies,563.4,4,0,67.608
CA-2016-118570,11/13/2016,Chuck Clark,East,Office Supplies,217.056,7,0.2,78.6828
CA-2017-154718,1/19/2017,Dan Lawera,Central,Office Supplies,6,2,0.2,2.1
CA-2016-147578,4/22/2016,Paul Gonzalez,West,Furniture,31.56,3,0,10.4148
CA-2014-140165,5/13/2014,Erica Hernandez,South,Office Supplies,7.104,2,0.2,2.3976
CA-2014-140165,5/13/2014,Erica Hernandez,South,Office Supplies,398.352,8,0.7,-331.96
CA-2014-142587,10/21/2014,Tracy Blumstein,East,Office Supplies,121.792,4,0.2,13.7016
CA-2014-142587,10/21/2014,Tracy Blumstein,East,Furniture,409.59,3,0.4,-122.877
CA-2014-157623,3/14/2014,Dean Katz,West,Office Supplies,10.56,2,0,4.752
CA-2014-157623,3/14/2014,Dean Katz,West,Office Supplies,3.38,1,0,1.2506
CA-2017-145310,12/22/2017,Jeremy Pistek,South,Office Supplies,7.824,1,0.2,2.934
CA-2016-100083,11/24/2016,Carol Darley,West,Office Supplies,24.784,1,0.2,7.745
US-2017-108063,12/2/2017,Adam Shillingsburg,South,Office Supplies,34.65,3,0,10.395
CA-2015-109197,12/31/2015,Jas O'Carroll,West,Office Supplies,487.984,2,0.2,152.495
CA-2017-141789,10/3/2017,Amy Cox,Central,Office Supplies,1793.98,2,0,843.1706
CA-2014-169775,8/29/2014,Ryan Akin,South,Office Supplies,29.808,2,0.2,10.8054
CA-2014-169775,8/29/2014,Ryan Akin,South,Office Supplies,505.176,4,0.7,-336.784
CA-2014-169775,8/29/2014,Ryan Akin,South,Furniture,174.0585,3,0.45,-110.7645
CA-2016-140543,6/29/2016,Corey-Lock,South,Office Supplies,191.88,6,0,19.188
CA-2016-151141,8/20/2016,Dianna Wilson,Central,Technology,14.78,2,0,3.9906
CA-2017-167094,10/21/2017,Damala Kotsonis,West,Office Supplies,5.184,1,0.2,1.8144
CA-2017-167094,10/21/2017,Damala Kotsonis,West,Furniture,478.48,2,0.2,47.848
CA-2017-167094,10/21/2017,Damala Kotsonis,West,Technology,28.4,2,0.2,6.745
CA-2017-154410,10/21/2017,Michael Dominguez,Central,Office Supplies,909.12,8,0,9.0912
US-2016-150567,5/17/2016,Roy Phan,South,Office Supplies,2.952,2,0.7,-2.1648
US-2016-150567,5/17/2016,Roy Phan,South,Office Supplies,27.018,6,0.7,-21.6144
CA-2015-157959,2/3/2015,Rick Wilson,West,Furniture,136.92,4,0,41.076
CA-2017-105886,12/18/2017,Duane Benoit,East,Furniture,18.96,2,0,8.532
CA-2016-105963,11/15/2016,Stewart Carmichael,West,Technology,99.39,3,0,40.7499
CA-2017-121503,7/3/2017,Frank Hawley,Central,Office Supplies,273.896,7,0.2,92.4399
CA-2017-121503,7/3/2017,Frank Hawley,Central,Technology,597.132,3,0.4,49.761
CA-2014-103366,1/15/2014,Erica Hackney,South,Technology,149.95,5,0,65.978
CA-2017-124597,4/30/2017,Ann Steele,South,Office Supplies,4.608,2,0.2,1.6704
CA-2017-124597,4/30/2017,Ann Steele,South,Office Supplies,15.528,3,0.2,4.8525
CA-2017-124597,4/30/2017,Ann Steele,South,Office Supplies,11.952,3,0.2,3.8844
CA-2015-105634,11/8/2015,Helen Abelman,East,Office Supplies,11.65,5,0,3.3785
CA-2015-123673,10/30/2015,Cathy Hwang,Central,Technology,299.9,2,0,74.975
US-2017-111423,8/17/2017,Edward Hooks,East,Office Supplies,895.92,5,0.2,302.373
US-2017-111423,8/17/2017,Edward Hooks,East,Furniture,462.564,2,0.1,97.6524
CA-2015-125178,10/3/2015,Mary Zewe,East,Office Supplies,15.008,2,0.2,1.5008
CA-2016-156685,7/8/2016,Scot Coram,Central,Technology,863.64,9,0.2,107.955
CA-2016-156685,7/8/2016,Scot Coram,Central,Office Supplies,47.616,3,0.2,3.5712
CA-2017-126865,12/5/2017,Naresj Patel,West,Office Supplies,92.94,3,0,41.823
CA-2017-102834,3/9/2017,Lindsay Williams,West,Technology,199.98,2,0,69.993
US-2016-139710,6/9/2016,Greg Matthias,West,Technology,177.48,3,0.2,19.9665
CA-2017-121538,11/28/2017,Rick Hansen,West,Office Supplies,88.768,2,0.2,31.0688
US-2017-101539,3/16/2017,Valerie Mitchum,West,Office Supplies,6.48,1,0,3.1104
US-2017-101539,3/16/2017,Valerie Mitchum,West,Office Supplies,46.51,1,0,1.8604
US-2017-101539,3/16/2017,Valerie Mitchum,West,Technology,659.976,3,0.2,49.4982
CA-2016-152121,11/27/2016,Craig Carreira,West,Technology,271.992,1,0.2,23.7993
CA-2017-161200,8/6/2017,Seth Vernon,South,Furniture,145.74,3,0,23.3184
CA-2017-161200,8/6/2017,Seth Vernon,South,Furniture,15.4,5,0,7.392
CA-2017-101245,11/27/2017,Lindsay Williams,West,Office Supplies,244.55,5,0,114.9385
CA-2017-101245,11/27/2017,Lindsay Williams,West,Technology,166.16,8,0,59.8176
CA-2015-141768,5/25/2015,Nora Pelletier,West,Furniture,14.73,3,0,4.8609
CA-2016-112109,7/8/2016,Joe Elijah,West,Office Supplies,19.968,2,0.7,-13.312
CA-2016-112109,7/8/2016,Joe Elijah,West,Office Supplies,33.488,7,0.2,-1.2558
CA-2016-112109,7/8/2016,Joe Elijah,West,Office Supplies,8.736,4,0.7,-6.1152
CA-2016-112109,7/8/2016,Joe Elijah,West,Furniture,662.88,3,0.2,74.574
CA-2017-144064,8/29/2017,Cathy Prescott,Central,Office Supplies,47.36,4,0.2,17.76
CA-2017-144064,8/29/2017,Cathy Prescott,Central,Office Supplies,27.44,2,0.2,2.401
CA-2017-144064,8/29/2017,Cathy Prescott,Central,Office Supplies,3.24,9,0.8,-5.184
CA-2016-108581,6/20/2016,Erin Ashbrook,Central,Technology,95.968,4,0.2,26.3912
CA-2016-108581,6/20/2016,Erin Ashbrook,Central,Office Supplies,10.368,2,0.2,3.6288
CA-2017-157987,9/2/2017,Ann Chong,East,Office Supplies,23.1,2,0,6.468
CA-2017-157987,9/2/2017,Ann Chong,East,Furniture,11.54,2,0,3.462
CA-2017-157987,9/2/2017,Ann Chong,East,Furniture,254.526,1,0.4,-93.3262
CA-2017-157987,9/2/2017,Ann Chong,East,Office Supplies,12.98,1,0,3.7642
CA-2017-157987,9/2/2017,Ann Chong,East,Office Supplies,26.432,8,0.2,8.9208
CA-2017-157987,9/2/2017,Ann Chong,East,Technology,197.97,3,0,57.4113
CA-2017-157987,9/2/2017,Ann Chong,East,Office Supplies,18.9,6,0,9.072
CA-2017-157987,9/2/2017,Ann Chong,East,Furniture,1282.41,5,0.1,213.735
CA-2017-157987,9/2/2017,Ann Chong,East,Office Supplies,4.92,3,0,2.214
CA-2017-157987,9/2/2017,Ann Chong,East,Technology,238,2,0,38.08
CA-2017-157987,9/2/2017,Ann Chong,East,Technology,167.97,3,0,40.3128
CA-2017-157987,9/2/2017,Ann Chong,East,Office Supplies,17.12,4,0,7.704
CA-2017-110905,9/10/2017,Robert Waldorf,Central,Office Supplies,16.2,3,0,7.776
CA-2017-110905,9/10/2017,Robert Waldorf,Central,Office Supplies,33.99,3,0,14.6157
CA-2017-110905,9/10/2017,Robert Waldorf,Central,Technology,296.85,5,0,53.433
CA-2017-110905,9/10/2017,Robert Waldorf,Central,Technology,112.8,6,0,6.768
CA-2017-110905,9/10/2017,Robert Waldorf,Central,Office Supplies,13.71,3,0,6.5808
CA-2017-110905,9/10/2017,Robert Waldorf,Central,Office Supplies,24.9,5,0,11.703
CA-2017-110905,9/10/2017,Robert Waldorf,Central,Office Supplies,286.29,3,0,17.1774
CA-2017-110905,9/10/2017,Robert Waldorf,Central,Office Supplies,24.18,2,0,7.254
CA-2017-165841,12/21/2017,Dean Braden,East,Technology,281.97,3,0,78.9516
CA-2017-165841,12/21/2017,Dean Braden,East,Office Supplies,69.5,5,0,20.155
CA-2017-165841,12/21/2017,Dean Braden,East,Office Supplies,166.44,3,0,79.8912
CA-2017-117485,9/23/2017,Bill Donatelli,Central,Technology,291.96,4,0,102.186
CA-2017-140242,5/6/2017,Max Ludwig,Central,Office Supplies,6.408,3,0.2,0.6408
CA-2017-140242,5/6/2017,Max Ludwig,Central,Technology,408.744,7,0.2,76.6395
CA-2014-148950,12/14/2014,Joy Daniels,Central,Office Supplies,5.104,4,0.8,-8.6768
CA-2014-148950,12/14/2014,Joy Daniels,Central,Office Supplies,2.896,2,0.2,0.4706
CA-2014-148950,12/14/2014,Joy Daniels,Central,Technology,35.016,3,0.2,-2.1885
CA-2014-110408,10/18/2014,Alan Schoenberger,South,Office Supplies,275.97,3,0,11.0388
CA-2014-110408,10/18/2014,Alan Schoenberger,South,Technology,1394.95,5,0,362.687
CA-2014-110408,10/18/2014,Alan Schoenberger,South,Furniture,545.88,6,0,70.9644
CA-2015-109939,5/8/2015,Allen Armold,West,Office Supplies,5.248,2,0.2,0.5904
CA-2016-112669,4/14/2016,Kean Takahito,West,Furniture,933.536,4,0.2,105.0228
CA-2016-112669,4/14/2016,Kean Takahito,West,Office Supplies,42.976,4,0.2,4.2976
CA-2015-119592,12/14/2015,Muhammed MacIntyre,South,Office Supplies,3.76,2,0,1.8048
CA-2014-122749,12/3/2014,Nathan Gelder,Central,Technology,479.96,4,0,134.3888
CA-2014-164721,11/25/2014,Laurel Workman,West,Office Supplies,320.88,6,0,93.0552
CA-2014-164721,11/25/2014,Laurel Workman,West,Furniture,23.88,3,0,10.5072
CA-2014-164721,11/25/2014,Laurel Workman,West,Office Supplies,26.76,4,0,12.3096
CA-2016-147417,7/25/2016,Christy Brittain,East,Technology,1439.976,4,0.4,191.9968
CA-2015-127509,11/9/2015,Adam Shillingsburg,Central,Office Supplies,17.22,3,0,7.9212
CA-2015-127509,11/9/2015,Adam Shillingsburg,Central,Furniture,1024.38,7,0,215.1198
CA-2015-127509,11/9/2015,Adam Shillingsburg,Central,Office Supplies,26.22,3,0,12.3234
CA-2015-127509,11/9/2015,Adam Shillingsburg,Central,Office Supplies,17.34,3,0,8.4966
CA-2017-111374,2/24/2017,Christy Brittain,East,Office Supplies,4.956,4,0.7,-3.7996
CA-2017-133648,6/25/2017,Max Ludwig,West,Office Supplies,71.04,6,0.2,26.64
CA-2017-133648,6/25/2017,Max Ludwig,West,Office Supplies,5.344,2,0.2,0.7348
CA-2017-133648,6/25/2017,Max Ludwig,West,Office Supplies,11.304,3,0.2,-2.1195
US-2017-147221,12/2/2017,Joy Smith,Central,Office Supplies,294.62,5,0.8,-766.012
US-2017-147221,12/2/2017,Joy Smith,Central,Furniture,8.752,4,0.6,-3.7196
CA-2014-131905,2/6/2014,Neil Ducich,South,Office Supplies,15,4,0,7.2
CA-2014-131905,2/6/2014,Neil Ducich,South,Technology,161.61,1,0,42.0186
CA-2014-131905,2/6/2014,Neil Ducich,South,Technology,144.95,5,0,42.0355
CA-2017-166128,4/11/2017,Luke Weiss,West,Technology,199.95,5,0,21.9945
CA-2017-166128,4/11/2017,Luke Weiss,West,Office Supplies,41.86,7,0,14.2324
CA-2017-163510,12/25/2017,Joni Wasserman,South,Office Supplies,95.94,3,0,9.594
CA-2017-163510,12/25/2017,Joni Wasserman,South,Furniture,304.45,5,0,76.1125
US-2017-143028,4/11/2017,Sample Company A,Central,Office Supplies,11.364,3,0.8,-17.046
CA-2014-111150,12/31/2014,Rob Williams,Central,Office Supplies,29.68,7,0,11.5752
CA-2014-111150,12/31/2014,Rob Williams,Central,Technology,47.53,7,0,16.1602
CA-2017-165386,8/3/2017,Charlotte Melton,Central,Furniture,183.372,2,0.3,-36.6744
CA-2014-116407,11/15/2014,Jamie Frazer,South,Office Supplies,4.224,3,0.2,0.4752
CA-2014-116407,11/15/2014,Jamie Frazer,South,Office Supplies,333.056,2,0.2,29.1424
CA-2014-116407,11/15/2014,Jamie Frazer,South,Office Supplies,24.896,4,0.2,7.78
CA-2015-155761,12/11/2015,Stuart Calhoun,Central,Technology,159.984,2,0.2,35.9964
CA-2015-155761,12/11/2015,Stuart Calhoun,Central,Office Supplies,46.344,3,0.2,4.6344
CA-2016-145905,9/18/2016,Anne McFarland,South,Furniture,350.98,1,0,84.2352
CA-2016-145905,9/18/2016,Anne McFarland,South,Office Supplies,13.08,2,0,6.0168
CA-2016-145905,9/18/2016,Anne McFarland,South,Office Supplies,900.08,4,0,117.0104
CA-2015-113110,3/19/2015,Berenike Kampe,West,Office Supplies,17.568,2,0.2,6.3684
CA-2015-113110,3/19/2015,Berenike Kampe,West,Office Supplies,14.62,2,0,6.8714
CA-2015-113110,3/19/2015,Berenike Kampe,West,Office Supplies,33.36,4,0,8.6736
CA-2015-113110,3/19/2015,Berenike Kampe,West,Office Supplies,40.14,6,0,19.6686
CA-2016-168354,9/19/2016,Rick Huthwaite,East,Office Supplies,1606.23,9,0,481.869
CA-2016-168354,9/19/2016,Rick Huthwaite,East,Office Supplies,17.04,3,0,7.668
CA-2016-168354,9/19/2016,Rick Huthwaite,East,Office Supplies,49.53,3,0,23.7744
CA-2016-168354,9/19/2016,Rick Huthwaite,East,Furniture,872.32,4,0,244.2496
US-2017-111241,8/20/2017,Gene McClure,West,Office Supplies,239.12,5,0.2,77.714
CA-2015-114237,3/13/2015,Marc Crier,West,Furniture,141.96,2,0,39.7488
CA-2016-113516,9/8/2016,Valerie Mitchum,West,Office Supplies,33.024,2,0.2,11.5584
CA-2016-113516,9/8/2016,Valerie Mitchum,West,Office Supplies,67.136,4,0.2,23.4976
CA-2015-117961,11/26/2015,Guy Phonely,East,Office Supplies,14.73,3,0,6.9231
CA-2015-117961,11/26/2015,Guy Phonely,East,Office Supplies,104.9,5,0,25.176
CA-2015-117961,11/26/2015,Guy Phonely,East,Office Supplies,61.04,4,0,30.52
CA-2015-117961,11/26/2015,Guy Phonely,East,Office Supplies,10.95,3,0,5.1465
CA-2016-128923,12/9/2016,George Bell,Central,Office Supplies,9.392,2,0.2,3.2872
CA-2016-128923,12/9/2016,George Bell,Central,Office Supplies,9.328,1,0.2,0.8162
CA-2017-162481,9/25/2017,Carol Triggs,Central,Office Supplies,8.26,2,0,3.8822
CA-2017-162481,9/25/2017,Carol Triggs,Central,Furniture,269.97,3,0,51.2943
CA-2015-119214,1/23/2015,Carl Weiss,West,Office Supplies,29.04,3,0,13.9392
CA-2015-119214,1/23/2015,Carl Weiss,West,Office Supplies,14.62,2,0,6.8714
CA-2015-122287,6/18/2015,Skye Norling,West,Office Supplies,11.952,3,0.2,4.3326
CA-2015-122287,6/18/2015,Skye Norling,West,Office Supplies,4.536,7,0.7,-3.3264
CA-2015-122287,6/18/2015,Skye Norling,West,Office Supplies,9.156,2,0.7,-6.104
CA-2015-122287,6/18/2015,Skye Norling,West,Furniture,75.36,5,0.2,20.724
CA-2015-104493,10/2/2015,Ed Braxton,West,Office Supplies,57.504,6,0.2,20.1264
US-2017-158946,11/18/2017,Jane Waco,East,Office Supplies,38.864,7,0.2,7.7728
CA-2014-129168,8/17/2014,Ken Black,Central,Office Supplies,15.552,3,0.2,5.4432
CA-2016-131835,7/17/2016,Matt Collister,East,Office Supplies,162.64,2,0,45.5392
CA-2016-131835,7/17/2016,Matt Collister,East,Technology,597,3,0,280.59
CA-2016-131835,7/17/2016,Matt Collister,East,Office Supplies,55.48,1,0,26.6304
CA-2015-142237,7/11/2015,Clytie Kelty,East,Furniture,289.8,7,0.2,36.225
CA-2015-142237,7/11/2015,Clytie Kelty,East,Office Supplies,2.502,3,0.7,-2.0016
CA-2015-142237,7/11/2015,Clytie Kelty,East,Office Supplies,6.48,4,0.7,-4.752
CA-2015-142237,7/11/2015,Clytie Kelty,East,Furniture,341.488,8,0.3,-73.176
CA-2015-142237,7/11/2015,Clytie Kelty,East,Office Supplies,11.12,5,0.2,0.834
CA-2015-142237,7/11/2015,Clytie Kelty,East,Furniture,25.344,6,0.2,3.4848
CA-2016-136434,12/1/2016,Rick Duston,Central,Furniture,17.31,3,0,5.193
CA-2017-120376,12/22/2017,Theone Pippenger,Central,Technology,199.95,5,0,63.984
CA-2017-120376,12/22/2017,Theone Pippenger,Central,Furniture,1586.69,7,0,412.5394
CA-2017-120376,12/22/2017,Theone Pippenger,Central,Technology,84.99,1,0,30.5964
CA-2017-120376,12/22/2017,Theone Pippenger,Central,Furniture,411.8,2,0,70.006
CA-2014-106439,10/31/2014,Greg Guthrie,West,Office Supplies,11.34,3,0,5.2164
CA-2014-106439,10/31/2014,Greg Guthrie,West,Office Supplies,80.3,5,0,20.878
CA-2014-106439,10/31/2014,Greg Guthrie,West,Office Supplies,15.968,2,0.2,5.3892
CA-2014-106439,10/31/2014,Greg Guthrie,West,Office Supplies,64.74,13,0,30.4278
CA-2014-106439,10/31/2014,Greg Guthrie,West,Office Supplies,19.296,3,0.2,6.03
CA-2014-106439,10/31/2014,Greg Guthrie,West,Office Supplies,405.64,4,0,12.1692
CA-2014-106439,10/31/2014,Greg Guthrie,West,Furniture,146.352,3,0.2,-9.147
CA-2014-106439,10/31/2014,Greg Guthrie,West,Technology,251.91,9,0,47.8629
CA-2014-106439,10/31/2014,Greg Guthrie,West,Office Supplies,12.39,3,0,3.717
CA-2015-133452,4/13/2015,Zuschuss Carroll,West,Technology,199.96,4,0,69.986
CA-2015-133452,4/13/2015,Zuschuss Carroll,West,Furniture,710.832,3,0.2,-97.7394
CA-2016-146521,7/21/2016,Corey Catlett,East,Office Supplies,1.941,1,0.7,-1.294
US-2017-110996,11/20/2017,Kelly Andreada,West,Furniture,283.92,5,0.2,-46.137
CA-2016-129693,11/26/2016,Tamara Chand,West,Office Supplies,7.312,2,0.2,2.5592
CA-2017-122504,11/7/2017,Deborah Brumfield,West,Technology,59.97,3,0,13.7931
CA-2017-122504,11/7/2017,Deborah Brumfield,West,Technology,761.544,7,0.2,66.6351
CA-2014-131051,12/1/2014,Toby Ritter,West,Furniture,58.2,3,0,28.518
CA-2017-140676,9/12/2017,Bart Folk,East,Office Supplies,39.9,5,0,19.95
CA-2017-140676,9/12/2017,Bart Folk,East,Office Supplies,90.86,7,0,26.3494
CA-2017-140676,9/12/2017,Bart Folk,East,Office Supplies,94.85,5,0,45.528
CA-2015-120103,12/24/2015,Maribeth Schnelling,West,Office Supplies,106.232,7,0.2,37.1812
CA-2015-120103,12/24/2015,Maribeth Schnelling,West,Technology,111.984,2,0.2,11.1984
CA-2015-120103,12/24/2015,Maribeth Schnelling,West,Furniture,7.712,2,0.2,1.7352
CA-2017-104647,2/23/2017,Clytie Kelty,West,Office Supplies,37.44,6,0,16.848
CA-2014-110352,11/23/2014,Emily Ducich,Central,Office Supplies,23.68,2,0.2,8.88
CA-2016-140501,6/23/2016,Irene Maddox,East,Office Supplies,122.12,4,0,56.1752
CA-2016-140501,6/23/2016,Irene Maddox,East,Office Supplies,18.45,5,0,8.6715
CA-2016-140501,6/23/2016,Irene Maddox,East,Office Supplies,324.9,5,0,38.988
CA-2016-140501,6/23/2016,Irene Maddox,East,Office Supplies,146.73,3,0,68.9631
CA-2016-140501,6/23/2016,Irene Maddox,East,Office Supplies,3.96,2,0,1.4652
CA-2015-139290,10/26/2015,Maribeth Yedwab,West,Office Supplies,5.76,2,0,2.6496
CA-2017-166142,7/15/2017,Magdelene Morse,East,Office Supplies,26.55,3,0,13.0095
CA-2017-166142,7/15/2017,Magdelene Morse,East,Furniture,310.443,3,0.3,-48.7839
CA-2014-145926,11/17/2014,Mark Packer,Central,Furniture,479.9,5,0,81.583
CA-2015-149678,4/13/2015,Anthony Witt,West,Office Supplies,12.88,1,0,0.3864
US-2015-164357,11/25/2015,Sandra Flanagan,South,Office Supplies,13.12,5,0.2,1.476
US-2016-146570,5/15/2016,Steve Nguyen,South,Office Supplies,511.84,8,0,240.5648
US-2016-146570,5/15/2016,Steve Nguyen,South,Office Supplies,91.96,4,0,25.7488
US-2016-146570,5/15/2016,Steve Nguyen,South,Office Supplies,8.34,3,0,2.1684
CA-2017-124401,9/7/2017,Ruben Dartt,West,Office Supplies,37.68,3,0.2,2.355
CA-2017-124401,9/7/2017,Ruben Dartt,West,Technology,279.944,7,0.2,80.4839
US-2014-140116,3/10/2014,Kean Thornton,West,Office Supplies,636.408,3,0.2,-15.9102
US-2014-140116,3/10/2014,Kean Thornton,West,Office Supplies,83.168,4,0.2,9.3564
CA-2014-123295,7/18/2014,Adrian Hane,West,Furniture,259.136,4,0.2,-25.9136
CA-2017-167101,3/24/2017,Brian Moss,East,Office Supplies,221.92,4,0,106.5216
CA-2017-167101,3/24/2017,Brian Moss,East,Technology,26,2,0,11.7
US-2014-167633,9/30/2014,Ben Wallace,South,Office Supplies,15.552,3,0.2,5.4432
US-2014-152723,9/26/2014,Henry Goldwyn,Central,Office Supplies,0.876,1,0.8,-1.4016
CA-2015-164882,10/31/2015,Sandra Glassco,West,Office Supplies,19.98,1,0,9.3906
CA-2015-164882,10/31/2015,Sandra Glassco,West,Office Supplies,398.352,3,0.2,124.485
CA-2015-164882,10/31/2015,Sandra Glassco,West,Office Supplies,5.04,3,0,1.26
CA-2015-164882,10/31/2015,Sandra Glassco,West,Office Supplies,17.45,5,0,8.027
CA-2015-164882,10/31/2015,Sandra Glassco,West,Furniture,323.136,4,0.2,20.196
CA-2015-164882,10/31/2015,Sandra Glassco,West,Office Supplies,29.7,3,0,8.019
CA-2015-164882,10/31/2015,Sandra Glassco,West,Technology,1295.84,4,0.2,145.782
CA-2015-164882,10/31/2015,Sandra Glassco,West,Office Supplies,46.84,2,0,12.6468
CA-2015-164882,10/31/2015,Sandra Glassco,West,Furniture,425.833,1,0.15,20.0392
CA-2015-159786,10/12/2015,Ralph Kennedy,East,Furniture,209.67,1,0.4,-13.978
CA-2016-130267,9/19/2016,Scot Wooten,West,Office Supplies,159.88,7,0,73.5448
CA-2017-155460,4/13/2017,Rob Williams,West,Office Supplies,5.28,1,0,2.376
CA-2017-155460,4/13/2017,Rob Williams,West,Office Supplies,895.92,5,0.2,302.373
US-2017-168690,1/7/2017,Thais Sissman,South,Office Supplies,2.808,3,0.7,-1.9656
CA-2017-158246,11/9/2017,Jennifer Braxton,West,Furniture,215.976,3,0.2,-2.6997
CA-2017-167381,9/22/2017,Erica Hernandez,Central,Furniture,241.96,2,0,41.1332
CA-2017-167381,9/22/2017,Erica Hernandez,Central,Office Supplies,27.72,9,0,13.3056
CA-2017-144862,12/1/2017,Erica Hernandez,East,Office Supplies,104.68,5,0.2,35.3295
CA-2017-144862,12/1/2017,Erica Hernandez,East,Technology,62.958,7,0.4,9.4437
CA-2014-126032,6/23/2014,Brian Stugart,East,Technology,86.376,3,0.2,1.0797
CA-2015-134859,10/4/2015,Julie Kriz,East,Furniture,64.944,3,0.2,6.4944
CA-2015-134859,10/4/2015,Julie Kriz,East,Office Supplies,20.736,4,0.2,7.2576
US-2014-114188,5/20/2014,Randy Ferguson,East,Office Supplies,33.28,4,0,9.3184
US-2014-114188,5/20/2014,Randy Ferguson,East,Office Supplies,38.52,9,0,11.9412
US-2014-114188,5/20/2014,Randy Ferguson,East,Furniture,139.86,7,0,60.1398
CA-2015-156524,11/20/2015,Dan Lawera,East,Office Supplies,19.65,3,0,9.039
CA-2015-122210,11/30/2015,William Brown,East,Office Supplies,152.991,3,0.7,-122.3928
CA-2015-122210,11/30/2015,William Brown,East,Office Supplies,10.584,7,0.2,-2.3814
CA-2015-122210,11/30/2015,William Brown,East,Technology,94.92,4,0.4,15.82
CA-2015-156377,12/31/2015,Trudy Brown,Central,Furniture,14.76,5,0.6,-11.439
CA-2015-156377,12/31/2015,Trudy Brown,Central,Office Supplies,3.656,4,0.8,-5.8496
US-2017-157896,11/16/2017,Christy Brittain,East,Office Supplies,146.82,3,0,73.41
CA-2014-159520,6/6/2014,Grant Thornton,East,Office Supplies,149.544,9,0.2,50.4711
CA-2014-159520,6/6/2014,Grant Thornton,East,Office Supplies,17.14,2,0,4.4564
CA-2014-159520,6/6/2014,Grant Thornton,East,Furniture,991.764,3,0.4,-347.1174
CA-2016-155481,9/1/2016,Dean Katz,East,Office Supplies,30.48,6,0.2,9.906
CA-2016-155481,9/1/2016,Dean Katz,East,Technology,23.988,2,0.4,-4.7976
CA-2016-155481,9/1/2016,Dean Katz,East,Office Supplies,16.688,7,0.2,5.4236
US-2016-152051,6/25/2016,Theresa Swint,East,Furniture,422.058,3,0.3,-18.0882
US-2016-152051,6/25/2016,Theresa Swint,East,Office Supplies,38.088,4,0.7,-27.9312
US-2016-152051,6/25/2016,Theresa Swint,East,Office Supplies,254.352,6,0.2,-50.8704
CA-2014-141607,12/12/2014,William Brown,West,Furniture,43.31,1,0,4.331
CA-2017-102771,3/31/2017,Denny Ordway,East,Technology,84.95,5,0,22.087
US-2017-139969,11/19/2017,Art Ferguson,Central,Furniture,233.058,3,0.3,-53.2704
CA-2014-167360,11/24/2014,Richard Bierner,Central,Technology,111.79,7,0,43.5981
CA-2015-123505,11/22/2015,Andy Reiter,East,Office Supplies,14.94,3,0,7.0218
CA-2016-117282,7/14/2016,Dan Reichenbach,East,Office Supplies,14.16,2,0.2,5.133
US-2016-120460,4/30/2016,Ben Ferrer,Central,Furniture,22.608,3,0.6,-10.1736
CA-2016-111115,7/25/2016,Larry Blacks,West,Office Supplies,21.48,6,0,10.74
CA-2014-124646,6/22/2014,Dianna Vittorini,Central,Office Supplies,501.81,3,0,0
CA-2014-124646,6/22/2014,Dianna Vittorini,Central,Office Supplies,161.94,3,0,9.7164
CA-2017-148166,10/21/2017,Neil Knudson,South,Office Supplies,17.856,4,0.2,2.0088
CA-2016-159737,9/3/2016,Carlos Soltero,Central,Office Supplies,8.808,3,0.8,-14.9736
CA-2016-141019,5/14/2016,Logan Haushalter,East,Furniture,79.384,1,0.2,29.769
CA-2016-101938,1/7/2016,Dianna Wilson,West,Office Supplies,34.58,1,0,10.0282
CA-2017-166296,3/13/2017,Karen Ferguson,West,Office Supplies,314.55,3,0,150.984
CA-2016-154018,10/13/2016,Helen Andreada,Central,Technology,191.976,3,0.2,23.997
CA-2016-154018,10/13/2016,Helen Andreada,Central,Office Supplies,8.288,2,0.2,3.0044
CA-2016-154018,10/13/2016,Helen Andreada,Central,Furniture,139.92,5,0.6,-150.414
CA-2016-154018,10/13/2016,Helen Andreada,Central,Office Supplies,15.872,1,0.2,1.1904
CA-2016-154018,10/13/2016,Helen Andreada,Central,Office Supplies,6.286,7,0.8,-11.0005
CA-2017-117870,1/27/2017,John Huston,East,Office Supplies,14.016,3,0.2,1.752
CA-2017-117870,1/27/2017,John Huston,East,Technology,71.976,3,0.2,-8.997
CA-2017-117870,1/27/2017,John Huston,East,Technology,107.982,3,0.4,-26.9955
US-2017-137491,11/19/2017,Linda Cazamias,Central,Furniture,305.312,2,0.3,-8.7232
CA-2014-152296,8/1/2014,Ivan Liston,West,Office Supplies,19.752,3,0.2,6.9132
CA-2016-112025,7/30/2016,Lindsay Shagiari,Central,Office Supplies,9.264,3,0.8,-13.896
CA-2015-132507,7/30/2015,Corey Catlett,Central,Office Supplies,61.792,4,0.2,6.1792
CA-2016-125738,10/15/2016,Patrick Bzostek,West,Office Supplies,45.68,2,0,21.0128
CA-2016-125738,10/15/2016,Patrick Bzostek,West,Office Supplies,60.12,9,0,28.8576
CA-2016-125738,10/15/2016,Patrick Bzostek,West,Office Supplies,41.72,5,0.2,13.0375
CA-2016-125738,10/15/2016,Patrick Bzostek,West,Office Supplies,71.6,8,0,32.936
CA-2016-128818,5/7/2016,Caroline Jumper,East,Office Supplies,85.232,7,0.2,30.8966
CA-2016-128818,5/7/2016,Caroline Jumper,East,Office Supplies,44.4,3,0,22.2
CA-2016-128818,5/7/2016,Caroline Jumper,East,Furniture,442.764,4,0.1,59.0352
CA-2016-128818,5/7/2016,Caroline Jumper,East,Technology,3999.95,5,0,1159.9855
CA-2016-128818,5/7/2016,Caroline Jumper,East,Technology,199.95,5,0,21.9945
CA-2016-128818,5/7/2016,Caroline Jumper,East,Furniture,63.68,8,0,28.0192
CA-2017-124576,8/1/2017,Heather Kirkland,West,Office Supplies,54.896,2,0.2,18.5274
CA-2016-101378,7/14/2016,Rob Haberlin,South,Technology,29,2,0,7.25
CA-2017-143063,8/10/2017,Ivan Liston,Central,Office Supplies,70.08,6,0,35.04
CA-2017-143063,8/10/2017,Ivan Liston,Central,Furniture,121.3,2,0,25.473
CA-2017-143063,8/10/2017,Ivan Liston,Central,Technology,1454.49,9,0,378.1674
CA-2016-118913,6/25/2016,Alan Shonely,West,Office Supplies,60.81,3,0,17.0268
CA-2016-128412,12/10/2016,Arthur Prichep,West,Office Supplies,153.552,3,0.2,51.8238
CA-2016-128412,12/10/2016,Arthur Prichep,West,Office Supplies,65.34,3,0,22.869
CA-2016-128412,12/10/2016,Arthur Prichep,West,Office Supplies,123.92,4,0,55.764
CA-2016-128412,12/10/2016,Arthur Prichep,West,Office Supplies,35.1,3,0,12.285
CA-2016-128412,12/10/2016,Arthur Prichep,West,Technology,44.75,5,0,8.5025
CA-2016-136483,12/1/2016,Allen Goldenen,South,Office Supplies,4.704,2,0.2,0.4116
CA-2014-163013,11/28/2014,Bart Folk,South,Office Supplies,14.67,3,0,3.9609
CA-2015-135363,3/28/2015,Chloris Kastensmidt,East,Office Supplies,15.552,3,0.2,5.4432
CA-2015-135363,3/28/2015,Chloris Kastensmidt,East,Office Supplies,5.232,1,0.2,1.7004
US-2014-165659,6/1/2014,Liz Thompson,South,Furniture,22.2,6,0,9.102
US-2014-165659,6/1/2014,Liz Thompson,South,Technology,881.93,7,0,229.3018
CA-2015-138002,9/6/2015,Beth Thompson,West,Office Supplies,6.096,2,0.2,2.1336
CA-2015-138002,9/6/2015,Beth Thompson,West,Furniture,191.82,3,0,74.8098
CA-2015-128860,6/29/2015,Steven Cartwright,East,Furniture,20.104,1,0.2,1.7591
CA-2016-164350,9/10/2016,Catherine Glotzbach,South,Office Supplies,67.56,3,0.2,8.445
US-2014-103905,7/14/2014,Arthur Wiediger,Central,Office Supplies,29.932,7,0.8,-46.3946
US-2014-103905,7/14/2014,Arthur Wiediger,Central,Technology,38.272,4,0.2,3.8272
CA-2015-129854,8/22/2015,Roger Barcio,East,Office Supplies,16.52,4,0,7.5992
CA-2014-125556,11/14/2014,Maris LaWare,East,Technology,832.93,7,0,233.2204
CA-2014-125556,11/14/2014,Maris LaWare,East,Office Supplies,43.8,10,0,21.024
CA-2016-162313,11/27/2016,Victoria Brennan,Central,Office Supplies,167.292,6,0.1,29.7408
CA-2017-107874,11/21/2017,Scott Williamson,East,Furniture,27.42,1,0,11.2422
CA-2017-129378,10/1/2017,Neola Schneider,West,Office Supplies,1.44,1,0.2,0.504
CA-2017-129378,10/1/2017,Neola Schneider,West,Office Supplies,61.776,13,0.2,20.8494
CA-2017-129378,10/1/2017,Neola Schneider,West,Office Supplies,241.96,2,0,60.49
CA-2017-129378,10/1/2017,Neola Schneider,West,Furniture,108.608,4,0.2,9.5032
CA-2014-151953,9/20/2014,Dorothy Badders,South,Office Supplies,2.816,2,0.2,0.9856
CA-2017-130841,7/28/2017,Matt Hagelstein,West,Office Supplies,9.984,4,0.2,3.6192
CA-2017-130841,7/28/2017,Matt Hagelstein,West,Office Supplies,14.98,1,0,4.1944
CA-2017-130841,7/28/2017,Matt Hagelstein,West,Technology,1145.6,4,0.2,100.24
CA-2015-131884,12/6/2015,Dennis Kane,East,Technology,485.94,2,0.4,-89.089
CA-2015-131884,12/6/2015,Dennis Kane,East,Office Supplies,37.376,8,0.2,4.672
CA-2015-131884,12/6/2015,Dennis Kane,East,Furniture,70.686,1,0.3,-24.2352
CA-2017-121909,7/31/2017,Erin Ashbrook,East,Office Supplies,54.816,3,0.2,17.8152
CA-2016-106383,3/19/2016,Bobby Trafton,West,Furniture,72.294,1,0.7,-98.8018
CA-2017-130771,7/29/2017,Laura Armstrong,Central,Office Supplies,2.896,2,0.2,0.4706
CA-2017-130771,7/29/2017,Laura Armstrong,Central,Technology,124.792,1,0.2,15.599
CA-2016-139157,10/1/2016,Greg Matthias,East,Furniture,330.588,1,0.4,-115.7058
CA-2014-128055,3/31/2014,Alex Avila,West,Office Supplies,673.568,2,0.2,252.588
CA-2014-128055,3/31/2014,Alex Avila,West,Office Supplies,52.98,2,0,14.8344
CA-2017-157091,6/26/2017,Denny Blanton,Central,Furniture,526.45,5,0,31.587
CA-2017-132122,7/9/2017,John Huston,Central,Office Supplies,228.92,5,0.2,14.3075
CA-2015-123232,12/14/2015,Doug Jacobs,West,Technology,319.968,4,0.2,35.9964
CA-2017-104066,12/5/2017,Quincy Jones,East,Technology,205.03,7,0,67.6599
CA-2015-145849,9/15/2015,Carol Triggs,Central,Office Supplies,190.86,2,0,11.4516
CA-2015-145849,9/15/2015,Carol Triggs,Central,Office Supplies,24.32,8,0,8.2688
CA-2016-122322,7/15/2016,Rick Huthwaite,West,Office Supplies,44.4,5,0,12.432
CA-2017-166849,4/20/2017,Sanjit Jacobs,Central,Furniture,44.4,2,0.6,-52.17
CA-2016-146633,11/15/2016,Toby Gnade,West,Office Supplies,1016.792,1,0.2,381.297
CA-2016-146633,11/15/2016,Toby Gnade,West,Office Supplies,38.136,7,0.2,13.3476
US-2016-126893,11/26/2016,Carol Triggs,East,Technology,494.982,3,0.4,-115.4958
CA-2017-103380,11/21/2017,Barry Franz,West,Office Supplies,56.56,2,0,15.2712
CA-2017-103380,11/21/2017,Barry Franz,West,Office Supplies,5.56,2,0,1.4456
CA-2017-103380,11/21/2017,Barry Franz,West,Office Supplies,9.02,2,0,3.5178
CA-2017-103380,11/21/2017,Barry Franz,West,Office Supplies,8.62,1,0,2.2412
CA-2017-103380,11/21/2017,Barry Franz,West,Technology,659.976,3,0.2,49.4982
CA-2015-116092,2/15/2015,Justin MacKendrick,West,Office Supplies,13.36,2,0,6.4128
CA-2015-116092,2/15/2015,Justin MacKendrick,West,Office Supplies,41.72,5,0.2,13.0375
CA-2015-116092,2/15/2015,Justin MacKendrick,West,Office Supplies,11.52,5,0.2,4.176
CA-2015-116092,2/15/2015,Justin MacKendrick,West,Office Supplies,541.44,6,0,157.0176
CA-2015-116092,2/15/2015,Justin MacKendrick,West,Office Supplies,19.44,3,0,9.3312
CA-2016-117849,4/15/2016,Julie Kriz,West,Office Supplies,143.7,3,0,68.976
CA-2015-169201,9/28/2015,Henry Goldwyn,West,Office Supplies,43.26,3,0,14.2758
CA-2015-169201,9/28/2015,Henry Goldwyn,West,Office Supplies,43.56,2,0,15.246
CA-2016-164091,9/17/2016,Laura Armstrong,East,Technology,437.85,3,0,131.355
CA-2016-164091,9/17/2016,Laura Armstrong,East,Furniture,109.48,2,0,33.9388
CA-2017-105214,6/16/2017,Troy Staebel,West,Furniture,1212.96,7,0.2,90.972
CA-2017-105214,6/16/2017,Troy Staebel,West,Office Supplies,18.54,2,0,8.7138
CA-2015-117611,11/8/2015,Maria Zettner,West,Office Supplies,5,1,0,2.4
CA-2015-117611,11/8/2015,Maria Zettner,West,Technology,371.97,3,0,66.9546
US-2015-137960,12/18/2015,Mitch Webber,East,Technology,166.24,1,0,24.936
CA-2017-122994,2/6/2017,Mark Van Huff,South,Furniture,359.97,3,0,79.1934
CA-2016-131065,11/14/2016,Allen Armold,South,Technology,499.98,2,0,114.9954
CA-2016-131065,11/14/2016,Allen Armold,South,Office Supplies,5.28,1,0,2.376
CA-2016-131065,11/14/2016,Allen Armold,South,Office Supplies,8.26,2,0,3.8822
CA-2017-149146,10/12/2017,Sean Miller,South,Office Supplies,7.968,2,0.2,2.6892
CA-2017-137470,9/17/2017,Tom Prescott,West,Office Supplies,12.96,2,0,6.3504
CA-2017-105480,12/20/2017,Dean Katz,East,Office Supplies,6.48,1,0,3.1104
CA-2017-105480,12/20/2017,Dean Katz,East,Office Supplies,6.984,1,0.2,2.3571
CA-2017-164917,12/2/2017,Michael Kennedy,South,Office Supplies,47.96,5,0.2,4.1965
CA-2015-102036,9/21/2015,Chad Sievert,West,Office Supplies,199.74,6,0,47.9376
CA-2015-142944,3/6/2015,John Lucas,West,Furniture,435.26,7,0,95.7572
CA-2015-142944,3/6/2015,John Lucas,West,Technology,1119.984,2,0.2,377.9946
CA-2014-157882,10/3/2014,Allen Rosenblatt,West,Furniture,143.432,1,0.2,3.5858
CA-2014-157882,10/3/2014,Allen Rosenblatt,West,Furniture,122.352,3,0.2,13.7646
CA-2014-104283,6/27/2014,Liz MacKendrick,South,Office Supplies,306.2,5,0,0
CA-2014-104283,6/27/2014,Liz MacKendrick,South,Furniture,85.98,1,0,22.3548
CA-2014-104283,6/27/2014,Liz MacKendrick,South,Technology,223.96,4,0,53.7504
CA-2017-142622,10/30/2017,Jim Karlsson,West,Furniture,97.568,2,0.2,-6.098
CA-2017-142622,10/30/2017,Jim Karlsson,West,Furniture,614.272,8,0.2,-23.0352
CA-2017-142622,10/30/2017,Jim Karlsson,West,Furniture,199.98,2,0,37.9962
CA-2016-132143,9/3/2016,Filia McAdams,East,Office Supplies,48.16,7,0,22.1536
CA-2015-153108,3/5/2015,Sarah Foster,Central,Technology,23.92,2,0,6.6976
CA-2015-153108,3/5/2015,Sarah Foster,Central,Office Supplies,60.69,7,0,16.3863
CA-2016-112676,5/5/2016,Patrick Jones,South,Office Supplies,14.352,3,0.2,5.2026
CA-2017-165687,11/17/2017,Christine Sundaresam,South,Office Supplies,35.04,2,0,12.264
US-2017-112928,6/1/2017,Barry Blumstein,East,Office Supplies,17.48,5,0.2,1.311
CA-2017-143343,6/10/2017,Ben Wallace,West,Office Supplies,16.4,5,0,4.756
CA-2017-115154,1/8/2017,Ricardo Sperren,West,Furniture,892.98,2,0,80.3682
CA-2015-149342,4/20/2015,Theresa Swint,South,Technology,287.97,3,0,77.7519
CA-2015-149342,4/20/2015,Theresa Swint,South,Furniture,595.38,6,0,297.69
CA-2015-149342,4/20/2015,Theresa Swint,South,Office Supplies,12.96,2,0,6.2208
CA-2015-130995,11/1/2015,Quincy Jones,East,Technology,4.95,1,0,1.3365
CA-2017-127929,12/23/2017,Filia McAdams,East,Furniture,181.95,3,0,38.2095
CA-2015-113145,11/1/2015,Valerie Dominguez,East,Office Supplies,13.52,4,0,6.2192
CA-2015-113145,11/1/2015,Valerie Dominguez,East,Furniture,259.7,5,0,106.477
CA-2015-113145,11/1/2015,Valerie Dominguez,East,Technology,42.95,1,0,1.2885
CA-2015-113145,11/1/2015,Valerie Dominguez,East,Technology,1399.93,7,0,601.9699
CA-2015-113145,11/1/2015,Valerie Dominguez,East,Technology,503.96,4,0,125.99
CA-2014-162362,11/14/2014,Jeremy Lonsdale,Central,Office Supplies,12.72,3,0,6.36
CA-2014-162362,11/14/2014,Jeremy Lonsdale,Central,Office Supplies,11.52,4,0,5.6448
CA-2016-106558,1/17/2016,Dionis Lloyd,South,Technology,316,4,0,31.6
CA-2017-157931,9/17/2017,Meg O'Connel,South,Furniture,723.92,4,0,188.2192
CA-2017-157931,9/17/2017,Meg O'Connel,South,Office Supplies,106.32,3,0,49.9704
CA-2016-115574,12/23/2016,Ben Peterman,Central,Furniture,141.372,2,0.3,-14.1372
CA-2015-160794,8/6/2015,Michael Stewart,Central,Office Supplies,27.216,3,0.2,9.8658
CA-2017-116225,11/5/2017,Susan Vittorini,East,Technology,390.75,5,0,171.93
US-2017-120418,6/11/2017,Becky Castell,West,Furniture,280.792,1,0.2,35.099
US-2017-120418,6/11/2017,Becky Castell,West,Office Supplies,68.448,4,0.2,7.7004
US-2017-120418,6/11/2017,Becky Castell,West,Office Supplies,88.04,5,0.2,6.603
US-2017-120418,6/11/2017,Becky Castell,West,Office Supplies,15.872,1,0.2,1.984
US-2017-120418,6/11/2017,Becky Castell,West,Office Supplies,215.592,3,0.2,-48.5082
CA-2017-122035,7/20/2017,Elizabeth Moffitt,Central,Office Supplies,14.62,2,0,6.8714
CA-2017-122035,7/20/2017,Elizabeth Moffitt,Central,Office Supplies,416.32,2,0,112.4064
CA-2017-122035,7/20/2017,Elizabeth Moffitt,Central,Office Supplies,43,5,0,20.21
CA-2017-122035,7/20/2017,Elizabeth Moffitt,Central,Furniture,182.94,3,0,27.441
CA-2017-122035,7/20/2017,Elizabeth Moffitt,Central,Office Supplies,60.83,7,0,30.415
CA-2017-122035,7/20/2017,Elizabeth Moffitt,Central,Technology,389.97,3,0,132.5898
CA-2015-117828,12/23/2015,Bradley Drucker,South,Office Supplies,194.32,4,0,56.3528
CA-2017-165491,3/20/2017,Helen Wasserman,West,Technology,265.93,7,0,63.8232
CA-2015-109470,12/31/2015,Karen Carlisle,South,Office Supplies,94.74,3,0,44.5278
CA-2015-109470,12/31/2015,Karen Carlisle,South,Office Supplies,60.64,4,0,27.8944
CA-2015-109470,12/31/2015,Karen Carlisle,South,Office Supplies,76.3,5,0,38.15
CA-2015-109470,12/31/2015,Karen Carlisle,South,Office Supplies,364.8,12,0,167.808
CA-2015-105102,9/15/2015,Brendan Murry,East,Office Supplies,79.872,3,0.2,29.952
CA-2015-105102,9/15/2015,Brendan Murry,East,Furniture,46.384,1,0.2,1.1596
CA-2015-105102,9/15/2015,Brendan Murry,East,Office Supplies,12.96,2,0,6.2208
CA-2017-138422,9/23/2017,Kristina Nunn,West,Office Supplies,14.352,3,0.2,5.2026
US-2015-147739,12/25/2015,Justin Deggeller,East,Furniture,547.136,4,0.2,-68.392
CA-2016-155187,9/24/2016,Laura Armstrong,West,Office Supplies,41.96,2,0,2.9372
CA-2016-155187,9/24/2016,Laura Armstrong,West,Office Supplies,41.7,5,0,20.85
CA-2017-169285,3/21/2017,Robert Waldorf,Central,Office Supplies,277.4,5,0,133.152
CA-2017-169285,3/21/2017,Robert Waldorf,Central,Office Supplies,5.78,1,0,2.8322
CA-2014-140886,9/30/2014,Kelly Williams,South,Office Supplies,69.216,6,0.2,11.2476
CA-2017-152695,12/10/2017,Chris Cortes,East,Office Supplies,10.86,3,0,5.1042
CA-2017-152695,12/10/2017,Chris Cortes,East,Office Supplies,426.79,7,0,123.7691
CA-2014-110639,8/23/2014,Rick Hansen,East,Office Supplies,25.92,4,0,12.4416
CA-2014-110639,8/23/2014,Rick Hansen,East,Office Supplies,45.92,4,0,22.5008
CA-2014-121727,8/19/2014,Jim Karlsson,East,Office Supplies,10.72,2,0.2,1.742
CA-2016-137736,11/10/2016,Debra Catini,South,Office Supplies,41.86,7,0,10.465
US-2014-143231,12/31/2014,Gary Mitchum,East,Furniture,63.2,5,0,23.384
US-2014-143231,12/31/2014,Gary Mitchum,East,Technology,113.97,3,0,27.3528
US-2014-155894,7/26/2014,Carl Ludwig,Central,Office Supplies,123.552,3,0.2,-29.3436
CA-2016-119025,2/22/2016,Paul Van Hugh,Central,Office Supplies,490.32,9,0,137.2896
CA-2016-159373,3/13/2016,Liz Thompson,Central,Office Supplies,70.08,5,0.2,24.528
CA-2016-159373,3/13/2016,Liz Thompson,Central,Office Supplies,1.272,2,0.8,-2.1624
CA-2016-159373,3/13/2016,Liz Thompson,Central,Furniture,557.585,5,0.3,0
CA-2017-109701,12/2/2017,Alice McCarthy,West,Office Supplies,9.024,6,0.2,3.1584
CA-2017-109701,12/2/2017,Alice McCarthy,West,Office Supplies,69.456,2,0.2,22.5732
CA-2017-109701,12/2/2017,Alice McCarthy,West,Office Supplies,10.86,2,0,5.3214
CA-2017-109701,12/2/2017,Alice McCarthy,West,Office Supplies,79.47,3,0,22.2516
CA-2017-109701,12/2/2017,Alice McCarthy,West,Office Supplies,10.08,6,0,5.04
CA-2015-111514,8/31/2015,Scott Cohen,West,Furniture,1552.831,7,0.15,200.9546
CA-2015-111514,8/31/2015,Scott Cohen,West,Office Supplies,137.24,5,0.2,46.3185
CA-2015-111514,8/31/2015,Scott Cohen,West,Technology,36.51,1,0,15.6993
CA-2015-111514,8/31/2015,Scott Cohen,West,Technology,239.976,3,0.2,80.9919
US-2014-148838,3/17/2014,Christine Phan,East,Furniture,1579.746,7,0.4,-447.5947
US-2014-148838,3/17/2014,Christine Phan,East,Furniture,1071.576,4,0.4,-553.6476
US-2014-148838,3/17/2014,Christine Phan,East,Furniture,613.908,3,0.4,-122.7816
US-2014-148838,3/17/2014,Christine Phan,East,Office Supplies,34.86,7,0,16.3842
US-2014-148838,3/17/2014,Christine Phan,East,Office Supplies,155.04,4,0,75.9696
CA-2017-136497,4/16/2017,Roy Französisch,East,Office Supplies,13.71,5,0.7,-10.054
US-2016-108637,3/13/2016,Adam Bellavance,South,Furniture,127.88,2,0,40.9216
US-2016-108637,3/13/2016,Adam Bellavance,South,Office Supplies,160.32,2,0,44.8896
US-2016-108637,3/13/2016,Adam Bellavance,South,Office Supplies,46,4,0,20.7
CA-2014-102295,11/24/2014,Erica Hackney,West,Furniture,120.712,1,0.2,-18.1068
CA-2017-123659,2/10/2017,Michael Nguyen,East,Office Supplies,23.12,4,0,11.3288
US-2016-129469,9/23/2016,Kelly Lampkin,East,Furniture,532.704,6,0.2,-26.6352
US-2016-129469,9/23/2016,Kelly Lampkin,East,Office Supplies,4.912,2,0.2,0.307
CA-2017-155152,7/7/2017,Michael Paige,East,Technology,252,4,0,93.24
CA-2016-159940,7/7/2016,Barry Französisch,Central,Furniture,60.288,8,0.6,-27.1296
CA-2016-159940,7/7/2016,Barry Französisch,Central,Office Supplies,2.632,1,0.2,0.8225
CA-2016-159940,7/7/2016,Barry Französisch,Central,Office Supplies,23.688,9,0.2,7.6986
CA-2016-159940,7/7/2016,Barry Französisch,Central,Furniture,253.372,2,0.3,-14.4784
CA-2017-119669,1/24/2017,Theone Pippenger,South,Office Supplies,5.67,3,0,0.1134
US-2014-164616,8/19/2014,Maxwell Schwartz,East,Office Supplies,76.776,4,0.7,-58.8616
US-2014-164616,8/19/2014,Maxwell Schwartz,East,Office Supplies,9.184,2,0.2,1.148
CA-2015-148628,12/6/2015,Katherine Murray,West,Office Supplies,32.75,5,0,15.065
CA-2016-118052,5/6/2016,Brad Eason,East,Office Supplies,7.216,2,0.2,1.7138
CA-2016-118052,5/6/2016,Brad Eason,East,Office Supplies,49.568,2,0.2,15.49
CA-2016-118052,5/6/2016,Brad Eason,East,Furniture,54.712,7,0.2,11.6263
US-2017-117534,3/25/2017,Christina VanderZanden,West,Office Supplies,176.04,4,0,45.7704
US-2017-117534,3/25/2017,Christina VanderZanden,West,Office Supplies,16.02,9,0,4.4856
US-2017-117534,3/25/2017,Christina VanderZanden,West,Office Supplies,185.92,4,0.2,62.748
US-2017-117534,3/25/2017,Christina VanderZanden,West,Technology,211.168,4,0.2,15.8376
US-2017-117534,3/25/2017,Christina VanderZanden,West,Technology,479.984,2,0.2,59.998
CA-2015-145065,12/12/2015,Dennis Kane,West,Office Supplies,7.86,2,0,3.6156
CA-2015-145065,12/12/2015,Dennis Kane,West,Office Supplies,24.448,2,0.2,8.8624
US-2015-127040,12/6/2015,Speros Goranitis,East,Office Supplies,6.48,1,0,3.1104
US-2015-127040,12/6/2015,Speros Goranitis,East,Office Supplies,41.86,7,0,20.5114
US-2015-127040,12/6/2015,Speros Goranitis,East,Technology,1619.91,9,0,97.1946
US-2015-127040,12/6/2015,Speros Goranitis,East,Furniture,113.92,4,0,42.1504
CA-2016-128111,3/17/2016,Christine Sundaresam,East,Office Supplies,39.68,2,0,10.3168
CA-2015-137897,11/14/2015,Patrick Jones,East,Technology,37.6,2,0,2.256
CA-2015-137897,11/14/2015,Patrick Jones,East,Technology,59.9,2,0,23.96
CA-2015-137897,11/14/2015,Patrick Jones,East,Office Supplies,37,5,0,16.65
CA-2017-169264,8/14/2017,Nora Preis,West,Office Supplies,5.76,2,0,2.8224
CA-2017-169264,8/14/2017,Nora Preis,West,Office Supplies,16.68,6,0,4.3368
CA-2017-147361,9/9/2017,Sean Braxton,South,Office Supplies,628.81,7,0,12.5762
CA-2017-147361,9/9/2017,Sean Braxton,South,Office Supplies,56.45,5,0,14.677
CA-2017-145877,4/1/2017,Adam Shillingsburg,Central,Office Supplies,94.2,6,0,23.55
CA-2017-145877,4/1/2017,Adam Shillingsburg,Central,Office Supplies,28.4,5,0,13.348
US-2016-110170,9/27/2016,Harry Marie,Central,Furniture,956.6648,7,0.32,-225.0976
CA-2017-108574,10/7/2017,Mike Gockenbach,West,Technology,1115.91,9,0,200.8638
CA-2017-108574,10/7/2017,Mike Gockenbach,West,Technology,128.744,7,0.2,-28.9674
CA-2017-108574,10/7/2017,Mike Gockenbach,West,Technology,79.92,10,0.2,26.973
CA-2017-144589,1/20/2017,Tamara Manning,West,Office Supplies,24.2,5,0,7.986
CA-2017-144589,1/20/2017,Tamara Manning,West,Technology,359.976,3,0.2,130.4913
CA-2017-155985,3/23/2017,Bill Eplett,West,Furniture,211.84,8,0,76.2624
CA-2014-162684,8/1/2014,Ann Steele,East,Office Supplies,5.68,2,0.2,1.917
CA-2015-142041,6/7/2015,Eleni McCrary,West,Office Supplies,7.52,5,0.2,2.632
CA-2014-151295,11/12/2014,Joseph Airdo,West,Office Supplies,11.96,2,0,5.8604
CA-2014-151295,11/12/2014,Joseph Airdo,West,Furniture,629.064,3,0.2,31.4532
CA-2016-156300,12/29/2016,Troy Blackwell,Central,Furniture,754.45,5,0,60.356
CA-2015-146087,7/6/2015,Paul Prost,East,Furniture,301.96,2,0,60.392
CA-2017-168655,10/12/2017,Michelle Lonsdale,West,Technology,595,5,0,95.2
CA-2017-168655,10/12/2017,Michelle Lonsdale,West,Office Supplies,79.872,3,0.2,29.952
CA-2016-107202,5/21/2016,Linda Cazamias,West,Technology,2396.4,10,0.2,179.73
CA-2017-159597,11/9/2017,Matt Collister,West,Office Supplies,63.56,2,0,3.178
CA-2017-159597,11/9/2017,Matt Collister,West,Technology,99.99,1,0,43.9956
CA-2016-155551,4/18/2016,Clay Rozendal,Central,Office Supplies,230.376,3,0.2,-48.9549
CA-2016-155551,4/18/2016,Clay Rozendal,Central,Office Supplies,9.664,2,0.2,3.2616
US-2017-147669,12/25/2017,Susan Vittorini,East,Technology,158.928,7,0.2,41.7186
US-2017-147669,12/25/2017,Susan Vittorini,East,Office Supplies,13.023,1,0.7,-10.4184
US-2017-147669,12/25/2017,Susan Vittorini,East,Furniture,273.06,2,0.4,-104.673
US-2017-147669,12/25/2017,Susan Vittorini,East,Office Supplies,39.312,13,0.2,12.7764
CA-2016-169922,6/11/2016,Mary Zewe,Central,Office Supplies,1.344,4,0.8,-2.1504
CA-2016-169922,6/11/2016,Mary Zewe,Central,Office Supplies,8.272,4,0.8,-13.6488
CA-2016-169922,6/11/2016,Mary Zewe,Central,Furniture,12.544,7,0.6,-9.0944
CA-2017-100748,5/13/2017,Ross Baird,West,Office Supplies,58.48,8,0,27.4856
CA-2017-129805,12/28/2017,Harry Marie,West,Furniture,7.4,2,0,3.034
CA-2014-148586,3/25/2014,Annie Zypern,East,Furniture,366.786,7,0.1,65.2064
US-2017-112613,5/28/2017,Jonathan Howell,Central,Technology,54.368,4,0.2,4.0776
CA-2015-154746,11/14/2015,Patrick Jones,South,Office Supplies,33.96,2,0,16.98
CA-2015-154746,11/14/2015,Patrick Jones,South,Office Supplies,826.11,3,0,322.1829
CA-2017-140053,7/3/2017,Christina Anderson,West,Furniture,545.85,9,0,114.6285
CA-2014-164210,11/18/2014,Pierre Wener,West,Furniture,145.98,2,0.5,-99.2664
CA-2014-164210,11/18/2014,Pierre Wener,West,Office Supplies,35.808,4,0.2,12.5328
CA-2017-139948,7/17/2017,Shaun Weien,South,Furniture,7.904,2,0.2,2.1736
CA-2016-146934,5/22/2016,Art Ferguson,East,Technology,345,5,0,86.25
CA-2016-146934,5/22/2016,Art Ferguson,East,Furniture,174.286,2,0.3,-19.9184
CA-2016-146934,5/22/2016,Art Ferguson,East,Office Supplies,662.84,4,0,172.3384
CA-2016-146934,5/22/2016,Art Ferguson,East,Technology,95.1,5,0,30.432
CA-2016-146934,5/22/2016,Art Ferguson,East,Office Supplies,26.88,6,0,12.9024
CA-2016-146934,5/22/2016,Art Ferguson,East,Technology,257.98,2,0,74.8142
CA-2015-100573,9/25/2015,Anne McFarland,West,Office Supplies,17.48,2,0,8.2156
CA-2016-119165,10/31/2016,Bill Donatelli,East,Furniture,492.835,5,0.3,-14.081
CA-2015-128027,9/14/2015,Christopher Martinez,South,Office Supplies,269.49,3,0,5.3898
CA-2016-140207,11/5/2016,Christopher Schild,West,Office Supplies,29.12,5,0.2,9.828
CA-2017-140949,3/17/2017,Denny Blanton,East,Office Supplies,18.75,5,0,9
CA-2017-140949,3/17/2017,Denny Blanton,East,Technology,119.7,6,0,31.122
CA-2017-140949,3/17/2017,Denny Blanton,East,Office Supplies,9.144,3,0.2,3.0861
CA-2017-140949,3/17/2017,Denny Blanton,East,Technology,57.06,3,0,18.2592
CA-2017-140949,3/17/2017,Denny Blanton,East,Technology,71.6,8,0,13.604
CA-2017-140949,3/17/2017,Denny Blanton,East,Office Supplies,107.44,8,0,27.9344
CA-2017-140949,3/17/2017,Denny Blanton,East,Office Supplies,7.31,1,0,3.4357
CA-2017-140949,3/17/2017,Denny Blanton,East,Office Supplies,59.1,6,0,22.458
CA-2017-140949,3/17/2017,Denny Blanton,East,Office Supplies,46.53,3,0,12.0978
CA-2017-138548,8/15/2017,James Galang,East,Office Supplies,97.84,2,0,25.4384
CA-2015-142419,7/11/2015,Shahid Collister,West,Office Supplies,29.97,3,0,13.4865
CA-2015-142419,7/11/2015,Shahid Collister,West,Office Supplies,98.352,3,0.2,34.4232
CA-2017-148691,12/3/2017,Chuck Sachs,East,Office Supplies,83.92,5,0.2,29.372
CA-2017-148691,12/3/2017,Chuck Sachs,East,Office Supplies,14.624,2,0.2,5.1184
CA-2017-148691,12/3/2017,Chuck Sachs,East,Technology,136.99,1,0,36.9873
CA-2017-148691,12/3/2017,Chuck Sachs,East,Office Supplies,3.15,1,0,1.512
CA-2017-128755,5/4/2017,Mike Kennedy,South,Office Supplies,9.11,1,0,4.0995
CA-2017-128755,5/4/2017,Mike Kennedy,South,Office Supplies,571.44,4,0,165.7176
CA-2017-128755,5/4/2017,Mike Kennedy,South,Office Supplies,32.4,5,0,15.552
CA-2017-128755,5/4/2017,Mike Kennedy,South,Office Supplies,16.91,1,0,4.5657
US-2016-135923,1/22/2016,Carlos Meador,South,Furniture,14.272,8,0.2,4.2816
US-2016-135923,1/22/2016,Carlos Meador,South,Furniture,451.136,4,0.2,-67.6704
US-2016-135923,1/22/2016,Carlos Meador,South,Office Supplies,64.864,4,0.2,6.4864
CA-2016-114972,11/3/2016,Phillip Flathmann,West,Furniture,217.584,2,0.2,-29.9178
CA-2016-114972,11/3/2016,Phillip Flathmann,West,Technology,82.95,5,0,29.0325
CA-2016-114972,11/3/2016,Phillip Flathmann,West,Office Supplies,87.71,7,0,41.2237
CA-2016-114972,11/3/2016,Phillip Flathmann,West,Office Supplies,1101.48,4,0,429.5772
CA-2017-102750,9/4/2017,Greg Maxwell,West,Furniture,1322.352,3,0.2,-99.1764
CA-2014-145212,9/13/2014,Dan Campbell,East,Office Supplies,5.46,3,0,1.4742
CA-2017-141992,6/19/2017,Frank Olsen,Central,Office Supplies,11.184,1,0.2,0.8388
CA-2017-141992,6/19/2017,Frank Olsen,Central,Office Supplies,153.584,2,0.2,-32.6366
CA-2017-147956,12/24/2017,Alan Hwang,West,Office Supplies,1003.62,6,0,0
CA-2017-126067,8/28/2017,Kristina Nunn,West,Technology,35.168,4,0.2,11.4296
CA-2017-126067,8/28/2017,Kristina Nunn,West,Furniture,1137.75,5,0,250.305
CA-2017-126067,8/28/2017,Kristina Nunn,West,Office Supplies,99.68,5,0.2,32.396
CA-2017-126067,8/28/2017,Kristina Nunn,West,Office Supplies,5.56,2,0,1.4456
CA-2015-104514,1/2/2015,Claudia Bergmann,East,Office Supplies,85.52,2,0,22.2352
CA-2015-104514,1/2/2015,Claudia Bergmann,East,Office Supplies,9.84,3,0,2.6568
CA-2015-104514,1/2/2015,Claudia Bergmann,East,Office Supplies,20.04,3,0,9.6192
CA-2015-141040,10/9/2015,Tim Brockman,East,Technology,631.96,4,0,303.3408
CA-2015-141040,10/9/2015,Tim Brockman,East,Office Supplies,23.92,4,0,10.764
CA-2014-113579,12/13/2014,Katherine Ducich,West,Office Supplies,90.24,6,0,41.5104
CA-2014-144624,11/19/2014,John Murray,East,Technology,4548.81,7,0,1228.1787
CA-2016-146206,9/10/2016,Kean Thornton,Central,Furniture,300.93,5,0.3,-34.392
CA-2016-146206,9/10/2016,Kean Thornton,Central,Technology,719.96,5,0.2,53.997
CA-2014-136644,6/16/2014,Sonia Cooley,Central,Furniture,647.84,8,0,32.392
CA-2015-122371,9/26/2015,Bryan Spruell,West,Office Supplies,64.17,3,0,18.6093
CA-2015-122371,9/26/2015,Bryan Spruell,West,Office Supplies,124.46,2,0,58.4962
CA-2016-126935,5/19/2016,Bill Tyler,West,Office Supplies,9.584,1,0.2,3.3544
US-2017-133781,6/22/2017,Dan Campbell,South,Office Supplies,37.608,3,0.2,12.6927
CA-2017-131618,6/17/2017,Luke Schmidt,Central,Office Supplies,12.224,2,0.2,4.4312
CA-2017-131618,6/17/2017,Luke Schmidt,Central,Office Supplies,2.304,4,0.8,-3.5712
CA-2017-131618,6/17/2017,Luke Schmidt,Central,Office Supplies,9.36,4,0.8,-16.38
CA-2016-149482,11/14/2016,Ralph Ritter,West,Office Supplies,7.38,2,0,3.4686
CA-2014-143917,7/25/2014,Ken Lonsdale,West,Office Supplies,53.72,4,0,15.0416
CA-2014-143917,7/25/2014,Ken Lonsdale,West,Office Supplies,8187.65,5,0,327.506
CA-2014-143917,7/25/2014,Ken Lonsdale,West,Furniture,77.92,8,0,34.2848
CA-2015-120397,7/2/2015,Richard Bierner,Central,Office Supplies,32.784,4,0.8,-85.2384
CA-2017-163902,3/2/2017,Maribeth Yedwab,West,Technology,196.776,3,0.2,14.7582
CA-2017-163902,3/2/2017,Maribeth Yedwab,West,Technology,479.94,6,0,52.7934
CA-2016-136812,11/18/2016,Arthur Wiediger,Central,Office Supplies,1117.92,4,0,55.896
CA-2015-102722,4/18/2015,Kelly Williams,South,Technology,106.5,6,0,41.535
CA-2017-155089,12/2/2017,Daniel Byrd,South,Office Supplies,45.66,5,0.7,-33.484
CA-2016-124506,11/11/2016,Brenda Bowman,Central,Technology,95.968,4,0.2,1.1996
CA-2016-124506,11/11/2016,Brenda Bowman,Central,Furniture,47.992,2,0.3,-2.0568
CA-2014-106572,9/5/2014,Nora Preis,East,Office Supplies,264.32,2,0.2,19.824
CA-2014-128888,11/15/2014,Peter Bühler,Central,Office Supplies,604.656,9,0.2,204.0714
CA-2017-123134,5/2/2017,Dorothy Wardle,East,Furniture,129.93,3,0,12.993
CA-2016-124352,10/15/2016,Cynthia Delaney,Central,Office Supplies,20.16,7,0,9.8784
CA-2016-124352,10/15/2016,Cynthia Delaney,Central,Office Supplies,29.46,6,0,14.4354
CA-2016-124352,10/15/2016,Cynthia Delaney,Central,Office Supplies,868.59,3,0,251.8911
CA-2016-124352,10/15/2016,Cynthia Delaney,Central,Office Supplies,12.96,2,0,6.2208
CA-2016-124352,10/15/2016,Cynthia Delaney,Central,Technology,5.5,1,0,1.375
CA-2016-124352,10/15/2016,Cynthia Delaney,Central,Office Supplies,121.6,4,0,55.936
CA-2015-124541,4/6/2015,Thomas Thornton,Central,Office Supplies,42.048,9,0.2,5.256
CA-2015-124541,4/6/2015,Thomas Thornton,Central,Technology,25.488,2,0.2,4.4604
CA-2015-124541,4/6/2015,Thomas Thornton,Central,Office Supplies,6.9,3,0.8,-12.075
CA-2015-124541,4/6/2015,Thomas Thornton,Central,Office Supplies,9.648,6,0.8,-16.884
CA-2015-124541,4/6/2015,Thomas Thornton,Central,Office Supplies,7.968,2,0.2,2.8884
CA-2014-108707,10/24/2014,Daniel Byrd,South,Office Supplies,10.368,2,0.2,3.6288
CA-2014-111500,8/17/2014,Don Jones,South,Office Supplies,114.2,5,0,52.532
CA-2014-111500,8/17/2014,Don Jones,South,Office Supplies,17.96,4,0,8.2616
CA-2014-111500,8/17/2014,Don Jones,South,Office Supplies,12.67,7,0,4.5612
CA-2014-111500,8/17/2014,Don Jones,South,Technology,339.96,4,0,122.3856
US-2017-117723,8/15/2017,Dionis Lloyd,East,Office Supplies,1801.632,6,0.2,-337.806
CA-2015-143238,9/6/2015,Lori Olson,West,Technology,46.32,4,0,18.0648
CA-2015-168746,1/27/2015,Seth Vernon,East,Furniture,181.986,2,0.3,-54.5958
CA-2015-168746,1/27/2015,Seth Vernon,East,Technology,431.976,4,0.4,-100.7944
CA-2015-168746,1/27/2015,Seth Vernon,East,Technology,155.37,1,0.4,-36.253
CA-2015-113404,7/16/2015,Eleni McCrary,West,Furniture,1348.704,6,0.2,-219.1644
CA-2015-113404,7/16/2015,Eleni McCrary,West,Furniture,700.152,3,0.2,78.7671
CA-2016-144792,4/30/2016,Ken Dana,West,Furniture,111.888,7,0.2,22.3776
CA-2014-164385,9/26/2014,Nicole Brennan,East,Office Supplies,143.952,3,0.2,14.3952
US-2016-114174,9/8/2016,Anne Pryor,East,Furniture,173.94,3,0,13.9152
US-2016-114174,9/8/2016,Anne Pryor,East,Office Supplies,14.76,4,0,6.9372
CA-2017-108070,4/16/2017,Joel Eaton,West,Office Supplies,205.92,4,0,2.0592
CA-2017-108070,4/16/2017,Joel Eaton,West,Furniture,102.833,1,0.15,-6.049
US-2015-128090,8/16/2015,John Murray,West,Office Supplies,2.304,1,0.2,0.2592
US-2015-128090,8/16/2015,John Murray,West,Technology,1879.96,5,0.2,211.4955
US-2015-128090,8/16/2015,John Murray,West,Office Supplies,313.024,8,0.2,105.6456
US-2015-128090,8/16/2015,John Murray,West,Office Supplies,5.04,2,0.2,1.764
CA-2017-101042,11/19/2017,Adrian Barton,South,Furniture,821.88,6,0,213.6888
CA-2017-101042,11/19/2017,Adrian Barton,South,Office Supplies,21.96,2,0,10.7604
CA-2016-155439,9/14/2016,Parhena Norris,South,Office Supplies,25.92,4,0,12.4416
CA-2016-118626,8/15/2016,John Castell,South,Technology,705.544,7,0.2,70.5544
CA-2015-111458,9/26/2015,Philip Fox,East,Technology,50,2,0,12
US-2016-126844,10/8/2016,Bart Watters,Central,Furniture,51.712,8,0.6,-32.32
US-2015-112508,3/24/2015,Ben Peterman,South,Office Supplies,6.992,2,0.2,0.5244
CA-2015-147788,5/31/2015,Tamara Manning,West,Furniture,1406.86,7,0,140.686
CA-2015-147788,5/31/2015,Tamara Manning,West,Office Supplies,15.75,5,0,7.56
CA-2015-147788,5/31/2015,Tamara Manning,West,Office Supplies,323.1,2,0,61.389
CA-2015-144288,12/25/2015,Maria Bertelson,South,Office Supplies,9.216,4,0.2,3.3408
CA-2015-144288,12/25/2015,Maria Bertelson,South,Office Supplies,10.368,2,0.2,3.6288
CA-2015-110632,3/17/2015,Harold Ryan,East,Technology,15.02,1,0,2.7036
CA-2015-110632,3/17/2015,Harold Ryan,East,Office Supplies,33.82,2,0,9.1314
CA-2017-109589,12/21/2017,Brian Derr,South,Technology,71,4,0,27.69
CA-2017-123967,11/1/2017,Sarah Foster,West,Office Supplies,25.12,5,0.2,7.85
CA-2017-123967,11/1/2017,Sarah Foster,West,Furniture,2665.62,9,0,239.9058
CA-2017-148929,9/7/2017,Stefania Perrino,East,Office Supplies,478.08,8,0,133.8624
CA-2017-134404,12/27/2017,Dan Reichenbach,East,Technology,164.388,2,0.4,-35.6174
CA-2017-134404,12/27/2017,Dan Reichenbach,East,Office Supplies,13.248,4,0.2,3.6432
CA-2017-109778,7/16/2017,Valerie Mitchum,Central,Office Supplies,2.912,2,0.2,0.91
CA-2016-155845,8/12/2016,Chris McAfee,Central,Technology,1399.944,7,0.2,52.4979
CA-2017-145128,7/9/2017,Sean Miller,Central,Furniture,526.45,5,0,31.587
CA-2014-129091,11/22/2014,Ruben Ausman,South,Office Supplies,16.23,3,0,7.9527
CA-2014-129091,11/22/2014,Ruben Ausman,South,Office Supplies,319.9,5,0,156.751
CA-2014-129091,11/22/2014,Ruben Ausman,South,Office Supplies,11.36,2,0,5.3392
CA-2014-129091,11/22/2014,Ruben Ausman,South,Office Supplies,675.12,3,0,290.3016
US-2014-155502,1/26/2014,Shirley Daniels,South,Furniture,62.82,3,0,30.7818
US-2014-155502,1/26/2014,Shirley Daniels,South,Office Supplies,489.92,8,0,0
US-2014-155502,1/26/2014,Shirley Daniels,South,Office Supplies,19.44,3,0,9.3312
US-2014-155502,1/26/2014,Shirley Daniels,South,Office Supplies,16.68,2,0,8.34
US-2014-155502,1/26/2014,Shirley Daniels,South,Technology,155.35,13,0,0
US-2014-155502,1/26/2014,Shirley Daniels,South,Furniture,12.42,3,0,4.4712
US-2014-155502,1/26/2014,Shirley Daniels,South,Technology,187.98,2,0,52.6344
CA-2015-121041,11/3/2015,Chris Selesnick,Central,Office Supplies,6.608,2,0.2,2.1476
CA-2017-131695,6/30/2017,Ralph Arnett,East,Office Supplies,248.57,7,0,67.1139
CA-2017-131695,6/30/2017,Ralph Arnett,East,Furniture,22.23,1,0,9.7812
CA-2016-137729,5/5/2016,Barry Franz,West,Office Supplies,5.98,1,0,1.0166
CA-2016-137729,5/5/2016,Barry Franz,West,Technology,246.168,3,0.2,21.5397
US-2016-115455,9/8/2016,Sanjit Engle,Central,Furniture,14.136,2,0.6,-7.7748
US-2016-115455,9/8/2016,Sanjit Engle,Central,Furniture,601.47,3,0.5,-300.735
CA-2017-128300,11/24/2017,Roland Schwarz,South,Technology,79.1,2,0,39.55
CA-2017-128300,11/24/2017,Roland Schwarz,South,Office Supplies,327.84,8,0,157.3632
CA-2017-149048,5/13/2017,Brian Moss,Central,Office Supplies,180.96,2,0,81.432
CA-2017-149048,5/13/2017,Brian Moss,Central,Office Supplies,914.97,3,0,411.7365
CA-2017-149048,5/13/2017,Brian Moss,Central,Technology,587.97,3,0,158.7519
CA-2017-149048,5/13/2017,Brian Moss,Central,Office Supplies,530.34,2,0,95.4612
CA-2017-149048,5/13/2017,Brian Moss,Central,Office Supplies,14.94,3,0,7.3206
CA-2017-108553,4/23/2017,Sally Knutson,East,Office Supplies,121.94,2,0,35.3626
CA-2017-108553,4/23/2017,Sally Knutson,East,Office Supplies,122.71,7,0,36.813
CA-2016-165848,6/4/2016,Edward Nazzal,East,Office Supplies,14.94,3,0,7.0218
CA-2016-165848,6/4/2016,Edward Nazzal,East,Technology,1349.85,3,0,364.4595
CA-2016-165848,6/4/2016,Edward Nazzal,East,Furniture,136.784,1,0.2,5.1294
CA-2016-165848,6/4/2016,Edward Nazzal,East,Furniture,61.12,4,0,20.7808
CA-2014-112718,12/16/2014,Kean Nguyen,South,Office Supplies,1.167,1,0.7,-0.8558
CA-2016-154053,3/4/2016,Michael Granlund,West,Office Supplies,16.99,1,0,4.9271
CA-2014-127446,11/25/2014,Matt Collister,Central,Technology,24.672,3,0.2,0
CA-2014-127446,11/25/2014,Matt Collister,Central,Office Supplies,2.52,1,0.2,0.882
CA-2014-127446,11/25/2014,Matt Collister,Central,Furniture,1218.735,5,0.3,-121.8735
CA-2014-127446,11/25/2014,Matt Collister,Central,Office Supplies,5.904,2,0.2,1.9926
CA-2014-127446,11/25/2014,Matt Collister,Central,Office Supplies,15.696,3,0.2,5.1012
CA-2014-127446,11/25/2014,Matt Collister,Central,Furniture,6.096,3,0.6,-3.9624
CA-2016-137204,4/28/2016,Bill Overfelt,West,Furniture,41.568,2,0.2,2.598
CA-2014-147298,4/26/2014,Aleksandra Gannaway,West,Furniture,230.28,3,0.2,23.028
CA-2014-147298,4/26/2014,Aleksandra Gannaway,West,Office Supplies,18.288,6,0.2,5.715
CA-2017-147942,4/1/2017,Maribeth Schnelling,West,Office Supplies,5.78,2,0,2.7166
CA-2017-147942,4/1/2017,Maribeth Schnelling,West,Office Supplies,121.68,13,0.2,38.025
CA-2017-115931,12/22/2017,Jim Mitchum,West,Office Supplies,4.17,3,0,1.0842
CA-2017-115931,12/22/2017,Jim Mitchum,West,Technology,67.04,4,0.2,6.704
CA-2017-115931,12/22/2017,Jim Mitchum,West,Office Supplies,37.32,3,0,10.4496
CA-2017-115931,12/22/2017,Jim Mitchum,West,Office Supplies,18.45,5,0,8.6715
CA-2014-164861,12/3/2014,Matthew Clasen,Central,Office Supplies,25.92,4,0,12.4416
CA-2017-127180,10/22/2017,Tom Ashbrook,East,Technology,11199.968,4,0.2,3919.9888
CA-2017-127180,10/22/2017,Tom Ashbrook,East,Technology,2399.6,8,0,647.892
CA-2017-127180,10/22/2017,Tom Ashbrook,East,Office Supplies,63.9,5,0,28.755
CA-2017-127180,10/22/2017,Tom Ashbrook,East,Technology,52.99,1,0,0.5299
US-2017-165344,11/13/2017,Sean Braxton,East,Technology,60.864,4,0.2,9.1296
US-2017-165344,11/13/2017,Sean Braxton,East,Technology,652.995,7,0.7,-935.9595
US-2017-165344,11/13/2017,Sean Braxton,East,Office Supplies,11.22,10,0.7,-7.48
CA-2015-168186,9/10/2015,Aimee Bixby,Central,Office Supplies,14.94,3,0,7.0218
US-2017-110604,5/15/2017,Jason Fortune-,West,Furniture,39.96,2,0,17.1828
US-2017-110604,5/15/2017,Jason Fortune-,West,Furniture,42.624,2,0.2,4.2624
US-2017-110604,5/15/2017,Jason Fortune-,West,Furniture,220.96,1,0.2,24.858
CA-2015-116750,7/5/2015,Barbara Fisher,South,Furniture,4.928,2,0.2,0.7392
CA-2015-116750,7/5/2015,Barbara Fisher,South,Office Supplies,7.23,5,0.7,-5.784
CA-2015-162369,8/15/2015,Tim Taslimi,West,Office Supplies,323.1,2,0,61.389
CA-2017-108441,6/12/2017,Sarah Bern,East,Office Supplies,19.04,4,0,9.3296
CA-2017-108441,6/12/2017,Sarah Bern,East,Office Supplies,13.128,3,0.2,4.2666
CA-2017-108441,6/12/2017,Sarah Bern,East,Office Supplies,64.14,3,0,16.6764
CA-2017-108441,6/12/2017,Sarah Bern,East,Furniture,858.24,4,0.1,143.04
CA-2015-169740,2/20/2015,Liz MacKendrick,South,Technology,29.99,1,0,2.999
CA-2016-124051,12/29/2016,Kelly Andreada,Central,Office Supplies,186.048,6,0.2,67.4424
CA-2016-149111,4/17/2016,Ben Ferrer,South,Technology,36.792,1,0.2,4.1391
CA-2016-149111,4/17/2016,Ben Ferrer,South,Furniture,18.624,8,0.2,6.2856
CA-2014-131002,9/7/2014,Tom Boeckenhauer,Central,Furniture,57.69,3,0,23.6529
CA-2014-131002,9/7/2014,Tom Boeckenhauer,Central,Office Supplies,42.81,3,0,20.1207
CA-2014-131002,9/7/2014,Tom Boeckenhauer,Central,Office Supplies,12.96,2,0,6.2208
CA-2014-131002,9/7/2014,Tom Boeckenhauer,Central,Furniture,821.88,6,0,213.6888
CA-2014-131002,9/7/2014,Tom Boeckenhauer,Central,Technology,104.85,3,0,28.3095
US-2016-146794,9/26/2016,Sally Hughsby,West,Furniture,424.9575,5,0.15,19.998
CA-2017-112515,9/17/2017,Alan Schoenberger,West,Office Supplies,10.776,3,0.2,3.5022
CA-2017-112515,9/17/2017,Alan Schoenberger,West,Office Supplies,11.784,3,0.2,4.2717
CA-2017-112515,9/17/2017,Alan Schoenberger,West,Office Supplies,164.88,3,0,80.7912
CA-2017-112515,9/17/2017,Alan Schoenberger,West,Furniture,1292.94,3,0,77.5764
CA-2017-112515,9/17/2017,Alan Schoenberger,West,Office Supplies,25.584,2,0.2,8.9544
CA-2017-112515,9/17/2017,Alan Schoenberger,West,Office Supplies,261.74,2,0,65.435
CA-2017-112515,9/17/2017,Alan Schoenberger,West,Office Supplies,14.4,5,0,7.056
CA-2016-150343,8/16/2016,Pete Kriz,West,Office Supplies,10.86,3,0,5.1042
CA-2015-135538,12/24/2015,Harold Ryan,West,Furniture,883.84,4,0.2,99.432
CA-2017-123372,11/28/2017,Deirdre Greer,East,Technology,1979.89,11,0,494.9725
CA-2017-123372,11/28/2017,Deirdre Greer,East,Office Supplies,79.96,2,0,35.982
CA-2017-159604,4/14/2017,Craig Leslie,Central,Office Supplies,8.76,2,0,4.2048
CA-2016-164784,5/1/2016,Herbert Flentye,South,Office Supplies,3.984,1,0.2,1.2948
CA-2016-164784,5/1/2016,Herbert Flentye,South,Furniture,370.62,3,0.4,-142.071
CA-2016-164784,5/1/2016,Herbert Flentye,South,Office Supplies,2.742,2,0.7,-2.0108
CA-2016-111794,10/1/2016,Hunter Glantz,Central,Technology,79.512,3,0.2,20.8719
CA-2016-111794,10/1/2016,Hunter Glantz,Central,Office Supplies,28.352,1,0.2,9.5688
US-2015-139759,8/25/2015,Nancy Lomonaco,West,Furniture,40.784,1,0.2,4.5882
US-2015-139759,8/25/2015,Nancy Lomonaco,West,Office Supplies,105.96,4,0,29.6688
CA-2014-126403,9/9/2014,Rick Reed,East,Office Supplies,166.44,3,0,79.8912
CA-2014-126403,9/9/2014,Rick Reed,East,Furniture,785.88,6,0,212.1876
CA-2014-126403,9/9/2014,Rick Reed,East,Office Supplies,26.2,2,0,12.838
CA-2014-126403,9/9/2014,Rick Reed,East,Office Supplies,1325.85,5,0,238.653
CA-2017-136875,12/3/2017,Toby Carlisle,West,Office Supplies,166.44,3,0,79.8912
CA-2017-132185,11/27/2017,Doug Bickford,South,Office Supplies,8.76,5,0.2,0.7665
CA-2017-132185,11/27/2017,Doug Bickford,South,Office Supplies,43.584,1,0.2,4.3584
US-2014-160780,6/21/2014,Stewart Visinsky,West,Office Supplies,11.088,7,0.7,-8.1312
US-2014-160780,6/21/2014,Stewart Visinsky,West,Office Supplies,25.164,2,0.7,-16.776
CA-2017-127026,1/21/2017,Mick Hernandez,Central,Office Supplies,14.4,5,0,7.056
CA-2017-127026,1/21/2017,Mick Hernandez,Central,Technology,619.95,5,0,111.591
CA-2017-127026,1/21/2017,Mick Hernandez,Central,Office Supplies,89.52,4,0,42.0744
CA-2017-127026,1/21/2017,Mick Hernandez,Central,Technology,350.973,3,0.1,152.0883
CA-2017-127026,1/21/2017,Mick Hernandez,Central,Technology,164.99,1,0,49.497
CA-2017-137085,6/29/2017,Carol Triggs,West,Office Supplies,312.552,9,0.2,101.5794
CA-2016-133123,9/6/2016,Karl Braun,South,Office Supplies,95.952,3,0.2,29.985
CA-2016-133123,9/6/2016,Karl Braun,South,Office Supplies,3.204,2,0.7,-2.4564
US-2016-128195,8/4/2016,Ralph Arnett,Central,Office Supplies,3.98,5,0.8,-6.567
CA-2015-153220,11/12/2015,Yoseph Carroll,West,Office Supplies,15.7,5,0,7.065
CA-2014-123064,6/30/2014,Russell Applegate,Central,Office Supplies,5.248,4,0.2,1.64
CA-2017-156412,12/4/2017,Charles McCrossin,East,Office Supplies,5.346,3,0.7,-4.455
US-2016-144211,8/28/2016,Chad Sievert,West,Office Supplies,15.48,3,0.2,5.6115
US-2016-144211,8/28/2016,Chad Sievert,West,Technology,108.576,3,0.2,8.1432
CA-2016-138079,1/22/2016,Anthony Johnson,West,Furniture,109.9,5,0,37.366
CA-2014-143182,10/15/2014,Dan Lawera,South,Furniture,15.384,1,0.2,4.0383
CA-2016-161662,2/7/2016,Bobby Elias,East,Office Supplies,30.352,2,0.2,10.6232
CA-2014-145317,3/18/2014,Sean Miller,South,Technology,821.3,4,0.5,-16.426
CA-2014-145317,3/18/2014,Sean Miller,South,Technology,22638.48,6,0.5,-1811.0784
CA-2014-145317,3/18/2014,Sean Miller,South,Office Supplies,21.376,4,0.2,7.4816
CA-2014-145317,3/18/2014,Sean Miller,South,Office Supplies,8.016,3,0.2,1.002
CA-2014-145317,3/18/2014,Sean Miller,South,Furniture,30.768,2,0.2,8.0766
CA-2014-145317,3/18/2014,Sean Miller,South,Office Supplies,18.936,3,0.2,5.9175
CA-2014-145317,3/18/2014,Sean Miller,South,Furniture,122.352,3,0.2,15.294
CA-2014-143413,5/24/2014,Resi Pölking,East,Office Supplies,116.28,3,0,56.9772
CA-2017-156818,7/11/2017,Joy Daniels,East,Technology,132.6,6,0,17.238
CA-2017-155873,6/16/2017,Alejandro Ballentine,West,Office Supplies,16.68,2,0,4.3368
CA-2017-155873,6/16/2017,Alejandro Ballentine,West,Office Supplies,19.44,3,0,9.3312
CA-2017-155873,6/16/2017,Alejandro Ballentine,West,Office Supplies,192.16,4,0,92.2368
CA-2015-121797,1/30/2015,Charles Crestani,West,Furniture,227.36,7,0,81.8496
CA-2015-121797,1/30/2015,Charles Crestani,West,Technology,1919.976,3,0.2,215.9973
US-2015-120572,12/11/2015,Gary Hwang,South,Office Supplies,12.828,2,0.7,-8.9796
CA-2017-132430,10/9/2017,Cathy Prescott,East,Furniture,45.888,4,0.2,9.1776
CA-2017-146031,7/29/2017,Gary McGarr,East,Office Supplies,60.12,9,0,22.2444
CA-2014-110100,4/25/2014,Lena Creighton,South,Technology,302.376,3,0.2,37.797
CA-2015-103723,12/1/2015,Beth Thompson,West,Office Supplies,13.9,5,0,5.56
CA-2014-127187,12/4/2014,Cathy Prescott,East,Technology,129.98,2,0,62.3904
CA-2017-128475,8/26/2017,Steve Carroll,South,Technology,71.98,2,0,15.1158
CA-2014-100006,9/7/2014,Dennis Kane,East,Technology,377.97,3,0,109.6113
CA-2017-144827,12/21/2017,Sanjit Engle,West,Office Supplies,124.36,2,0,33.5772
CA-2014-110030,12/6/2014,Luke Foster,Central,Furniture,23.976,3,0.6,-14.3856
CA-2014-121286,11/4/2014,Odella Nelson,South,Office Supplies,8.376,3,0.2,2.7222
CA-2014-121286,11/4/2014,Odella Nelson,South,Office Supplies,58.24,5,0.2,5.096
CA-2016-164735,4/14/2016,Tom Boeckenhauer,South,Office Supplies,81.2,5,0,12.18
CA-2014-153479,10/4/2014,David Flashing,West,Office Supplies,14.45,5,0,6.7915
CA-2014-153479,10/4/2014,David Flashing,West,Office Supplies,95.648,2,0.2,31.0856
CA-2017-149888,11/7/2017,Emily Phan,East,Technology,359.97,5,0.4,-71.994
CA-2017-149888,11/7/2017,Emily Phan,East,Furniture,350.352,4,0.4,-140.1408
CA-2017-119193,12/22/2017,Sally Knutson,East,Office Supplies,1.641,1,0.7,-1.3128
CA-2017-119193,12/22/2017,Sally Knutson,East,Technology,629.958,7,0.4,94.4937
CA-2017-104801,2/13/2017,Fred Harton,West,Office Supplies,6.63,3,0,1.7901
CA-2017-104801,2/13/2017,Fred Harton,West,Technology,799.96,4,0,343.9828
CA-2017-104801,2/13/2017,Fred Harton,West,Furniture,107.53,1,0,21.506
CA-2014-107594,7/2/2014,Eric Hoffmann,East,Technology,73.98,2,0,19.9746
CA-2014-107594,7/2/2014,Eric Hoffmann,East,Office Supplies,5.58,1,0,2.1762
CA-2015-129770,2/21/2015,Joe Elijah,West,Office Supplies,49.12,4,0,23.0864
CA-2015-115798,11/13/2015,Ken Lonsdale,East,Technology,377.97,3,0,94.4925
CA-2015-115798,11/13/2015,Ken Lonsdale,East,Office Supplies,42.28,7,0,19.8716
CA-2015-115798,11/13/2015,Ken Lonsdale,East,Furniture,299.97,3,0,56.9943
CA-2015-115798,11/13/2015,Ken Lonsdale,East,Technology,89.98,2,0,43.1904
CA-2017-122707,4/16/2017,Edward Becker,South,Office Supplies,477.24,4,0,9.5448
CA-2017-122707,4/16/2017,Edward Becker,South,Technology,25.98,2,0,1.5588
CA-2016-165015,2/25/2016,Bruce Degenhardt,East,Office Supplies,46.72,5,0.2,17.52
CA-2014-149244,11/4/2014,MaryBeth Skach,West,Furniture,35.34,2,0,13.4292
CA-2015-140144,6/20/2015,Stewart Carmichael,West,Furniture,257.64,6,0,100.4796
CA-2015-140144,6/20/2015,Stewart Carmichael,West,Technology,125.976,3,0.2,47.241
CA-2017-163321,8/7/2017,Fred McMath,South,Technology,79.992,1,0.2,21.9978
CA-2014-155887,5/12/2014,Kean Thornton,East,Furniture,700.056,3,0.3,-130.0104
US-2015-165449,11/22/2015,Anne Pryor,Central,Technology,27.168,4,0.2,-1.3584
CA-2015-110247,12/4/2015,Ritsa Hightower,South,Office Supplies,8.226,3,0.7,-6.0324
US-2014-141257,6/8/2014,Carlos Soltero,West,Furniture,585.552,3,0.2,73.194
CA-2014-154669,8/8/2014,Tamara Manning,West,Office Supplies,423.28,11,0,110.0528
CA-2014-158029,5/26/2014,Herbert Flentye,West,Furniture,225.296,2,0.2,22.5296
CA-2015-155306,4/17/2015,George Ashbrook,West,Office Supplies,5.56,2,0,2.224
CA-2015-155306,4/17/2015,George Ashbrook,West,Technology,323.37,3,0,129.348
CA-2015-155306,4/17/2015,George Ashbrook,West,Technology,783.96,5,0.2,68.5965
CA-2015-155306,4/17/2015,George Ashbrook,West,Office Supplies,1447.65,5,0,419.8185
CA-2015-155306,4/17/2015,George Ashbrook,West,Office Supplies,11.96,2,0,5.8604
CA-2016-127775,6/11/2016,Erica Smith,East,Technology,239.97,3,0,71.991
CA-2016-146171,3/11/2016,Julie Prescott,South,Furniture,76.92,4,0,31.5372
CA-2016-146171,3/11/2016,Julie Prescott,South,Office Supplies,481.32,4,0,125.1432
CA-2014-129574,5/26/2014,Dean percer,West,Office Supplies,48.4,5,0,23.232
CA-2017-126536,10/12/2017,Neil Knudson,West,Technology,0.99,1,0,0.4356
CA-2017-126536,10/12/2017,Neil Knudson,West,Office Supplies,101.84,5,0.2,36.917
CA-2017-165757,6/22/2017,Paul Lucas,East,Office Supplies,10.332,3,0.7,-7.5768
CA-2017-165757,6/22/2017,Paul Lucas,East,Office Supplies,31.155,5,0.7,-23.8855
CA-2017-165757,6/22/2017,Paul Lucas,East,Office Supplies,8.928,2,0.2,0.6696
CA-2017-167752,1/15/2017,Robert Waldorf,East,Office Supplies,34.384,1,0.2,3.8682
CA-2017-167752,1/15/2017,Robert Waldorf,East,Office Supplies,1924.16,8,0.2,312.676
US-2015-122140,4/2/2015,Michael Oakman,Central,Office Supplies,32.192,2,0.8,-80.48
US-2015-122140,4/2/2015,Michael Oakman,Central,Technology,50.12,7,0.2,-0.6265
US-2015-122140,4/2/2015,Michael Oakman,Central,Technology,47.976,3,0.2,1.7991
CA-2016-163986,9/3/2016,Jennifer Jackson,Central,Office Supplies,54.5,5,0,14.17
CA-2017-158967,12/10/2017,Brian Thompson,South,Furniture,19.104,3,0.2,5.7312
CA-2016-131576,11/22/2016,Rob Dowd,Central,Office Supplies,49.44,3,0,24.2256
CA-2017-143455,11/11/2017,Max Ludwig,East,Office Supplies,10.368,2,0.2,3.6288
CA-2016-144729,10/21/2016,Joel Eaton,West,Office Supplies,154.44,3,0,1.5444
CA-2015-127019,12/21/2015,Elpida Rittenbach,West,Office Supplies,60.984,7,0.2,4.5738
CA-2015-138534,7/17/2015,Jessica Myrick,West,Furniture,195.466,2,0.15,-13.7976
CA-2017-108322,4/30/2017,Saphhira Shifley,South,Furniture,23.68,8,0.2,6.216
CA-2017-108322,4/30/2017,Saphhira Shifley,South,Technology,2.376,3,0.2,0.7425
CA-2017-167668,5/6/2017,Toby Carlisle,East,Office Supplies,59.2,4,0,29.6
CA-2017-146724,11/20/2017,Hunter Glantz,Central,Office Supplies,22,10,0,9.68
CA-2016-139878,11/11/2016,Lisa DeCherney,Central,Technology,257.98,2,0,74.8142
US-2016-106677,11/5/2016,Alejandro Savely,East,Technology,23.988,2,0.4,-15.992
CA-2016-116974,10/9/2016,Michael Paige,East,Technology,23.976,4,0.4,-15.5844
CA-2015-149972,9/21/2015,Cynthia Delaney,West,Furniture,601.536,4,0.2,0
CA-2015-149972,9/21/2015,Cynthia Delaney,West,Office Supplies,7.9,2,0,2.528
US-2014-117744,12/2/2014,Michael Dominguez,Central,Furniture,58.36,5,0.6,-24.803
US-2014-117744,12/2/2014,Michael Dominguez,Central,Office Supplies,16.464,7,0.2,1.4406
US-2014-117744,12/2/2014,Michael Dominguez,Central,Furniture,39.96,5,0.6,-23.976
CA-2014-125514,9/21/2014,Brian Moss,Central,Office Supplies,25.96,2,0,7.5284
CA-2014-125514,9/21/2014,Brian Moss,Central,Office Supplies,36.27,3,0,10.881
CA-2014-125514,9/21/2014,Brian Moss,Central,Office Supplies,6.48,1,0,3.1104
CA-2014-154599,4/12/2014,Kean Nguyen,West,Technology,1075.088,14,0.2,94.0702
CA-2014-154599,4/12/2014,Kean Nguyen,West,Technology,438.368,4,0.2,38.3572
CA-2014-154599,4/12/2014,Kean Nguyen,West,Office Supplies,18.088,7,0.2,6.5569
CA-2014-154599,4/12/2014,Kean Nguyen,West,Furniture,308.499,3,0.15,-18.147
CA-2017-158743,10/20/2017,Ivan Gibson,South,Office Supplies,13.36,4,0,4.1416
CA-2017-158743,10/20/2017,Ivan Gibson,South,Office Supplies,39.96,2,0,18.7812
CA-2017-158743,10/20/2017,Ivan Gibson,South,Office Supplies,145.85,5,0,70.008
CA-2016-153318,10/25/2016,Jill Stevenson,South,Technology,783.96,5,0.2,78.396
US-2015-110163,11/1/2015,Guy Armstrong,West,Office Supplies,7.88,1,0.2,1.773
CA-2017-143329,11/3/2017,Denise Leinenbach,West,Furniture,41.37,3,0,17.3754
CA-2015-159380,5/12/2015,Cindy Stewart,West,Office Supplies,12.84,3,0,5.778
CA-2015-159380,5/12/2015,Cindy Stewart,West,Office Supplies,25.68,6,0,11.556
CA-2015-122623,9/7/2015,Charles Crestani,Central,Furniture,47.516,2,0.3,-2.0364
CA-2015-148635,7/25/2015,Michelle Huthwaite,West,Office Supplies,9.42,2,0,0.471
CA-2015-148635,7/25/2015,Michelle Huthwaite,West,Office Supplies,12.96,2,0,6.2208
CA-2015-148635,7/25/2015,Michelle Huthwaite,West,Furniture,704.9,5,0,56.392
CA-2015-148635,7/25/2015,Michelle Huthwaite,West,Furniture,561.568,2,0.2,28.0784
CA-2015-135685,11/16/2015,Mike Pelletier,Central,Office Supplies,179.82,9,0,84.5154
CA-2015-135685,11/16/2015,Mike Pelletier,Central,Furniture,185.58,6,0,76.0878
CA-2015-135685,11/16/2015,Mike Pelletier,Central,Furniture,214.11,3,0,36.3987
CA-2015-135685,11/16/2015,Mike Pelletier,Central,Technology,999.96,4,0,229.9908
CA-2015-135685,11/16/2015,Mike Pelletier,Central,Furniture,653.55,3,0,111.1035
CA-2015-104626,9/1/2015,Daniel Raglin,East,Office Supplies,114.6,5,0,51.57
CA-2015-104626,9/1/2015,Daniel Raglin,East,Furniture,60.74,1,0,15.185
CA-2015-104626,9/1/2015,Daniel Raglin,East,Furniture,124.36,2,0,27.3592
CA-2015-104626,9/1/2015,Daniel Raglin,East,Office Supplies,1088.76,6,0,315.7404
CA-2016-160500,5/5/2016,Darrin Martin,West,Office Supplies,6.72,5,0.2,2.352
CA-2016-160500,5/5/2016,Darrin Martin,West,Furniture,298.776,3,0.2,7.4694
CA-2017-100202,12/31/2016,Brian DeCherney,West,Technology,302.376,3,0.2,22.6782
CA-2017-131016,9/18/2017,Dan Campbell,Central,Office Supplies,8.928,2,0.2,0.558
CA-2017-131016,9/18/2017,Dan Campbell,Central,Office Supplies,47.584,2,0.2,-2.974
US-2014-112914,9/25/2014,Michelle Tran,Central,Office Supplies,33.792,8,0.2,10.56
US-2014-112914,9/25/2014,Michelle Tran,Central,Furniture,300.5328,2,0.32,-97.2312
US-2014-112914,9/25/2014,Michelle Tran,Central,Office Supplies,2.724,2,0.8,-4.3584
US-2014-112914,9/25/2014,Michelle Tran,Central,Office Supplies,3.264,2,0.2,1.1016
CA-2016-124149,4/23/2016,Max Jones,East,Office Supplies,108.336,6,0.2,37.9176
CA-2016-124149,4/23/2016,Max Jones,East,Office Supplies,55.92,5,0.2,6.291
CA-2016-124149,4/23/2016,Max Jones,East,Office Supplies,78.304,2,0.2,29.364
CA-2014-148915,11/1/2014,Natalie DeCherney,West,Office Supplies,443.92,5,0.2,-94.333
CA-2014-148915,11/1/2014,Natalie DeCherney,West,Technology,155.976,3,0.2,54.5916
CA-2017-134649,1/26/2017,Carol Adams,South,Office Supplies,15.47,7,0,4.1769
CA-2017-134649,1/26/2017,Carol Adams,South,Office Supplies,7.16,2,0,3.4368
CA-2017-110842,11/11/2017,Guy Armstrong,West,Office Supplies,10.89,1,0,2.8314
CA-2017-110842,11/11/2017,Guy Armstrong,West,Office Supplies,19.44,3,0,9.3312
CA-2017-110842,11/11/2017,Guy Armstrong,West,Office Supplies,121.6,5,0.2,39.52
CA-2016-147368,6/9/2016,Toby Carlisle,South,Technology,695.7,2,0.5,-27.828
US-2015-104185,9/3/2015,Jennifer Braxton,East,Office Supplies,120.33,1,0,31.2858
US-2014-125521,3/14/2014,Christine Kargatis,South,Furniture,1139.92,4,0,284.98
US-2017-135062,8/31/2017,Rob Lucas,South,Office Supplies,229.544,7,0.2,83.2097
CA-2017-135650,3/23/2017,Anna Chung,Central,Office Supplies,143.728,2,0.2,-32.3388
CA-2017-112865,5/18/2017,Brosina Hoffman,East,Technology,36.048,3,0.2,-0.9012
US-2016-162852,12/27/2016,Brooke Gillingham,Central,Furniture,845.488,8,0.3,-12.0784
CA-2017-138163,11/17/2017,Xylona Preis,East,Office Supplies,50.94,3,0,14.2632
CA-2017-152093,9/10/2017,Skye Norling,Central,Office Supplies,762.594,3,0.8,-1143.891
CA-2017-157854,4/8/2017,Denise Monton,South,Furniture,56.28,6,0,15.7584
CA-2017-157854,4/8/2017,Denise Monton,South,Office Supplies,2690.97,3,0,1264.7559
CA-2016-123617,11/28/2016,Anthony Jacobs,South,Office Supplies,7.434,6,0.7,-5.6994
US-2016-128293,6/2/2016,Karen Carlisle,East,Office Supplies,64.784,1,0.2,-12.9568
CA-2017-107342,12/17/2017,Vicky Freymann,Central,Office Supplies,28.16,4,0,13.2352
CA-2016-136371,3/19/2016,Susan Vittorini,East,Furniture,14.98,1,0,6.8908
CA-2016-136371,3/19/2016,Susan Vittorini,East,Furniture,20.32,4,0,6.9088
CA-2017-137344,8/20/2017,Eleni McCrary,East,Office Supplies,40.29,3,0,10.4754
CA-2017-169810,7/25/2017,Raymond Buch,Central,Office Supplies,20.23,7,0,9.5081
CA-2016-128594,8/26/2016,Don Jones,West,Furniture,1603.136,4,0.2,100.196
CA-2016-154690,8/15/2016,Christopher Conant,South,Furniture,225.296,2,0.2,22.5296
CA-2017-138975,5/19/2017,Shahid Collister,South,Technology,67.8,4,0,4.068
CA-2017-138975,5/19/2017,Shahid Collister,South,Technology,377.97,3,0,98.2722
CA-2017-138975,5/19/2017,Shahid Collister,South,Furniture,1628.82,9,0,374.6286
CA-2017-138975,5/19/2017,Shahid Collister,South,Office Supplies,286.93,7,0,140.5957
CA-2017-106537,8/12/2017,Rick Hansen,South,Office Supplies,20.736,4,0.2,7.2576
US-2017-103828,8/13/2017,Jay Kimmel,West,Office Supplies,31.44,3,0,8.4888
US-2017-103828,8/13/2017,Jay Kimmel,West,Office Supplies,83.79,7,0,22.6233
US-2017-103828,8/13/2017,Jay Kimmel,West,Office Supplies,59.52,3,0,15.4752
US-2017-103828,8/13/2017,Jay Kimmel,West,Office Supplies,31.92,4,0,9.2568
CA-2016-115588,11/10/2016,Art Foster,East,Office Supplies,14.72,5,0.2,-3.312
CA-2016-115588,11/10/2016,Art Foster,East,Office Supplies,38.976,3,0.2,-2.436
CA-2017-143861,6/12/2017,Lena Creighton,South,Furniture,17.088,2,0.2,1.068
CA-2014-148040,3/22/2014,Beth Fritzler,West,Office Supplies,74.352,3,0.2,23.235
CA-2014-148040,3/22/2014,Beth Fritzler,West,Furniture,314.352,3,0.2,-35.3646
CA-2017-135167,6/15/2017,Stuart Calhoun,West,Office Supplies,4.26,1,0,1.7466
CA-2017-137022,11/16/2017,Scott Williamson,West,Office Supplies,811.28,8,0,24.3384
US-2017-102638,12/29/2017,Michael Chen,East,Office Supplies,6.03,3,0,2.9547
US-2016-167339,1/21/2016,Tamara Dahlen,West,Furniture,153.568,2,0.2,-5.7588
US-2016-167339,1/21/2016,Tamara Dahlen,West,Furniture,1013.488,7,0.2,76.0116
CA-2016-152072,1/15/2016,Dean percer,East,Office Supplies,52.34,2,0,24.5998
CA-2016-152072,1/15/2016,Dean percer,East,Office Supplies,4.66,2,0,1.3514
CA-2016-152072,1/15/2016,Dean percer,East,Technology,254.97,3,0,91.7892
CA-2016-102932,9/19/2016,Shirley Daniels,East,Office Supplies,25.44,6,0,12.72
CA-2016-102932,9/19/2016,Shirley Daniels,East,Office Supplies,27.93,3,0,8.0997
CA-2014-165540,2/21/2014,Tamara Manning,Central,Office Supplies,8.85,5,0.8,-13.7175
CA-2016-130799,11/11/2016,Berenike Kampe,West,Furniture,6.96,4,0,2.2272
CA-2016-164483,1/30/2016,Jeremy Farry,West,Office Supplies,17.456,2,0.2,5.8914
US-2016-159856,10/18/2016,Emily Phan,West,Furniture,307.92,5,0.2,-34.641
CA-2017-102099,12/18/2017,Emily Phan,West,Office Supplies,6.63,3,0,1.7901
CA-2017-102099,12/18/2017,Emily Phan,West,Office Supplies,12.96,2,0,6.2208
CA-2017-102099,12/18/2017,Emily Phan,West,Office Supplies,32.4,5,0,15.552
CA-2017-164049,11/2/2017,Ken Heidel,West,Office Supplies,23.85,5,0,10.7325
CA-2014-142727,4/29/2014,Harry Greene,South,Furniture,51.96,2,0,12.99
CA-2014-142727,4/29/2014,Harry Greene,South,Office Supplies,17.94,3,0,8.6112
CA-2017-139913,10/23/2017,Julie Creighton,East,Office Supplies,11.56,2,0,5.6644
CA-2017-139913,10/23/2017,Julie Creighton,East,Office Supplies,26.4,5,0,11.88
CA-2017-139913,10/23/2017,Julie Creighton,East,Furniture,69.08,11,0,29.0136
CA-2017-139913,10/23/2017,Julie Creighton,East,Technology,35.88,3,0,10.0464
CA-2014-169033,3/30/2014,Kunst Miller,East,Office Supplies,49.65,5,0,20.853
US-2016-164630,1/4/2016,Erica Bern,South,Technology,959.968,4,0.2,119.996
US-2015-114839,4/26/2015,Pierre Wener,Central,Furniture,408.422,2,0.3,-5.8346
CA-2015-166464,9/12/2015,Paul Gonzalez,East,Technology,479.984,2,0.2,59.998
CA-2015-166464,9/12/2015,Paul Gonzalez,East,Office Supplies,12.6,4,0,6.048
CA-2017-124898,9/11/2017,Daniel Byrd,South,Office Supplies,184.66,7,0,84.9436
CA-2016-164035,6/12/2016,Craig Reiter,Central,Office Supplies,23.12,5,0.2,8.381
CA-2016-153577,6/27/2016,Katharine Harms,Central,Office Supplies,37.464,7,0.2,12.1758
CA-2016-153577,6/27/2016,Katharine Harms,Central,Furniture,539.658,3,0.3,-7.7094
CA-2014-127586,9/26/2014,Christopher Schild,West,Office Supplies,310.12,2,0,80.6312
CA-2017-121615,11/3/2017,Daniel Lacy,Central,Office Supplies,8.56,2,0,3.852
CA-2017-121615,11/3/2017,Daniel Lacy,Central,Office Supplies,52.4,5,0,14.148
CA-2017-121615,11/3/2017,Daniel Lacy,Central,Office Supplies,14.94,3,0,6.8724
CA-2017-166415,2/19/2017,Max Engle,West,Office Supplies,11.22,3,0,0.2244
CA-2015-118444,11/5/2015,Valerie Dominguez,South,Office Supplies,387.136,4,0.2,24.196
CA-2014-113929,6/16/2014,Chloris Kastensmidt,East,Office Supplies,41.4,5,0,19.458
CA-2014-113929,6/16/2014,Chloris Kastensmidt,East,Office Supplies,35,4,0,10.5
CA-2014-113929,6/16/2014,Chloris Kastensmidt,East,Office Supplies,39.552,3,0.2,14.3376
CA-2015-134747,10/12/2015,Daniel Lacy,Central,Technology,135.72,3,0,35.2872
CA-2015-134747,10/12/2015,Daniel Lacy,Central,Office Supplies,12.56,2,0,5.652
CA-2015-134747,10/12/2015,Daniel Lacy,Central,Technology,263.96,4,0,71.2692
CA-2017-155047,8/27/2017,Sanjit Engle,Central,Office Supplies,5.952,1,0.2,0.372
CA-2016-160129,11/23/2016,Luke Schmidt,East,Office Supplies,15.8,5,0.2,2.37
CA-2016-160129,11/23/2016,Luke Schmidt,East,Furniture,14.368,2,0.2,3.9512
CA-2016-160129,11/23/2016,Luke Schmidt,East,Furniture,70.448,7,0.2,12.3284
CA-2017-164329,1/30/2017,Michael Moore,West,Office Supplies,129.3,2,0,6.465
US-2015-141453,11/30/2015,Deborah Brumfield,Central,Office Supplies,3.882,3,0.8,-5.823
CA-2014-156993,6/28/2014,Rob Williams,Central,Office Supplies,6.08,1,0,3.04
CA-2014-157721,9/2/2014,Justin MacKendrick,East,Office Supplies,19.9,1,0,8.955
CA-2014-157721,9/2/2014,Justin MacKendrick,East,Furniture,70.71,1,0,4.9497
CA-2017-128629,7/10/2017,Becky Pak,South,Furniture,18.84,3,0,7.9128
CA-2017-158106,6/4/2017,Carol Triggs,Central,Office Supplies,8.64,3,0,2.5056
US-2017-120390,10/19/2017,Tracy Hopkins,South,Office Supplies,1633.188,4,0.7,-1306.5504
CA-2017-143434,11/18/2017,Maria Etezadi,Central,Furniture,19.76,4,0,8.2992
CA-2015-168564,8/8/2015,Thomas Thornton,West,Office Supplies,6.608,2,0.2,2.2302
CA-2015-168564,8/8/2015,Thomas Thornton,West,Office Supplies,7.28,2,0.2,2.73
CA-2015-168564,8/8/2015,Thomas Thornton,West,Furniture,144.784,1,0.2,10.8588
US-2016-169040,12/6/2016,Greg Tran,West,Technology,156.792,1,0.2,13.7193
US-2016-169040,12/6/2016,Greg Tran,West,Technology,431.976,3,0.2,26.9985
US-2016-169040,12/6/2016,Greg Tran,West,Office Supplies,35.89,1,0,16.1505
US-2016-169040,12/6/2016,Greg Tran,West,Office Supplies,47.208,7,0.2,15.3426
US-2016-169040,12/6/2016,Greg Tran,West,Office Supplies,248.08,7,0,116.5976
US-2016-169040,12/6/2016,Greg Tran,West,Office Supplies,189.7,5,0,89.159
US-2016-169040,12/6/2016,Greg Tran,West,Office Supplies,59.808,3,0.2,19.4376
CA-2017-155880,3/25/2017,Justin Deggeller,Central,Furniture,90.99,1,0,14.5584
CA-2017-155880,3/25/2017,Justin Deggeller,Central,Furniture,1526.56,7,0,427.4368
CA-2017-155880,3/25/2017,Justin Deggeller,Central,Furniture,368.97,3,0,40.5867
CA-2017-126242,11/19/2017,Mick Crebagga,West,Office Supplies,305.01,9,0,76.2525
CA-2017-126242,11/19/2017,Mick Crebagga,West,Furniture,18.7,1,0,7.106
CA-2016-166443,11/4/2016,Lisa Hazard,West,Furniture,38.29,7,0,16.4647
CA-2017-169859,12/14/2017,Mike Pelletier,West,Furniture,26.25,3,0,11.025
CA-2017-169859,12/14/2017,Mike Pelletier,West,Office Supplies,64.96,14,0.2,22.736
CA-2017-169859,12/14/2017,Mike Pelletier,West,Office Supplies,43.7,5,0,20.539
CA-2017-134915,11/12/2017,Eugene Moren,West,Technology,41.6,4,0.2,13
CA-2017-134915,11/12/2017,Eugene Moren,West,Office Supplies,23.12,5,0.2,8.381
CA-2017-134915,11/12/2017,Eugene Moren,West,Furniture,113.888,2,0.2,9.9652
CA-2017-134915,11/12/2017,Eugene Moren,West,Furniture,113.568,2,0.2,-5.6784
CA-2017-134915,11/12/2017,Eugene Moren,West,Technology,7.92,2,0.2,0.693
CA-2017-134915,11/12/2017,Eugene Moren,West,Technology,671.984,2,0.2,50.3988
CA-2016-153353,8/18/2016,Greg Guthrie,East,Technology,39.99,1,0,11.5971
CA-2017-123638,6/27/2017,Michelle Arnett,East,Furniture,191.646,3,0.1,31.941
CA-2017-168900,5/4/2017,Shahid Hopkins,East,Office Supplies,2.313,1,0.7,-1.9275
CA-2015-158456,12/24/2015,Kean Takahito,West,Office Supplies,19.936,4,0.2,7.2268
CA-2015-158456,12/24/2015,Kean Takahito,West,Office Supplies,45.92,4,0,21.5824
CA-2017-143665,4/26/2017,Philisse Overcash,West,Office Supplies,20.34,3,0,9.3564
CA-2017-143665,4/26/2017,Philisse Overcash,West,Office Supplies,39.28,8,0,19.2472
CA-2017-137428,12/16/2017,Andy Yotov,West,Furniture,81.568,2,0.2,9.1764
CA-2017-137428,12/16/2017,Andy Yotov,West,Furniture,97.184,2,0.2,6.074
CA-2017-137428,12/16/2017,Andy Yotov,West,Office Supplies,24.32,5,0.2,8.208
CA-2017-137428,12/16/2017,Andy Yotov,West,Furniture,18.96,2,0,7.584
CA-2014-162866,12/27/2014,Corey-Lock,Central,Furniture,32.952,6,0.6,-19.7712
CA-2014-162866,12/27/2014,Corey-Lock,Central,Office Supplies,30.016,4,0.2,3.0016
CA-2017-167941,11/6/2017,Jill Fjeld,South,Office Supplies,499.584,3,0.2,43.7136
CA-2017-167941,11/6/2017,Jill Fjeld,South,Office Supplies,31.104,6,0.2,10.8864
CA-2017-167941,11/6/2017,Jill Fjeld,South,Office Supplies,13.272,8,0.7,-10.6176
CA-2017-167941,11/6/2017,Jill Fjeld,South,Furniture,28.272,2,0.2,6.3612
CA-2017-167941,11/6/2017,Jill Fjeld,South,Office Supplies,259.136,4,0.2,-51.8272
CA-2017-111808,12/16/2017,Andrew Roberts,Central,Office Supplies,10.8,5,0,5.184
CA-2015-137512,5/7/2015,Anna Gayman,Central,Furniture,244.006,2,0.3,-31.3722
CA-2015-137512,5/7/2015,Anna Gayman,Central,Office Supplies,15.936,4,0.2,5.3784
CA-2017-139773,12/4/2017,Darrin Van Huff,East,Furniture,188.552,7,0.3,-2.6936
CA-2017-134607,10/3/2017,Hunter Lopez,East,Office Supplies,22.58,2,0,5.8708
CA-2014-109232,1/13/2014,Natalie DeCherney,South,Furniture,545.94,6,0,87.3504
CA-2015-139850,6/12/2015,Giulietta Baptist,East,Office Supplies,20.736,4,0.2,7.2576
CA-2015-139850,6/12/2015,Giulietta Baptist,East,Furniture,43.296,2,0.2,4.3296
CA-2014-131310,7/12/2014,Clay Ludtke,West,Furniture,123.136,4,0.2,13.8528
CA-2014-131310,7/12/2014,Clay Ludtke,West,Office Supplies,11.264,4,0.2,3.8016
US-2014-112872,12/6/2014,Ryan Crowe,West,Office Supplies,53.424,3,0.2,4.6746
US-2014-112872,12/6/2014,Ryan Crowe,West,Furniture,275.49,1,0.5,-170.8038
CA-2016-139269,5/25/2016,Julia Barnett,South,Furniture,24.96,4,0,6.24
CA-2016-139269,5/25/2016,Julia Barnett,South,Office Supplies,19.36,2,0,9.2928
CA-2016-139269,5/25/2016,Julia Barnett,South,Office Supplies,1267.65,9,0,152.118
CA-2016-139010,2/21/2016,Matthew Clasen,West,Technology,12.99,1,0,0.7794
CA-2016-139010,2/21/2016,Matthew Clasen,West,Office Supplies,18.56,4,0.2,6.496
CA-2016-139010,2/21/2016,Matthew Clasen,West,Office Supplies,449.15,5,0,8.983
CA-2016-139010,2/21/2016,Matthew Clasen,West,Office Supplies,31.248,7,0.2,10.9368
CA-2016-134376,10/2/2016,Tim Taslimi,East,Office Supplies,61.44,3,0,16.5888
CA-2017-147291,3/11/2017,Max Jones,Central,Office Supplies,895.92,4,0,421.0824
CA-2016-112893,9/9/2016,Annie Thurman,West,Office Supplies,55.36,4,0.2,18.684
US-2014-150532,7/14/2014,Philip Brown,West,Office Supplies,55.92,5,0.2,6.291
CA-2014-138317,6/21/2014,Natalie Webber,East,Office Supplies,24.896,4,0.2,8.4024
CA-2014-138317,6/21/2014,Natalie Webber,East,Furniture,3.984,1,0.2,0.6474
CA-2014-138317,6/21/2014,Natalie Webber,East,Technology,95.968,4,0.2,28.7904
CA-2014-138317,6/21/2014,Natalie Webber,East,Technology,206.991,3,0.7,-172.4925
CA-2014-138317,6/21/2014,Natalie Webber,East,Office Supplies,44.416,2,0.2,3.8864
CA-2014-138317,6/21/2014,Natalie Webber,East,Office Supplies,9.006,2,0.7,-7.2048
CA-2015-130610,7/5/2015,Victor Preis,Central,Office Supplies,19,5,0,8.93
CA-2017-104381,12/16/2017,Ross DeVincentis,East,Office Supplies,33.376,4,0.2,10.43
CA-2016-131499,9/8/2016,Michael Grace,East,Office Supplies,207.48,1,0,62.244
CA-2014-148761,5/17/2014,Pete Armstrong,Central,Office Supplies,91.68,3,0,45.84
CA-2017-116519,10/13/2017,Craig Reiter,East,Office Supplies,904.9,5,0,253.372
CA-2014-130729,10/24/2014,Allen Armold,West,Office Supplies,34.272,3,0.2,11.1384
CA-2016-124772,12/5/2016,James Galang,South,Furniture,191.82,3,0,74.8098
CA-2016-115525,7/25/2016,Rick Reed,East,Office Supplies,243.88,5,0.2,27.4365
CA-2017-134845,4/17/2017,Sharelle Roach,West,Office Supplies,12.03,5,0.7,-9.223
CA-2017-134845,4/17/2017,Sharelle Roach,West,Technology,2549.985,5,0.7,-3399.98
CA-2017-134845,4/17/2017,Sharelle Roach,West,Office Supplies,21.594,2,0.7,-15.8356
CA-2017-134845,4/17/2017,Sharelle Roach,West,Office Supplies,8.964,6,0.7,-6.5736
CA-2017-134845,4/17/2017,Sharelle Roach,West,Office Supplies,20.736,4,0.2,7.2576
US-2015-138919,9/17/2015,Lindsay Shagiari,East,Furniture,344.22,2,0.4,-103.266
US-2016-160528,8/23/2016,Mick Hernandez,Central,Office Supplies,727.296,8,0.2,-172.7328
US-2016-160528,8/23/2016,Mick Hernandez,Central,Furniture,22.608,3,0.6,-10.1736
US-2016-160528,8/23/2016,Mick Hernandez,Central,Technology,666.4,7,0.2,-33.32
CA-2015-123568,11/8/2015,Sanjit Chand,West,Office Supplies,5.04,3,0,0.2016
CA-2015-123568,11/8/2015,Sanjit Chand,West,Office Supplies,92.94,3,0,41.823
CA-2015-123568,11/8/2015,Sanjit Chand,West,Furniture,66.69,3,0,22.0077
CA-2015-123568,11/8/2015,Sanjit Chand,West,Office Supplies,91.68,5,0.2,28.65
CA-2017-124674,11/17/2017,Joy Bell-,Central,Furniture,327.7328,2,0.32,-14.4588
CA-2015-164441,11/8/2015,Amy Cox,East,Office Supplies,52.272,11,0.2,17.6418
CA-2015-164441,11/8/2015,Amy Cox,East,Office Supplies,17.94,3,0,8.073
CA-2017-169054,4/22/2017,Meg O'Connel,East,Furniture,254.352,3,0.2,0
CA-2014-106719,8/24/2014,Robert Barroso,West,Office Supplies,8.288,2,0.2,2.6936
CA-2017-116855,12/17/2017,Arianne Irving,South,Furniture,504.9,5,0,80.784
US-2016-164189,3/24/2016,Dan Reichenbach,West,Technology,403.168,4,0.2,25.198
CA-2015-168480,9/21/2015,Dario Medina,Central,Furniture,194.32,4,0,31.0912
CA-2015-168480,9/21/2015,Dario Medina,Central,Office Supplies,25.99,1,0,7.5371
US-2016-114293,11/21/2016,Justin Hirsh,West,Furniture,195.136,4,0.2,-12.196
CA-2017-134173,9/16/2017,Adam Bellavance,East,Office Supplies,20.736,4,0.2,7.2576
US-2015-123960,6/11/2015,Brian Dahlen,South,Technology,53.7,6,0,10.203
US-2015-123960,6/11/2015,Brian Dahlen,South,Office Supplies,36.26,7,0,16.6796
US-2015-123960,6/11/2015,Brian Dahlen,South,Office Supplies,56.3,2,0,15.764
US-2015-123960,6/11/2015,Brian Dahlen,South,Office Supplies,32.4,5,0,15.552
US-2015-123960,6/11/2015,Brian Dahlen,South,Furniture,29.16,2,0,10.7892
CA-2017-101749,10/3/2017,Aaron Smayling,West,Furniture,171.288,3,0.2,-6.4233
US-2016-147991,5/5/2016,Zuschuss Donatelli,South,Furniture,16.72,5,0.2,3.344
CA-2017-149559,9/11/2017,Karen Ferguson,West,Office Supplies,12.96,2,0,6.2208
CA-2017-149559,9/11/2017,Karen Ferguson,West,Office Supplies,22.18,2,0,10.8682
CA-2017-149559,9/11/2017,Karen Ferguson,West,Furniture,2054.272,8,0.2,256.784
CA-2015-135174,4/30/2015,Benjamin Patterson,East,Technology,1022.97,5,0.4,-255.7425
CA-2017-125290,11/6/2017,Chuck Clark,Central,Office Supplies,13.9,5,0,3.614
CA-2017-125290,11/6/2017,Chuck Clark,Central,Office Supplies,26.38,1,0,12.1348
CA-2014-137351,9/30/2014,Doug Bickford,West,Office Supplies,43.176,7,0.2,13.4925
CA-2017-121419,4/2/2017,Tony Chapman,South,Furniture,411.8,2,0,70.006
CA-2017-121419,4/2/2017,Tony Chapman,South,Technology,360,4,0,129.6
US-2017-148054,10/6/2017,Nick Zandusky,West,Furniture,41.96,2,0,2.9372
US-2017-148054,10/6/2017,Nick Zandusky,West,Office Supplies,227.84,4,0,66.0736
US-2017-148054,10/6/2017,Nick Zandusky,West,Office Supplies,37.94,2,0,18.2112
CA-2016-128517,4/9/2016,Sean Wendt,Central,Technology,517.9,2,0,134.654
CA-2016-128517,4/9/2016,Sean Wendt,Central,Office Supplies,5.28,2,0,2.4288
US-2015-100377,8/28/2015,Todd Sumrall,Central,Technology,2799.96,5,0.2,874.9875
CA-2017-131492,10/19/2017,Hilary Holden,West,Office Supplies,8.96,2,0,4.3008
CA-2017-131492,10/19/2017,Hilary Holden,West,Office Supplies,31.5,10,0,15.12
CA-2017-131492,10/19/2017,Hilary Holden,West,Furniture,30.56,2,0,10.3904
CA-2017-131492,10/19/2017,Hilary Holden,West,Furniture,24.368,2,0.2,-3.3506
CA-2016-144554,11/7/2016,Denise Monton,East,Technology,119.976,3,0.2,22.4955
CA-2017-127621,3/3/2017,Richard Eichhorn,Central,Office Supplies,26.88,8,0.2,9.744
CA-2015-145184,11/27/2015,Justin Deggeller,East,Technology,83.97,3,0,23.5116
CA-2015-145184,11/27/2015,Justin Deggeller,East,Technology,104.97,3,0,7.3479
CA-2017-106859,3/13/2017,Benjamin Farhat,West,Office Supplies,90.8,8,0,25.424
CA-2017-106859,3/13/2017,Benjamin Farhat,West,Technology,140.736,8,0.2,49.2576
CA-2017-106859,3/13/2017,Benjamin Farhat,West,Technology,214.95,5,0,88.1295
CA-2017-106859,3/13/2017,Benjamin Farhat,West,Office Supplies,45.36,7,0,21.7728
CA-2017-106859,3/13/2017,Benjamin Farhat,West,Office Supplies,288.24,6,0,138.3552
US-2017-120089,11/30/2017,Max Ludwig,East,Office Supplies,663.936,4,0.2,82.992
CA-2014-119375,11/17/2014,Yoseph Carroll,East,Office Supplies,2934.33,7,0,792.2691
CA-2014-119375,11/17/2014,Yoseph Carroll,East,Furniture,124.41,3,0,14.9292
CA-2014-119375,11/17/2014,Yoseph Carroll,East,Office Supplies,57.75,5,0,26.565
CA-2016-125206,1/3/2016,Lena Radford,West,Office Supplies,114.46,2,0,28.615
CA-2015-126137,10/3/2015,Bruce Stewart,West,Furniture,120.666,2,0.15,18.4548
CA-2014-143903,7/20/2014,Katherine Murray,Central,Office Supplies,342.864,3,0.2,38.5722
CA-2014-143903,7/20/2014,Katherine Murray,Central,Furniture,16.74,5,0.6,-14.229
CA-2014-143903,7/20/2014,Katherine Murray,Central,Furniture,981.372,2,0.3,-140.196
CA-2014-104780,5/21/2014,Bradley Talbott,West,Office Supplies,31.84,8,0,10.5072
CA-2017-101182,9/4/2017,Katrina Bavinger,West,Office Supplies,12.96,2,0,6.2208
CA-2017-101182,9/4/2017,Katrina Bavinger,West,Technology,43.176,3,0.2,15.1116
US-2017-132297,5/27/2017,Dianna Wilson,South,Office Supplies,58.34,2,0,28.0032
US-2017-132297,5/27/2017,Dianna Wilson,South,Technology,539.97,3,0,134.9925
CA-2014-100328,1/28/2014,Jasper Cacioppo,East,Office Supplies,3.928,1,0.2,1.3257
CA-2017-118773,2/9/2017,Tom Prescott,Central,Office Supplies,252.784,4,0.8,-417.0936
CA-2017-118773,2/9/2017,Tom Prescott,Central,Technology,127.984,2,0.2,15.998
CA-2017-118773,2/9/2017,Tom Prescott,Central,Furniture,3.984,2,0.6,-2.6892
CA-2017-118773,2/9/2017,Tom Prescott,Central,Office Supplies,12.992,2,0.8,-32.48
US-2017-159205,3/31/2017,Daniel Byrd,South,Furniture,61,5,0,25.62
US-2017-159205,3/31/2017,Daniel Byrd,South,Technology,671.93,7,0,188.1404
CA-2016-112123,3/3/2016,Brosina Hoffman,East,Office Supplies,447.86,7,0,219.4514
CA-2016-112123,3/3/2016,Brosina Hoffman,East,Technology,479.95,5,0,129.5865
CA-2016-112123,3/3/2016,Brosina Hoffman,East,Office Supplies,166.44,3,0,79.8912
CA-2015-114468,8/23/2015,Tamara Dahlen,Central,Office Supplies,31.68,4,0.2,2.772
CA-2015-114468,8/23/2015,Tamara Dahlen,Central,Office Supplies,10.368,2,0.2,3.6288
CA-2015-114468,8/23/2015,Tamara Dahlen,Central,Office Supplies,12.032,8,0.2,2.256
CA-2015-114468,8/23/2015,Tamara Dahlen,Central,Office Supplies,5.768,2,0.8,-13.5548
CA-2017-135692,4/27/2017,Cynthia Voltz,Central,Office Supplies,33.12,4,0.2,11.592
CA-2017-135692,4/27/2017,Cynthia Voltz,Central,Furniture,220.2656,4,0.32,-42.1096
CA-2017-131233,4/14/2017,Christine Sundaresam,East,Office Supplies,10.776,3,0.2,3.5022
CA-2017-131233,4/14/2017,Christine Sundaresam,East,Furniture,242.352,3,0.2,9.0882
CA-2017-119578,12/22/2017,Jason Gross,East,Office Supplies,695.16,6,0,34.758
CA-2017-119578,12/22/2017,Jason Gross,East,Furniture,220.98,1,0,50.8254
CA-2016-124562,12/8/2016,Julie Prescott,East,Office Supplies,12.957,7,0.7,-9.5018
US-2017-140074,3/23/2017,Erin Creighton,East,Office Supplies,25.68,6,0,11.556
CA-2016-103037,7/25/2016,Ken Heidel,Central,Office Supplies,15.712,4,0.2,5.6956
CA-2017-127460,7/10/2017,Frank Gastineau,Central,Office Supplies,298.464,6,0.2,26.1156
CA-2016-121671,7/17/2016,Andrew Allen,Central,Office Supplies,21.93,3,0,10.0878
CA-2016-121671,7/17/2016,Andrew Allen,Central,Office Supplies,242.94,3,0,4.8588
CA-2016-121671,7/17/2016,Andrew Allen,Central,Office Supplies,7.64,1,0,3.7436
CA-2016-121671,7/17/2016,Andrew Allen,Central,Office Supplies,51.84,8,0,25.4016
CA-2016-121671,7/17/2016,Andrew Allen,Central,Office Supplies,265.17,1,0,47.7306
CA-2016-150350,8/23/2016,Maxwell Schwartz,West,Technology,837.6,3,0.2,62.82
CA-2016-150350,8/23/2016,Maxwell Schwartz,West,Office Supplies,135.9,5,0,63.873
CA-2016-150350,8/23/2016,Maxwell Schwartz,West,Office Supplies,34.68,6,0,16.9932
CA-2016-150350,8/23/2016,Maxwell Schwartz,West,Furniture,532.704,6,0.2,-39.9528
CA-2016-150350,8/23/2016,Maxwell Schwartz,West,Office Supplies,43.1,5,0,11.206
CA-2016-150350,8/23/2016,Maxwell Schwartz,West,Office Supplies,15.88,4,0,0.1588
CA-2015-121720,6/11/2015,Jim Epp,South,Furniture,1123.92,5,0.2,-182.637
CA-2015-121720,6/11/2015,Jim Epp,South,Technology,249.584,2,0.2,31.198
CA-2015-121720,6/11/2015,Jim Epp,South,Furniture,48.672,3,0.2,7.3008
CA-2015-121720,6/11/2015,Jim Epp,South,Office Supplies,60.768,2,0.2,7.596
CA-2015-121720,6/11/2015,Jim Epp,South,Office Supplies,78.6,5,0.7,-62.88
CA-2015-121720,6/11/2015,Jim Epp,South,Office Supplies,3.768,2,0.7,-3.14
CA-2015-121720,6/11/2015,Jim Epp,South,Office Supplies,1036.624,2,0.2,51.8312
CA-2015-121720,6/11/2015,Jim Epp,South,Office Supplies,563.808,4,0.2,21.1428
CA-2017-149895,9/8/2017,Eugene Barchas,East,Technology,258.528,2,0.4,-47.3968
CA-2017-147564,10/2/2017,Becky Pak,East,Office Supplies,49.12,4,0,23.0864
CA-2014-136399,12/16/2014,Chad Cunningham,West,Furniture,44.46,2,0,14.6718
CA-2014-136399,12/16/2014,Chad Cunningham,West,Furniture,241.568,2,0.2,18.1176
CA-2014-136399,12/16/2014,Chad Cunningham,West,Technology,395,5,0,39.5
CA-2014-136399,12/16/2014,Chad Cunningham,West,Technology,627.168,4,0.2,70.5564
CA-2014-107916,8/24/2014,Jennifer Patt,East,Furniture,13.28,2,0,6.3744
CA-2014-107916,8/24/2014,Jennifer Patt,East,Office Supplies,12.672,3,0.2,4.4352
CA-2017-164168,11/12/2017,Lindsay Shagiari,Central,Office Supplies,30.56,5,0.8,-45.84
CA-2017-164168,11/12/2017,Lindsay Shagiari,Central,Office Supplies,77.952,3,0.2,-15.5904
CA-2017-164168,11/12/2017,Lindsay Shagiari,Central,Technology,67.992,1,0.2,8.499
CA-2017-164168,11/12/2017,Lindsay Shagiari,Central,Office Supplies,12.224,2,0.2,4.4312
CA-2017-164168,11/12/2017,Lindsay Shagiari,Central,Technology,44.784,2,0.2,-0.5598
CA-2017-164168,11/12/2017,Lindsay Shagiari,Central,Furniture,22.848,3,0.6,-17.7072
CA-2015-112557,4/25/2015,John Lucas,East,Office Supplies,206.43,3,0,90.8292
US-2014-122959,12/12/2014,Craig Yedwab,Central,Office Supplies,210.392,2,0.8,-336.6272
CA-2017-162572,9/25/2017,Raymond Buch,East,Technology,119.96,5,0.2,35.988
CA-2017-162572,9/25/2017,Raymond Buch,East,Office Supplies,10.608,6,0.2,0.9282
US-2016-148110,9/5/2016,Anthony Rawles,Central,Furniture,347.802,7,0.3,-24.843
CA-2017-131828,2/11/2017,Cari Sayre,West,Furniture,963.136,4,0.2,108.3528
CA-2017-131828,2/11/2017,Cari Sayre,West,Technology,88.776,3,0.2,7.7679
CA-2014-109218,6/30/2014,Anthony Rawles,West,Office Supplies,32.4,5,0,10.368
CA-2016-120558,6/7/2016,Ross DeVincentis,East,Office Supplies,32.4,5,0,15.552
US-2014-109036,12/20/2014,Keith Herrera,West,Office Supplies,31.05,3,0,14.904
CA-2015-147830,12/15/2015,Natalie Fritzler,East,Technology,2025.36,6,0.2,607.608
CA-2015-147830,12/15/2015,Natalie Fritzler,East,Technology,1799.994,2,0.7,-2639.9912
CA-2015-147830,12/15/2015,Natalie Fritzler,East,Technology,101.988,2,0.4,-16.998
CA-2015-147830,12/15/2015,Natalie Fritzler,East,Furniture,262.864,7,0.2,69.0018
CA-2017-150497,7/20/2017,Suzanne McNair,Central,Office Supplies,735.98,2,0,331.191
CA-2014-128986,8/3/2014,Gary Hansen,West,Office Supplies,93.024,3,0.2,33.7212
CA-2015-139584,8/24/2015,Eleni McCrary,East,Furniture,284.364,2,0.4,-75.8304
CA-2015-139584,8/24/2015,Eleni McCrary,East,Technology,26,2,0,11.7
US-2016-162677,3/26/2016,Dean Braden,South,Office Supplies,67.64,5,0.2,5.9185
US-2016-162677,3/26/2016,Dean Braden,South,Technology,119.976,3,0.2,-17.9964
US-2014-150924,9/12/2014,Pete Takahito,Central,Office Supplies,5.18,5,0.8,-8.029
CA-2014-153969,9/21/2014,Herbert Flentye,West,Office Supplies,15.56,2,0,7.3132
CA-2014-153969,9/21/2014,Herbert Flentye,West,Office Supplies,78.35,5,0,36.8245
CA-2014-153969,9/21/2014,Herbert Flentye,West,Office Supplies,59.52,3,0,15.4752
CA-2014-153969,9/21/2014,Herbert Flentye,West,Office Supplies,38.52,9,0,17.334
CA-2014-153969,9/21/2014,Herbert Flentye,West,Technology,239.984,2,0.2,23.9984
CA-2014-153969,9/21/2014,Herbert Flentye,West,Office Supplies,19.35,3,0,9.4815
CA-2016-146682,10/29/2016,Katrina Willman,Central,Furniture,67,5,0,32.16
CA-2016-138695,5/28/2016,Kimberly Carter,South,Furniture,390.272,8,0.2,-24.392
CA-2016-138695,5/28/2016,Kimberly Carter,South,Office Supplies,62.192,13,0.2,19.435
CA-2017-107461,12/21/2017,Pete Kriz,South,Office Supplies,23.88,6,0,11.2236
US-2016-133879,3/21/2016,Kean Takahito,Central,Office Supplies,3.168,2,0.8,-4.752
US-2016-133879,3/21/2016,Kean Takahito,Central,Furniture,528.43,5,0.3,0
US-2016-133879,3/21/2016,Kean Takahito,Central,Office Supplies,13.392,3,0.2,1.5066
CA-2017-157483,11/11/2017,Emily Phan,Central,Office Supplies,181.86,7,0,50.9208
US-2017-132059,9/23/2017,Arthur Prichep,West,Furniture,180.588,2,0.7,-240.784
US-2017-132059,9/23/2017,Arthur Prichep,West,Technology,47.984,2,0.2,0.5998
CA-2017-122280,9/10/2017,Shahid Hopkins,East,Office Supplies,18.76,2,0,9.0048
CA-2017-105235,12/5/2017,Suzanne McNair,East,Furniture,20.94,3,0,6.0726
CA-2017-105235,12/5/2017,Suzanne McNair,East,Furniture,58.68,2,0,18.1908
CA-2017-105235,12/5/2017,Suzanne McNair,East,Office Supplies,254.9,5,0,68.823
CA-2017-152912,11/9/2017,Brian Moss,East,Office Supplies,9.64,2,0,4.4344
CA-2017-152912,11/9/2017,Brian Moss,East,Technology,826.62,3,0,355.4466
CA-2017-152912,11/9/2017,Brian Moss,East,Office Supplies,1633.14,9,0,473.6106
CA-2017-152912,11/9/2017,Brian Moss,East,Office Supplies,544.38,3,0,157.8702
CA-2014-123498,11/7/2014,Tamara Chand,Central,Office Supplies,26.046,3,0.8,-44.2782
CA-2014-123498,11/7/2014,Tamara Chand,Central,Office Supplies,74.352,3,0.2,26.9526
CA-2017-159352,3/12/2017,Ken Black,East,Technology,69.93,7,0,32.1678
US-2017-146416,10/20/2017,Justin Ellison,West,Office Supplies,3.75,1,0,1.8
US-2017-146416,10/20/2017,Justin Ellison,West,Office Supplies,20.928,4,0.2,7.5864
US-2015-163783,12/27/2015,Daniel Raglin,Central,Office Supplies,12.672,3,0.2,-3.168
CA-2017-123981,10/2/2017,Rob Williams,East,Technology,65.99,1,0,17.1574
CA-2017-158953,6/4/2017,Michelle Lonsdale,Central,Office Supplies,6.37,7,0.8,-9.555
CA-2014-165428,9/1/2014,Jack Lebron,Central,Office Supplies,3.648,3,0.8,-6.0192
CA-2014-165428,9/1/2014,Jack Lebron,Central,Office Supplies,31.104,6,0.2,10.8864
CA-2016-169026,8/8/2016,Corinna Mitchell,South,Office Supplies,23.34,3,0,0.2334
CA-2017-109750,7/22/2017,Fred Hopkins,East,Technology,29.97,3,0,14.0859
CA-2015-149384,7/10/2015,Eric Hoffmann,West,Office Supplies,3.366,3,0.7,-2.244
CA-2014-131527,12/1/2014,Toby Braunhardt,South,Technology,95.968,4,0.2,9.5968
CA-2017-164000,12/18/2017,Aaron Hawkins,East,Office Supplies,18.704,7,0.2,2.338
CA-2014-164224,5/18/2014,Ted Trevino,East,Furniture,149.232,3,0.2,3.7308
CA-2014-164224,5/18/2014,Ted Trevino,East,Office Supplies,15.936,4,0.2,5.7768
CA-2014-158372,11/10/2014,Ruben Dartt,West,Technology,601.536,8,0.2,60.1536
CA-2014-158372,11/10/2014,Ruben Dartt,West,Technology,10.99,1,0,4.2861
CA-2014-158372,11/10/2014,Ruben Dartt,West,Furniture,39.88,2,0,11.1664
CA-2014-158372,11/10/2014,Ruben Dartt,West,Office Supplies,62.24,8,0,28.008
CA-2014-158372,11/10/2014,Ruben Dartt,West,Furniture,53.2,5,0,14.896
CA-2014-158372,11/10/2014,Ruben Dartt,West,Office Supplies,39.84,8,0,18.3264
CA-2016-108882,1/9/2016,Laura Armstrong,West,Technology,349.95,5,0,118.983
CA-2016-108882,1/9/2016,Laura Armstrong,West,Technology,377.928,9,0.2,141.723
US-2017-108245,9/22/2017,Sally Hughsby,Central,Office Supplies,13.392,3,0.2,5.022
US-2017-108245,9/22/2017,Sally Hughsby,Central,Office Supplies,11.228,7,0.8,-18.5262
CA-2014-142314,12/23/2014,Sarah Foster,Central,Office Supplies,207.24,11,0,58.0272
CA-2016-132409,5/26/2016,Tiffany House,East,Office Supplies,1.504,1,0.2,0.1692
CA-2016-132409,5/26/2016,Tiffany House,East,Office Supplies,34.848,2,0.2,6.534
CA-2017-150189,7/8/2017,Vivek Gonzalez,West,Office Supplies,75.18,6,0,35.3346
CA-2014-114433,5/13/2014,Naresj Patel,West,Technology,149.97,3,0,52.4895
CA-2017-104640,11/10/2017,Frank Hawley,East,Office Supplies,931.176,3,0.2,314.2719
CA-2017-104640,11/10/2017,Frank Hawley,East,Technology,430.88,2,0,124.9552
US-2015-137008,10/2/2015,Jennifer Patt,East,Office Supplies,94.85,5,0,45.528
US-2015-137008,10/2/2015,Jennifer Patt,East,Office Supplies,51.12,4,0,23.004
US-2015-137008,10/2/2015,Jennifer Patt,East,Technology,90,1,0,32.4
CA-2014-108189,10/2/2014,Erin Smith,West,Office Supplies,9.408,2,0.2,3.4104
CA-2014-108189,10/2/2014,Erin Smith,West,Office Supplies,4.672,2,0.2,1.46
CA-2014-108189,10/2/2014,Erin Smith,West,Technology,318.4,2,0.2,107.46
CA-2014-108189,10/2/2014,Erin Smith,West,Office Supplies,12.768,6,0.2,4.6284
CA-2014-108189,10/2/2014,Erin Smith,West,Office Supplies,15.36,2,0.2,-3.264
CA-2014-108189,10/2/2014,Erin Smith,West,Technology,230.376,3,0.2,20.1579
CA-2014-108189,10/2/2014,Erin Smith,West,Technology,7.16,1,0.2,-0.0895
CA-2014-154641,8/11/2014,Ken Lonsdale,East,Office Supplies,375.34,1,0,18.767
CA-2017-131625,9/1/2017,Bradley Nguyen,East,Furniture,114.9,5,0,39.066
US-2017-156356,4/16/2017,Natalie DeCherney,Central,Office Supplies,26.046,3,0.8,-44.2782
US-2017-156356,4/16/2017,Natalie DeCherney,Central,Office Supplies,2.896,1,0.8,-4.7784
US-2017-156356,4/16/2017,Natalie DeCherney,Central,Office Supplies,32.544,2,0.2,-7.7292
CA-2016-138933,4/24/2016,Jack Lebron,West,Office Supplies,3.984,1,0.2,1.3944
CA-2016-140746,1/15/2016,Roy Collins,East,Furniture,181.797,1,0.3,-15.5826
CA-2016-146836,5/2/2016,Cindy Chapman,East,Office Supplies,44.94,3,0,12.5832
CA-2016-146836,5/2/2016,Cindy Chapman,East,Office Supplies,45.576,3,0.2,15.9516
US-2016-127971,11/20/2016,David Wiener,Central,Furniture,318.43,5,0.3,-77.333
US-2016-127971,11/20/2016,David Wiener,Central,Technology,122.92,7,0.2,46.095
US-2016-127971,11/20/2016,David Wiener,Central,Furniture,7.068,3,0.6,-2.8272
US-2016-140809,2/1/2016,Cyma Kinney,South,Office Supplies,56.45,5,0,14.677
CA-2017-114524,3/31/2017,Emily Grady,Central,Office Supplies,13.468,13,0.8,-22.8956
CA-2017-113355,12/1/2017,Sarah Jordon,Central,Technology,219.8,5,0.2,24.7275
CA-2017-113355,12/1/2017,Sarah Jordon,Central,Furniture,317.058,3,0.3,-18.1176
US-2017-140907,12/10/2017,Ben Peterman,West,Technology,49.08,3,0,4.908
US-2017-140907,12/10/2017,Ben Peterman,West,Office Supplies,324.9,5,0,38.988
US-2017-140907,12/10/2017,Ben Peterman,West,Office Supplies,18.24,3,0,5.2896
CA-2016-159730,9/17/2016,Sanjit Jacobs,West,Furniture,113.888,2,0.2,9.9652
CA-2016-159730,9/17/2016,Sanjit Jacobs,West,Technology,105.584,2,0.2,7.9188
CA-2016-157868,12/23/2016,Matt Collister,Central,Office Supplies,24.85,7,0,11.6795
CA-2017-119389,4/17/2017,Bruce Geld,East,Furniture,60.312,3,0.2,5.2773
CA-2017-110373,10/27/2017,Matt Abelman,Central,Office Supplies,7.056,3,0.2,2.205
CA-2017-110373,10/27/2017,Matt Abelman,Central,Technology,27.184,2,0.2,2.0388
CA-2016-155474,7/8/2016,Chris Cortes,West,Technology,107.984,1,0.2,9.4486
CA-2016-155474,7/8/2016,Chris Cortes,West,Office Supplies,19.296,3,0.2,6.03
CA-2015-155453,8/9/2015,Ruben Ausman,South,Office Supplies,4.608,2,0.2,1.6704
US-2016-161844,12/9/2016,Damala Kotsonis,South,Furniture,79.974,3,0.4,-29.3238
US-2016-161844,12/9/2016,Damala Kotsonis,South,Office Supplies,2.946,2,0.7,-2.0622
US-2016-162103,11/13/2016,Laurel Beltran,Central,Office Supplies,3.136,2,0.8,-4.704
CA-2014-151554,11/14/2014,Candace McMahon,Central,Office Supplies,20.736,4,0.2,7.2576
CA-2014-140662,11/17/2014,Thomas Seio,West,Technology,99.98,2,0,7.9984
CA-2014-140662,11/17/2014,Thomas Seio,West,Office Supplies,733.95,7,0,352.296
CA-2014-140662,11/17/2014,Thomas Seio,West,Office Supplies,241.44,3,0,72.432
CA-2016-122518,3/4/2016,Randy Ferguson,South,Office Supplies,10.08,4,0.2,3.528
US-2014-126571,10/11/2014,Jill Fjeld,East,Office Supplies,281.904,2,0.2,10.5714
US-2014-126571,10/11/2014,Jill Fjeld,East,Office Supplies,201.432,3,0.2,67.9833
CA-2014-143840,5/22/2014,Evan Henry,South,Technology,135.98,2,0,33.995
CA-2014-143840,5/22/2014,Evan Henry,South,Technology,44.95,1,0,12.586
CA-2014-115980,7/15/2014,Victoria Wilson,Central,Technology,2.97,3,0,1.3068
CA-2014-115980,7/15/2014,Victoria Wilson,Central,Office Supplies,6.54,3,0,2.6814
CA-2015-155145,12/27/2015,Kean Nguyen,West,Technology,7.92,8,0,3.4848
CA-2015-146038,2/9/2015,Sarah Jordon,West,Furniture,203.92,5,0.2,22.941
CA-2017-133865,5/8/2017,Penelope Sewall,West,Technology,3359.952,6,0.2,1049.985
CA-2017-116358,11/2/2017,Kalyca Meade,Central,Office Supplies,18.24,3,0,9.12
CA-2017-116358,11/2/2017,Kalyca Meade,Central,Office Supplies,27.78,6,0,9.1674
CA-2014-102988,4/5/2014,Greg Maxwell,South,Office Supplies,22.96,7,0,7.5768
CA-2014-102988,4/5/2014,Greg Maxwell,South,Technology,28.99,1,0,8.4071
CA-2014-102988,4/5/2014,Greg Maxwell,South,Office Supplies,12.96,2,0,6.3504
CA-2014-102988,4/5/2014,Greg Maxwell,South,Office Supplies,22.96,7,0,6.6584
CA-2014-102988,4/5/2014,Greg Maxwell,South,Office Supplies,4164.05,5,0,83.281
US-2014-117170,9/17/2014,Kean Takahito,South,Technology,47.984,2,0.2,13.1956
US-2014-117170,9/17/2014,Kean Takahito,South,Office Supplies,4.624,1,0.2,1.6762
CA-2014-159478,9/30/2014,Maya Herman,East,Furniture,15.24,3,0,5.1816
CA-2014-103702,9/12/2014,Art Foster,East,Office Supplies,63.924,7,0.7,-46.8776
CA-2017-150525,2/20/2017,Julie Prescott,Central,Office Supplies,6.56,2,0,1.9024
CA-2017-150525,2/20/2017,Julie Prescott,Central,Office Supplies,13.11,3,0,3.4086
CA-2015-157770,12/13/2015,Rob Dowd,West,Technology,494.376,3,0.2,49.4376
CA-2015-157770,12/13/2015,Rob Dowd,West,Office Supplies,29.2,5,0.2,9.855
CA-2015-157770,12/13/2015,Rob Dowd,West,Technology,248.85,5,0,27.3735
CA-2015-157770,12/13/2015,Rob Dowd,West,Technology,36.24,1,0,15.2208
CA-2016-167290,10/30/2016,Jason Fortune-,Central,Office Supplies,11.68,2,0,3.504
CA-2014-106264,12/26/2014,Clytie Kelty,West,Office Supplies,11.91,3,0,0.1191
CA-2014-106264,12/26/2014,Clytie Kelty,West,Furniture,3.48,2,0,1.1136
CA-2014-138023,8/15/2014,Keith Herrera,Central,Office Supplies,30.96,8,0.8,-52.632
CA-2017-113418,10/1/2017,Corinna Mitchell,East,Technology,1704.89,11,0,767.2005
US-2015-110569,5/23/2015,Emily Burns,West,Office Supplies,19.194,7,0.7,-12.796
US-2015-110569,5/23/2015,Emily Burns,West,Office Supplies,121.792,4,0.2,13.7016
CA-2017-136308,11/16/2017,Mitch Willingham,West,Technology,1919.976,3,0.2,215.9973
US-2014-159926,11/18/2014,Carlos Soltero,East,Office Supplies,50.997,1,0.7,-40.7976
US-2014-159926,11/18/2014,Carlos Soltero,East,Office Supplies,76.792,1,0.2,-16.3183
US-2014-159926,11/18/2014,Carlos Soltero,East,Technology,539.964,6,0.4,-107.9928
US-2014-159926,11/18/2014,Carlos Soltero,East,Furniture,60.312,3,0.2,5.2773
US-2014-159926,11/18/2014,Carlos Soltero,East,Office Supplies,1.944,3,0.7,-1.4256
CA-2014-104738,12/30/2014,Stefania Perrino,Central,Office Supplies,12.984,3,0.2,4.7067
CA-2014-104738,12/30/2014,Stefania Perrino,Central,Technology,217.584,2,0.2,19.0386
CA-2014-104738,12/30/2014,Stefania Perrino,Central,Technology,328.776,3,0.2,28.7679
CA-2014-104738,12/30/2014,Stefania Perrino,Central,Office Supplies,2.286,3,0.8,-3.6576
CA-2014-104738,12/30/2014,Stefania Perrino,Central,Technology,47.984,2,0.2,14.3952
CA-2015-144386,11/5/2015,Grant Thornton,East,Office Supplies,25.344,6,0.2,8.8704
CA-2016-111416,9/17/2016,Luke Weiss,East,Office Supplies,232.4,5,0.2,78.435
CA-2016-162747,3/20/2016,Aaron Hawkins,South,Furniture,86.45,7,0,38.038
US-2014-133130,9/27/2014,Thea Hendricks,West,Furniture,603.92,5,0.2,45.294
US-2014-133130,9/27/2014,Thea Hendricks,West,Office Supplies,81.98,2,0,40.1702
CA-2017-169978,12/24/2017,Hunter Glantz,East,Furniture,271.764,2,0.1,48.3136
CA-2017-169978,12/24/2017,Hunter Glantz,East,Office Supplies,14.376,3,0.2,4.8519
CA-2017-161739,11/10/2017,Edward Becker,Central,Furniture,341.96,5,0.6,-427.45
CA-2015-165057,9/11/2015,Steven Cartwright,West,Office Supplies,181.35,9,0,48.9645
CA-2015-165057,9/11/2015,Steven Cartwright,West,Office Supplies,8.64,3,0,4.2336
CA-2014-134551,12/20/2014,Tony Sayre,South,Office Supplies,43.512,7,0.2,3.8073
CA-2014-134551,12/20/2014,Tony Sayre,South,Furniture,662.88,3,0.2,74.574
CA-2014-134551,12/20/2014,Tony Sayre,South,Office Supplies,25.92,5,0.2,9.072
CA-2015-120810,7/23/2015,Tracy Hopkins,East,Office Supplies,68.94,3,0,20.682
CA-2015-120810,7/23/2015,Tracy Hopkins,East,Furniture,128.82,3,0,50.2398
CA-2014-165309,11/11/2014,Karen Daniels,Central,Office Supplies,896.99,5,0.8,-1480.0335
CA-2014-165309,11/11/2014,Karen Daniels,Central,Office Supplies,1.234,1,0.8,-1.9744
CA-2014-165309,11/11/2014,Karen Daniels,Central,Office Supplies,67.56,3,0.2,6.756
CA-2014-165309,11/11/2014,Karen Daniels,Central,Office Supplies,21.72,5,0.2,7.8735
CA-2014-165309,11/11/2014,Karen Daniels,Central,Office Supplies,262.336,8,0.2,95.0968
CA-2014-165309,11/11/2014,Karen Daniels,Central,Technology,148.48,2,0.2,16.704
CA-2014-165309,11/11/2014,Karen Daniels,Central,Technology,241.176,3,0.2,15.0735
CA-2017-122595,12/14/2017,Gary Mitchum,Central,Technology,227.976,3,0.2,28.497
CA-2017-122595,12/14/2017,Gary Mitchum,Central,Technology,52.68,3,0.2,19.755
CA-2017-122595,12/14/2017,Gary Mitchum,Central,Furniture,2.032,1,0.6,-1.3208
US-2017-109253,8/21/2017,Patrick Ryan,West,Office Supplies,17.12,4,0,4.9648
US-2017-109253,8/21/2017,Patrick Ryan,West,Technology,431.968,4,0.2,37.7972
US-2017-109253,8/21/2017,Patrick Ryan,West,Furniture,129.92,4,0,10.3936
US-2017-109253,8/21/2017,Patrick Ryan,West,Furniture,568.728,3,0.2,28.4364
US-2017-109253,8/21/2017,Patrick Ryan,West,Office Supplies,117.144,9,0.2,42.4647
US-2017-109253,8/21/2017,Patrick Ryan,West,Office Supplies,203.52,3,0,54.9504
US-2017-109253,8/21/2017,Patrick Ryan,West,Office Supplies,51.75,5,0,24.84
CA-2016-145982,8/27/2016,Ted Butterfield,East,Office Supplies,122.97,3,0,60.2553
CA-2016-145982,8/27/2016,Ted Butterfield,East,Furniture,244.615,1,0.3,20.967
CA-2016-145982,8/27/2016,Ted Butterfield,East,Technology,59.97,3,0,28.7856
CA-2016-145982,8/27/2016,Ted Butterfield,East,Office Supplies,81.54,9,0,36.693
CA-2016-145982,8/27/2016,Ted Butterfield,East,Office Supplies,11.68,4,0,5.256
CA-2016-145982,8/27/2016,Ted Butterfield,East,Office Supplies,29,5,0,13.92
CA-2015-112014,8/13/2015,Odella Nelson,West,Office Supplies,50.8,5,0,13.208
CA-2017-154732,11/5/2017,Alan Haines,Central,Office Supplies,16.03,5,0.8,-25.648
US-2016-157308,8/17/2016,Neoma Murray,West,Office Supplies,15.712,4,0.2,5.6956
CA-2016-147536,12/26/2016,Andrew Roberts,East,Technology,89.97,3,0,18.8937
US-2014-134733,9/23/2014,Brian Moss,West,Furniture,435.999,3,0.15,20.5176
US-2014-134733,9/23/2014,Brian Moss,West,Technology,83.984,2,0.2,31.494
US-2014-150434,7/19/2014,Christine Abelman,East,Technology,359.98,2,0,93.5948
US-2014-150434,7/19/2014,Christine Abelman,East,Furniture,70.56,1,0.3,-4.032
US-2014-150434,7/19/2014,Christine Abelman,East,Office Supplies,20.88,2,0,9.6048
US-2014-150434,7/19/2014,Christine Abelman,East,Office Supplies,3.81,1,0,1.8288
CA-2017-100335,9/7/2017,Nicole Fjeld,Central,Office Supplies,73.008,9,0.2,26.4654
CA-2016-139234,5/6/2016,Art Ferguson,Central,Office Supplies,3.208,2,0.8,-5.2932
CA-2016-139234,5/6/2016,Art Ferguson,Central,Technology,26.176,2,0.2,-3.272
US-2015-142020,6/4/2015,Tracy Collins,East,Office Supplies,30.44,4,0,14.3068
US-2015-142020,6/4/2015,Tracy Collins,East,Furniture,35.28,3,0,11.9952
CA-2015-139962,12/13/2015,Dean percer,East,Office Supplies,19.44,3,0,9.3312
CA-2015-139962,12/13/2015,Dean percer,East,Office Supplies,37.88,2,0,18.94
CA-2016-130050,7/16/2016,Mark Cousins,Central,Furniture,9.552,3,0.6,-3.8208
CA-2014-115161,1/31/2014,Liz Carlisle,West,Furniture,290.666,2,0.15,3.4196
CA-2014-165379,7/9/2014,Brian Moss,Central,Office Supplies,10.368,2,0.2,3.6288
CA-2014-165379,7/9/2014,Brian Moss,Central,Office Supplies,14.352,3,0.2,4.485
CA-2015-115511,11/21/2015,Natalie Webber,West,Furniture,141.96,2,0,41.1684
CA-2015-115511,11/21/2015,Natalie Webber,West,Office Supplies,66.048,4,0.2,23.1168
CA-2016-134887,3/25/2016,Toby Braunhardt,Central,Technology,1287.45,5,0,244.6155
CA-2017-123778,9/23/2017,Bruce Stewart,West,Office Supplies,25.824,6,0.2,9.0384
CA-2017-123778,9/23/2017,Bruce Stewart,West,Office Supplies,160.96,2,0,48.288
CA-2015-161718,12/4/2015,Sean O'Donnell,East,Furniture,28.44,3,0,11.376
CA-2015-161718,12/4/2015,Sean O'Donnell,East,Furniture,364.41,5,0.1,8.098
CA-2015-161718,12/4/2015,Sean O'Donnell,East,Technology,39.96,4,0,10.3896
CA-2015-161718,12/4/2015,Sean O'Donnell,East,Furniture,361.764,2,0.1,68.3332
CA-2016-100671,11/1/2016,Cindy Schnelling,Central,Office Supplies,111.672,9,0.2,6.9795
CA-2017-142867,3/17/2017,Philisse Overcash,Central,Office Supplies,13.776,6,0.8,-22.0416
CA-2017-142867,3/17/2017,Philisse Overcash,Central,Office Supplies,10.272,3,0.2,3.21
CA-2017-103156,11/23/2017,Tamara Dahlen,East,Furniture,24.048,9,0.2,7.2144
US-2017-162208,8/27/2017,Stefania Perrino,South,Office Supplies,2.896,1,0.2,0.9774
CA-2015-130659,12/4/2015,Maribeth Schnelling,East,Office Supplies,17.94,3,0,8.7906
CA-2015-130659,12/4/2015,Maribeth Schnelling,East,Furniture,384.174,7,0.1,29.8802
CA-2015-130659,12/4/2015,Maribeth Schnelling,East,Technology,1799.75,5,0,539.925
CA-2017-148404,10/7/2017,Dean percer,South,Office Supplies,580.672,4,0.2,65.3256
CA-2017-148404,10/7/2017,Dean percer,South,Office Supplies,18.936,3,0.2,5.9175
CA-2017-148404,10/7/2017,Dean percer,South,Technology,222.384,2,0.2,16.6788
CA-2017-148404,10/7/2017,Dean percer,South,Office Supplies,50.454,6,0.7,-33.636
CA-2017-148404,10/7/2017,Dean percer,South,Furniture,154.764,3,0.4,-36.1116
CA-2017-101077,3/25/2017,Duane Benoit,Central,Office Supplies,6.848,2,0.2,2.14
CA-2014-166471,8/9/2014,Matthew Grinstein,West,Technology,1091.168,4,0.2,68.198
CA-2014-166471,8/9/2014,Matthew Grinstein,West,Technology,219.168,2,0.2,-43.8336
CA-2014-105340,11/22/2014,Evan Henry,Central,Office Supplies,6.928,1,0.8,-11.0848
US-2017-131583,6/10/2017,Carl Ludwig,East,Office Supplies,40.032,6,0.2,15.012
US-2017-148362,7/1/2017,Karen Ferguson,Central,Office Supplies,443.92,4,0,13.3176
US-2017-148362,7/1/2017,Karen Ferguson,Central,Office Supplies,169.99,1,0,78.1954
US-2017-148362,7/1/2017,Karen Ferguson,Central,Office Supplies,25.92,4,0,12.4416
CA-2014-102274,11/21/2014,Dave Hallsten,South,Technology,36.99,1,0,9.9873
CA-2014-102274,11/21/2014,Dave Hallsten,South,Office Supplies,629.1,6,0,301.968
CA-2014-102274,11/21/2014,Dave Hallsten,South,Office Supplies,193.95,3,0,9.6975
CA-2014-102274,11/21/2014,Dave Hallsten,South,Office Supplies,5.46,3,0,1.4742
CA-2015-129700,5/4/2015,Laura Armstrong,Central,Furniture,22.288,7,0.6,-8.9152
CA-2017-168739,5/29/2017,Henia Zydlo,Central,Furniture,65.424,4,0.6,-52.3392
CA-2015-152527,10/17/2015,Charlotte Melton,West,Office Supplies,77.88,2,0,3.894
US-2014-150119,4/23/2014,Laurel Beltran,East,Furniture,281.372,2,0.3,-12.0588
US-2014-150119,4/23/2014,Laurel Beltran,East,Furniture,281.372,2,0.3,-12.0588
US-2014-150119,4/23/2014,Laurel Beltran,East,Office Supplies,7.488,8,0.7,-5.2416
US-2014-150119,4/23/2014,Laurel Beltran,East,Furniture,22.336,4,0.2,7.8176
US-2017-150847,4/30/2017,Jeremy Farry,East,Office Supplies,10.368,2,0.2,3.6288
CA-2016-100244,9/20/2016,Greg Maxwell,West,Office Supplies,65.79,9,0,30.2634
CA-2016-100244,9/20/2016,Greg Maxwell,West,Office Supplies,271.984,2,0.2,88.3948
CA-2016-100244,9/20/2016,Greg Maxwell,West,Office Supplies,11.76,4,0,3.1752
CA-2016-100244,9/20/2016,Greg Maxwell,West,Office Supplies,77.52,2,0,37.9848
CA-2016-100244,9/20/2016,Greg Maxwell,West,Office Supplies,48.64,2,0.2,15.808
CA-2016-116540,9/2/2016,Sonia Sunley,Central,Office Supplies,1.81,1,0,0.6516
CA-2016-116540,9/2/2016,Sonia Sunley,Central,Office Supplies,8.26,2,0,3.8822
CA-2015-151841,4/27/2015,Tony Chapman,West,Office Supplies,43.56,5,0.2,3.267
CA-2015-151841,4/27/2015,Tony Chapman,West,Office Supplies,5.84,2,0.2,0.73
CA-2015-150791,9/6/2015,Chuck Clark,East,Furniture,271.764,2,0.1,60.392
CA-2016-134803,5/28/2016,Clay Ludtke,West,Office Supplies,262.24,2,0,78.672
CA-2016-134803,5/28/2016,Clay Ludtke,West,Office Supplies,182.72,8,0,84.0512
CA-2016-134803,5/28/2016,Clay Ludtke,West,Technology,131.6,7,0,7.896
CA-2016-134803,5/28/2016,Clay Ludtke,West,Office Supplies,22.72,4,0.2,7.384
CA-2016-134803,5/28/2016,Clay Ludtke,West,Technology,558.4,2,0.2,41.88
CA-2015-153381,9/24/2015,Deanra Eno,Central,Office Supplies,15.24,4,0,6.858
CA-2015-153381,9/24/2015,Deanra Eno,Central,Furniture,1408.1,10,0,394.268
US-2017-111024,7/3/2017,Sam Zeldin,East,Office Supplies,32.896,4,0.2,11.1024
US-2017-111024,7/3/2017,Sam Zeldin,East,Furniture,215.148,2,0.4,-103.9882
US-2017-111024,7/3/2017,Sam Zeldin,East,Office Supplies,30.96,6,0.2,11.223
CA-2017-148264,12/8/2017,Luke Foster,West,Office Supplies,29.79,3,0,8.6391
CA-2017-148264,12/8/2017,Luke Foster,West,Furniture,128.9,2,0,15.468
CA-2017-148264,12/8/2017,Luke Foster,West,Office Supplies,60.12,9,0,28.8576
CA-2017-131212,12/5/2017,Alan Barnes,West,Office Supplies,24.816,3,0.2,8.3754
CA-2017-131212,12/5/2017,Alan Barnes,West,Office Supplies,14.976,6,0.2,5.4288
US-2015-100531,9/27/2015,Neoma Murray,Central,Office Supplies,15.08,2,0.8,-22.62
US-2015-100531,9/27/2015,Neoma Murray,Central,Furniture,24.288,3,0.6,-12.7512
CA-2017-152583,10/30/2017,Ryan Akin,Central,Furniture,16.192,2,0.6,-8.5008
CA-2017-152583,10/30/2017,Ryan Akin,Central,Furniture,251.006,2,0.3,-68.1302
CA-2017-152583,10/30/2017,Ryan Akin,Central,Office Supplies,54.192,6,0.2,4.0644
CA-2015-144099,11/29/2015,Phillina Ober,West,Office Supplies,4.304,1,0.2,1.5602
CA-2014-158337,3/11/2014,Kelly Andreada,East,Office Supplies,108.92,14,0,49.014
CA-2017-168858,11/19/2017,Justin Deggeller,East,Office Supplies,16.74,3,0,8.37
CA-2017-168858,11/19/2017,Justin Deggeller,East,Office Supplies,2504.74,7,0,626.185
CA-2016-116344,7/29/2016,Jack O'Briant,East,Office Supplies,84.784,2,0.2,-16.9568
CA-2015-131779,6/12/2015,Laurel Elliston,East,Office Supplies,29.9,5,0,5.083
CA-2016-158869,8/6/2016,Anna Häberlin,East,Office Supplies,70.88,2,0,33.3136
CA-2017-102554,6/11/2017,Kristina Nunn,South,Office Supplies,3.76,2,0,1.0904
CA-2016-162614,10/7/2016,Tim Brockman,West,Office Supplies,27.264,2,0.2,8.8608
CA-2014-168592,9/8/2014,Dennis Pardue,West,Office Supplies,56.65,5,0,24.3595
CA-2014-168592,9/8/2014,Dennis Pardue,West,Office Supplies,14.97,1,0,4.1916
CA-2014-168592,9/8/2014,Dennis Pardue,West,Office Supplies,4.02,2,0,1.9698
CA-2014-157609,3/16/2014,Kristina Nunn,South,Technology,471.92,2,0.2,29.495
CA-2015-153325,3/1/2015,Shui Tom,South,Office Supplies,58.72,4,0,27.0112
CA-2015-153626,7/9/2015,Emily Burns,South,Office Supplies,5.16,3,0.2,0.8385
CA-2016-166485,2/20/2016,Alan Hwang,South,Office Supplies,16.496,2,0.2,5.5674
CA-2017-136448,9/16/2017,Adam Shillingsburg,East,Technology,71.976,3,0.2,19.7934
CA-2017-136448,9/16/2017,Adam Shillingsburg,East,Furniture,22.512,3,0.2,2.2512
CA-2017-136448,9/16/2017,Adam Shillingsburg,East,Office Supplies,3.444,2,0.7,-2.7552
CA-2017-136448,9/16/2017,Adam Shillingsburg,East,Office Supplies,538.194,2,0.7,-412.6154
CA-2017-136448,9/16/2017,Adam Shillingsburg,East,Technology,47.984,2,0.2,14.3952
CA-2017-114258,11/5/2017,Elizabeth Moffitt,Central,Technology,492.768,4,0.2,55.4364
CA-2015-152611,2/20/2015,Kelly Andreada,East,Office Supplies,286.79,7,0,74.5654
CA-2016-165470,11/25/2016,Heather Jas,South,Office Supplies,5.08,1,0.2,1.651
CA-2017-128699,12/3/2017,Natalie DeCherney,South,Technology,47.992,1,0.2,7.1988
US-2015-147242,9/10/2015,Edward Hooks,East,Office Supplies,61.96,2,0,16.1096
US-2015-147242,9/10/2015,Edward Hooks,East,Furniture,361.96,2,0,83.2508
US-2015-147242,9/10/2015,Edward Hooks,East,Office Supplies,278.82,9,0,125.469
CA-2016-146143,12/14/2016,Michael Chen,South,Furniture,133.38,6,0,58.6872
CA-2015-100888,4/6/2015,Mark Hamilton,South,Office Supplies,47.952,3,0.2,16.1838
US-2016-150035,12/1/2016,Carl Ludwig,West,Furniture,16.74,2,0,4.3524
CA-2017-122644,11/12/2017,Sylvia Foulston,East,Office Supplies,10.848,2,0.2,3.5256
CA-2017-122644,11/12/2017,Sylvia Foulston,East,Technology,18.544,2,0.2,3.0134
CA-2017-111815,3/3/2017,Emily Phan,Central,Furniture,180.98,1,0,47.0548
CA-2017-111815,3/3/2017,Emily Phan,Central,Technology,99.98,2,0,42.9914
CA-2016-144911,11/27/2016,Rob Williams,Central,Technology,34.95,5,0,15.378
CA-2016-144911,11/27/2016,Rob Williams,Central,Office Supplies,152,5,0,69.92
CA-2014-143385,8/31/2014,Shirley Jackson,West,Technology,92.52,9,0,18.504
CA-2016-131289,12/8/2016,Stefania Perrino,West,Office Supplies,8.56,2,0,2.4824
CA-2016-131289,12/8/2016,Stefania Perrino,West,Office Supplies,45.36,7,0,21.7728
CA-2016-131289,12/8/2016,Stefania Perrino,West,Furniture,1421.664,6,0.2,-195.4788
CA-2014-124023,4/7/2014,Pauline Johnson,South,Furniture,8.96,2,0,2.7776
CA-2014-124688,8/27/2014,Corey Catlett,South,Technology,579.95,5,0,168.1855
CA-2014-124688,8/27/2014,Corey Catlett,South,Furniture,29.12,4,0,12.5216
CA-2014-124688,8/27/2014,Corey Catlett,South,Furniture,1202.94,3,0,300.735
CA-2016-151169,10/21/2016,Muhammed Yedwab,East,Office Supplies,7.92,4,0,3.564
US-2016-134761,11/30/2016,Dean Braden,South,Technology,36.192,1,0.2,2.7144
CA-2017-120705,9/5/2017,Michael Grace,South,Office Supplies,147.184,2,0.2,-29.4368
CA-2015-157322,7/2/2015,Rob Haberlin,Central,Furniture,408.422,2,0.3,-5.8346
CA-2015-157322,7/2/2015,Rob Haberlin,Central,Furniture,382.116,6,0.3,-92.7996
CA-2015-157322,7/2/2015,Rob Haberlin,Central,Office Supplies,68.6,5,0.2,6.0025
CA-2015-157322,7/2/2015,Rob Haberlin,Central,Office Supplies,435.504,3,0.2,48.9942
CA-2015-157322,7/2/2015,Rob Haberlin,Central,Office Supplies,11.168,2,0.2,3.7692
CA-2017-142034,9/24/2017,Karen Bern,Central,Technology,72,4,0,12.96
CA-2017-142034,9/24/2017,Karen Bern,Central,Technology,655.9,5,0,275.478
CA-2017-142034,9/24/2017,Karen Bern,Central,Furniture,603.92,4,0,181.176
CA-2016-107328,8/8/2016,Cathy Armstrong,West,Furniture,513.024,2,0.2,12.8256
CA-2016-107328,8/8/2016,Cathy Armstrong,West,Office Supplies,487.92,6,0,136.6176
CA-2016-107328,8/8/2016,Cathy Armstrong,West,Office Supplies,15.24,5,0.2,5.334
CA-2016-108616,9/29/2016,Joe Kamberova,South,Technology,209.97,3,0,71.3898
CA-2016-108616,9/29/2016,Joe Kamberova,South,Office Supplies,62.94,3,0,30.2112
CA-2016-108616,9/29/2016,Joe Kamberova,South,Office Supplies,25.92,9,0,7.776
CA-2017-125115,4/10/2017,Russell D'Ascenzo,Central,Office Supplies,10.368,2,0.2,3.6288
CA-2017-125115,4/10/2017,Russell D'Ascenzo,Central,Technology,95.736,3,0.2,20.3439
CA-2016-150945,12/18/2016,Julie Kriz,East,Office Supplies,900.08,4,0,117.0104
CA-2014-166863,6/20/2014,Sam Craven,Central,Technology,201.584,2,0.2,20.1584
CA-2014-166863,6/20/2014,Sam Craven,Central,Office Supplies,3.392,4,0.8,-5.088
CA-2014-166863,6/20/2014,Sam Craven,Central,Furniture,193.0656,4,0.32,-19.8744
CA-2014-166863,6/20/2014,Sam Craven,Central,Office Supplies,15.552,3,0.2,5.4432
CA-2014-166863,6/20/2014,Sam Craven,Central,Office Supplies,11.648,2,0.2,4.0768
CA-2014-166863,6/20/2014,Sam Craven,Central,Technology,418.8,2,0.4,-97.72
CA-2014-166863,6/20/2014,Sam Craven,Central,Office Supplies,509.488,7,0.2,-127.372
CA-2017-140326,9/4/2017,Helen Wasserman,Central,Furniture,825.174,9,0.3,-117.882
CA-2017-140326,9/4/2017,Helen Wasserman,Central,Office Supplies,17.76,3,0.2,5.55
CA-2017-140326,9/4/2017,Helen Wasserman,Central,Office Supplies,6.912,3,0.2,0.864
CA-2016-168536,12/20/2016,Stuart Calhoun,South,Technology,66.3,3,0,8.619
US-2016-113649,8/9/2016,Helen Andreada,South,Office Supplies,30.816,9,0.2,9.63
US-2016-113649,8/9/2016,Helen Andreada,South,Technology,44.784,2,0.2,4.4784
US-2016-113649,8/9/2016,Helen Andreada,South,Office Supplies,569.536,4,0.2,64.0728
CA-2015-124975,6/22/2015,Michael Grace,Central,Furniture,796.425,7,0.5,-525.6405
CA-2015-168767,4/10/2015,Dario Medina,West,Office Supplies,12.832,2,0.2,4.3308
CA-2016-114482,11/21/2016,Denise Monton,Central,Office Supplies,40.46,7,0,19.8254
CA-2016-114482,11/21/2016,Denise Monton,Central,Technology,404.94,3,0,109.3338
CA-2016-137673,9/5/2016,Marina Lichtenstein,West,Technology,116,8,0,29
CA-2016-132731,11/24/2016,George Ashbrook,Central,Technology,657.552,6,0.2,49.3164
CA-2017-148922,12/10/2017,Stephanie Ulpright,South,Technology,599.97,3,0,257.9871
CA-2017-148922,12/10/2017,Stephanie Ulpright,South,Technology,38.97,3,0,0.7794
CA-2017-148922,12/10/2017,Stephanie Ulpright,South,Office Supplies,45.84,8,0,22.0032
CA-2016-130680,6/24/2016,Bill Donatelli,West,Technology,38.24,4,0.2,-9.56
CA-2015-141145,9/17/2015,Denny Blanton,South,Technology,87.168,3,0.2,10.896
US-2016-152835,5/19/2016,Roy Phan,Central,Office Supplies,21.4,5,0,6.206
CA-2016-155565,5/28/2016,Edward Hooks,East,Office Supplies,54.9,5,0,15.372
CA-2014-110849,4/18/2014,John Lee,West,Technology,287.968,4,0.2,97.1892
CA-2014-110849,4/18/2014,John Lee,West,Office Supplies,13.12,4,0,3.8048
CA-2014-110849,4/18/2014,John Lee,West,Office Supplies,10.75,5,0,3.5475
CA-2014-110849,4/18/2014,John Lee,West,Office Supplies,11.62,2,0,3.6022
CA-2016-145842,6/17/2016,Fred McMath,East,Office Supplies,40.74,3,0,0.4074
CA-2014-158771,5/9/2014,Sean Braxton,South,Office Supplies,83.25,3,0,14.985
CA-2014-158771,5/9/2014,Sean Braxton,South,Office Supplies,9.45,3,0,4.536
CA-2014-158771,5/9/2014,Sean Braxton,South,Office Supplies,20.65,5,0,9.499
CA-2014-158771,5/9/2014,Sean Braxton,South,Office Supplies,45.36,7,0,21.7728
CA-2016-157511,9/18/2016,Seth Vernon,East,Furniture,5.352,3,0.2,1.6056
CA-2016-157511,9/18/2016,Seth Vernon,East,Furniture,99.372,2,0.3,-7.098
CA-2016-157511,9/18/2016,Seth Vernon,East,Office Supplies,2.672,1,0.2,0.3674
CA-2017-121216,12/23/2017,Michael Moore,Central,Office Supplies,28.672,8,0.2,10.3936
CA-2017-121216,12/23/2017,Michael Moore,Central,Office Supplies,29.312,8,0.8,-74.7456
CA-2017-155292,10/30/2017,Ross DeVincentis,South,Office Supplies,105.98,7,0,4.2392
CA-2017-155292,10/30/2017,Ross DeVincentis,South,Office Supplies,35.06,2,0,10.518
CA-2017-155292,10/30/2017,Ross DeVincentis,South,Furniture,33.94,1,0,9.1638
CA-2017-155292,10/30/2017,Ross DeVincentis,South,Office Supplies,30,8,0,14.4
CA-2016-152555,3/29/2016,Maria Etezadi,Central,Office Supplies,45.528,3,0.2,15.9348
CA-2016-152555,3/29/2016,Maria Etezadi,Central,Furniture,844.116,6,0.3,-36.1764
CA-2016-152555,3/29/2016,Maria Etezadi,Central,Technology,812.736,8,0.2,60.9552
CA-2017-107832,11/23/2017,Frank Hawley,East,Office Supplies,7.476,1,0.7,-5.9808
CA-2014-120838,3/23/2014,Patrick O'Donnell,West,Office Supplies,330.4,2,0,85.904
CA-2014-120838,3/23/2014,Patrick O'Donnell,West,Technology,604.752,6,0.2,37.797
CA-2017-118542,12/1/2017,Clay Cheatham,West,Office Supplies,45.36,7,0,21.7728
CA-2017-118542,12/1/2017,Clay Cheatham,West,Office Supplies,10.128,2,0.2,3.6714
CA-2017-152737,11/7/2017,Tony Sayre,West,Office Supplies,21.792,4,0.2,7.6272
CA-2017-152737,11/7/2017,Tony Sayre,West,Technology,439.8,4,0,145.134
CA-2017-109757,9/4/2017,Maribeth Dona,East,Office Supplies,8.256,4,0.2,0.6192
CA-2017-109757,9/4/2017,Maribeth Dona,East,Office Supplies,25.56,5,0.7,-20.448
CA-2017-109757,9/4/2017,Maribeth Dona,East,Office Supplies,4.368,2,0.7,-3.0576
CA-2017-109757,9/4/2017,Maribeth Dona,East,Office Supplies,11.52,4,0.2,3.744
CA-2016-130029,7/3/2016,Guy Thornton,West,Office Supplies,12.96,2,0,6.2208
CA-2016-130029,7/3/2016,Guy Thornton,West,Office Supplies,3.96,2,0,0.0792
CA-2017-103877,9/7/2017,Robert Dilbeck,Central,Office Supplies,1577.94,3,0,757.4112
CA-2016-137176,9/9/2016,Daniel Byrd,Central,Furniture,15.008,4,0.6,-12.0064
CA-2017-168109,7/3/2017,Jim Kriz,West,Technology,59.98,2,0,26.3912
CA-2017-168109,7/3/2017,Jim Kriz,West,Technology,2395.2,6,0.2,209.58
CA-2017-168109,7/3/2017,Jim Kriz,West,Technology,1687.8,4,0,742.632
CA-2017-168109,7/3/2017,Jim Kriz,West,Technology,7.992,1,0.2,2.6973
US-2017-126081,6/29/2017,Fred Chung,Central,Office Supplies,5.184,1,0.2,1.8144
CA-2017-117023,8/7/2017,Joni Wasserman,East,Office Supplies,11.68,2,0,5.4896
CA-2017-117023,8/7/2017,Joni Wasserman,East,Office Supplies,104.8,10,0,26.2
CA-2015-143532,3/19/2015,Dan Campbell,South,Office Supplies,14.496,3,0.2,4.8924
CA-2016-103163,6/7/2016,Frank Merwin,West,Office Supplies,4.784,1,0.2,1.5548
CA-2016-103163,6/7/2016,Frank Merwin,West,Office Supplies,4.73,1,0,2.3177
CA-2016-104157,7/25/2016,Meg Tillman,South,Office Supplies,7.89,1,0,0.3156
CA-2016-104157,7/25/2016,Meg Tillman,South,Office Supplies,65.5,5,0,32.095
CA-2016-104157,7/25/2016,Meg Tillman,South,Furniture,2430.08,8,0,388.8128
CA-2017-117807,10/1/2017,Dave Kipp,Central,Office Supplies,104.85,1,0,50.328
CA-2015-121650,12/10/2015,Keith Dawkins,Central,Office Supplies,3.9,2,0,1.521
CA-2015-121650,12/10/2015,Keith Dawkins,Central,Furniture,801.96,2,0,200.49
CA-2015-121650,12/10/2015,Keith Dawkins,Central,Furniture,191.96,2,0,32.6332
CA-2015-121650,12/10/2015,Keith Dawkins,Central,Office Supplies,2.61,1,0,1.2006
CA-2017-161823,9/3/2017,Aleksandra Gannaway,West,Office Supplies,5.96,2,0,1.6688
CA-2017-121839,9/24/2017,Mick Hernandez,East,Technology,1169.694,3,0.4,-253.4337
CA-2017-158729,12/19/2017,Amy Cox,South,Office Supplies,1665.62,2,0,33.3124
CA-2017-146535,11/24/2017,Frank Merwin,South,Office Supplies,2.88,1,0,1.4112
CA-2017-146535,11/24/2017,Frank Merwin,South,Office Supplies,1443.96,12,0,375.4296
CA-2014-154186,12/13/2014,Ralph Arnett,Central,Office Supplies,2.92,1,0.2,0.365
CA-2016-108434,12/5/2016,James Galang,East,Office Supplies,465.18,3,0,120.9468
CA-2016-164154,9/11/2016,Nick Zandusky,East,Office Supplies,22.428,3,0.7,-17.9424
CA-2016-164154,9/11/2016,Nick Zandusky,East,Office Supplies,37.52,5,0.2,3.752
CA-2017-148012,12/9/2017,Kalyca Meade,East,Office Supplies,2.624,1,0.2,0.4264
CA-2014-102869,9/9/2014,Logan Currie,East,Office Supplies,15.552,3,0.2,5.4432
CA-2014-102869,9/9/2014,Logan Currie,East,Technology,64.704,6,0.2,-4.8528
CA-2014-102869,9/9/2014,Logan Currie,East,Furniture,17.472,3,0.2,5.0232
CA-2014-102869,9/9/2014,Logan Currie,East,Technology,135.516,1,0.4,-31.6204
CA-2017-138310,6/26/2017,Nora Preis,West,Technology,431.928,9,0.2,64.7892
CA-2014-159835,11/17/2014,Randy Bradley,East,Office Supplies,12.448,2,0.2,3.89
CA-2014-159835,11/17/2014,Randy Bradley,East,Furniture,657.93,5,0.3,-93.99
CA-2017-112956,8/21/2017,Tracy Hopkins,East,Office Supplies,277.4,5,0,133.152
CA-2017-112956,8/21/2017,Tracy Hopkins,East,Furniture,25.16,2,0,8.5544
CA-2017-112956,8/21/2017,Tracy Hopkins,East,Furniture,91.92,4,0,31.2528
CA-2016-119683,3/12/2016,Clytie Kelty,East,Office Supplies,29.34,3,0,13.4964
CA-2014-163559,9/23/2014,Shui Tom,East,Office Supplies,139.44,3,0.2,47.061
CA-2014-140228,4/28/2014,George Bell,East,Office Supplies,6.912,3,0.2,2.5056
CA-2014-140228,4/28/2014,George Bell,East,Office Supplies,27.096,3,0.2,2.0322
CA-2014-140228,4/28/2014,George Bell,East,Office Supplies,177.568,2,0.2,-37.7332
US-2016-131674,11/29/2016,Nick Crebassa,Central,Technology,58.416,2,0.2,16.7946
CA-2015-110093,12/3/2015,Alejandro Ballentine,East,Office Supplies,16.448,2,0.2,5.5512
CA-2015-110093,12/3/2015,Alejandro Ballentine,East,Technology,36.784,2,0.2,10.5754
CA-2017-112529,11/19/2017,Stewart Carmichael,Central,Furniture,718.116,6,0.3,-71.8116
CA-2017-112529,11/19/2017,Stewart Carmichael,Central,Office Supplies,31.776,4,0.2,8.7384
CA-2016-154536,9/5/2016,Jasper Cacioppo,East,Office Supplies,9.555,5,0.7,-7.3255
CA-2017-141929,9/4/2017,Ralph Arnett,West,Office Supplies,487.984,2,0.2,152.495
CA-2017-141929,9/4/2017,Ralph Arnett,West,Technology,5.56,1,0.2,1.7375
CA-2017-141929,9/4/2017,Ralph Arnett,West,Office Supplies,217.85,5,0,65.355
CA-2016-109743,9/22/2016,Sally Hughsby,South,Office Supplies,40.776,3,0.2,4.5873
CA-2016-109743,9/22/2016,Sally Hughsby,South,Technology,63.936,8,0.2,5.5944
CA-2014-159184,9/14/2014,John Castell,South,Furniture,142.4,5,0,52.688
CA-2014-159184,9/14/2014,John Castell,South,Office Supplies,7.16,2,0,3.4368
CA-2017-113530,5/19/2017,Becky Castell,West,Furniture,681.408,12,0.2,42.588
CA-2017-113530,5/19/2017,Becky Castell,West,Office Supplies,3.52,2,0,1.0208
CA-2017-113530,5/19/2017,Becky Castell,West,Office Supplies,5.58,1,0,1.395
CA-2017-113530,5/19/2017,Becky Castell,West,Technology,36.32,1,0,10.896
CA-2014-169726,8/9/2014,Joseph Holt,West,Office Supplies,2060.744,7,0.2,643.9825
CA-2017-155957,11/26/2017,Corey Catlett,East,Office Supplies,52.272,3,0.2,9.801
CA-2017-155957,11/26/2017,Corey Catlett,East,Office Supplies,213.136,7,0.2,23.9778
CA-2017-132178,5/3/2017,Darren Budd,West,Office Supplies,69.52,2,0,19.4656
CA-2017-132178,5/3/2017,Darren Budd,West,Office Supplies,763.44,8,0,45.8064
CA-2016-145177,11/10/2016,Paul Prost,East,Office Supplies,9.216,4,0.2,3.3408
CA-2016-145177,11/10/2016,Paul Prost,East,Technology,41.958,7,0.4,-9.7902
CA-2016-145177,11/10/2016,Paul Prost,East,Office Supplies,89.568,2,0.2,32.4684
CA-2016-145177,11/10/2016,Paul Prost,East,Office Supplies,22.248,3,0.2,7.5087
CA-2016-145177,11/10/2016,Paul Prost,East,Office Supplies,334.88,4,0.2,29.302
CA-2016-145177,11/10/2016,Paul Prost,East,Furniture,148.288,7,0.2,29.6576
CA-2016-145177,11/10/2016,Paul Prost,East,Office Supplies,4.624,1,0.2,1.6762
CA-2016-145177,11/10/2016,Paul Prost,East,Technology,178.92,7,0.2,-29.0745
CA-2016-145177,11/10/2016,Paul Prost,East,Office Supplies,69.888,7,0.7,-46.592
CA-2014-156594,12/20/2014,Michael Chen,West,Office Supplies,487.984,2,0.2,152.495
CA-2014-156594,12/20/2014,Michael Chen,West,Office Supplies,47.3,2,0,12.298
CA-2014-156594,12/20/2014,Michael Chen,West,Office Supplies,4.13,1,0,1.1564
CA-2014-156594,12/20/2014,Michael Chen,West,Office Supplies,155.12,5,0.2,50.414
CA-2014-146528,7/25/2014,Vicky Freymann,West,Office Supplies,6.48,1,0,3.1752
CA-2014-146528,7/25/2014,Vicky Freymann,West,Office Supplies,15.52,4,0,4.5008
CA-2015-168459,11/22/2015,Marc Crier,South,Office Supplies,2.946,2,0.7,-2.0622
CA-2015-168459,11/22/2015,Marc Crier,South,Office Supplies,55.104,6,0.2,18.5976
CA-2017-109960,12/9/2017,Dean Braden,Central,Technology,104.88,6,0,41.952
CA-2017-109960,12/9/2017,Dean Braden,Central,Office Supplies,34.7,5,0,12.492
CA-2017-109960,12/9/2017,Dean Braden,Central,Office Supplies,33.72,4,0,15.5112
CA-2017-109960,12/9/2017,Dean Braden,Central,Office Supplies,14.94,3,0,7.0218
CA-2017-133004,8/31/2017,Ashley Jarboe,Central,Office Supplies,638.73,9,0,166.0698
CA-2017-168102,4/24/2017,Christine Phan,South,Office Supplies,113.568,2,0.2,-21.294
CA-2017-158036,9/8/2017,Dorothy Badders,East,Technology,9.096,1,0.2,1.7055
CA-2015-128083,3/12/2015,Edward Becker,South,Office Supplies,8.688,3,0.2,2.9322
CA-2015-128083,3/12/2015,Edward Becker,South,Furniture,30.88,4,0.2,3.86
CA-2015-128083,3/12/2015,Edward Becker,South,Furniture,6.408,3,0.2,1.4418
CA-2016-161676,7/18/2016,Jennifer Patt,West,Office Supplies,33.8,5,0.2,4.225
CA-2016-155005,6/13/2016,Sample Company A,Central,Technology,377.97,3,0,94.4925
US-2017-129777,7/3/2017,Frank Merwin,East,Technology,258.9,10,0,93.204
US-2017-129777,7/3/2017,Frank Merwin,East,Office Supplies,24.56,2,0,11.5432
CA-2014-129364,12/8/2014,Tim Brockman,West,Office Supplies,27.888,7,0.2,9.0636
CA-2014-129364,12/8/2014,Tim Brockman,West,Office Supplies,6.456,4,0.7,-4.5192
CA-2014-129364,12/8/2014,Tim Brockman,West,Technology,52.68,3,0.2,19.755
CA-2014-129364,12/8/2014,Tim Brockman,West,Office Supplies,13.88,5,0.2,-2.6025
CA-2014-129364,12/8/2014,Tim Brockman,West,Technology,103.92,10,0.2,-18.186
CA-2014-129364,12/8/2014,Tim Brockman,West,Office Supplies,11.52,5,0.2,3.744
CA-2014-129364,12/8/2014,Tim Brockman,West,Office Supplies,10.368,2,0.2,3.6288
CA-2014-129364,12/8/2014,Tim Brockman,West,Office Supplies,39.072,3,0.2,2.9304
CA-2016-104969,4/8/2016,Eugene Hildebrand,East,Office Supplies,8.872,1,0.2,3.2161
CA-2016-104969,4/8/2016,Eugene Hildebrand,East,Office Supplies,121.104,6,0.7,-100.92
CA-2017-154109,11/6/2017,Maris LaWare,East,Furniture,127.372,2,0.3,-30.9332
CA-2017-154109,11/6/2017,Maris LaWare,East,Office Supplies,47.952,3,0.2,16.1838
CA-2015-156440,12/5/2015,Matt Hagelstein,West,Furniture,44.46,2,0,14.6718
CA-2015-132626,7/9/2015,Brian Thompson,East,Office Supplies,15.8,4,0,5.056
CA-2015-132626,7/9/2015,Brian Thompson,East,Technology,464.97,3,0,209.2365
CA-2015-132626,7/9/2015,Brian Thompson,East,Furniture,181.96,2,0,20.0156
CA-2015-132626,7/9/2015,Brian Thompson,East,Office Supplies,12.39,3,0,5.6994
CA-2015-132626,7/9/2015,Brian Thompson,East,Office Supplies,84.09,3,0,42.045
CA-2015-132626,7/9/2015,Brian Thompson,East,Office Supplies,79.36,4,0,32.5376
CA-2015-132626,7/9/2015,Brian Thompson,East,Office Supplies,153.36,9,0,70.5456
CA-2015-132626,7/9/2015,Brian Thompson,East,Office Supplies,43.68,6,0,21.4032
CA-2015-132626,7/9/2015,Brian Thompson,East,Office Supplies,98.21,7,0,28.4809
CA-2016-102792,12/13/2016,Jasper Cacioppo,West,Office Supplies,9.84,3,0,3.2472
CA-2016-108567,5/20/2016,Dean Braden,South,Office Supplies,2.694,2,0.7,-2.245
CA-2017-140760,6/2/2017,Denny Ordway,West,Office Supplies,25.344,6,0.2,7.92
CA-2017-140760,6/2/2017,Denny Ordway,West,Office Supplies,43.92,5,0.2,15.921
US-2015-131359,10/30/2015,Frank Atkinson,West,Technology,59.994,2,0.7,-45.9954
US-2015-131359,10/30/2015,Frank Atkinson,West,Technology,439.992,1,0.2,164.997
US-2015-131359,10/30/2015,Frank Atkinson,West,Technology,87.96,5,0.2,30.786
US-2015-131359,10/30/2015,Frank Atkinson,West,Furniture,15.488,4,0.2,3.6784
CA-2016-142097,10/15/2016,Quincy Jones,South,Office Supplies,232.96,7,0,116.48
CA-2016-142097,10/15/2016,Quincy Jones,South,Office Supplies,66.54,6,0,32.6046
CA-2016-142097,10/15/2016,Quincy Jones,South,Office Supplies,43.26,3,0,14.2758
CA-2015-151680,11/19/2015,Tony Chapman,West,Furniture,141.96,2,0,22.7136
CA-2014-140039,9/13/2014,Odella Nelson,West,Office Supplies,79.4,5,0.2,5.955
CA-2017-160416,11/13/2017,Alan Dominguez,East,Technology,163.96,4,0,70.5028
CA-2017-169411,12/24/2017,Ann Chong,East,Furniture,37.93,1,0,6.8274
CA-2016-126543,1/9/2016,Maureen Fritzler,East,Furniture,15.168,2,0.2,3.792
CA-2015-104941,6/13/2015,Dave Hallsten,South,Office Supplies,24.78,6,0,6.9384
CA-2015-104941,6/13/2015,Dave Hallsten,South,Office Supplies,19.14,3,0,8.8044
CA-2015-104941,6/13/2015,Dave Hallsten,South,Technology,899.97,3,0,314.9895
CA-2015-104941,6/13/2015,Dave Hallsten,South,Office Supplies,32.4,5,0,15.552
CA-2017-160087,3/18/2017,Edward Nazzal,Central,Office Supplies,23.832,3,0.2,6.5538
CA-2014-120544,11/23/2014,Saphhira Shifley,Central,Furniture,6.368,2,0.6,-2.5472
CA-2014-120544,11/23/2014,Saphhira Shifley,Central,Office Supplies,34.176,3,0.8,-87.1488
CA-2014-120544,11/23/2014,Saphhira Shifley,Central,Technology,5.544,7,0.2,1.6632
CA-2017-113670,10/15/2017,Roland Schwarz,West,Furniture,510.24,3,0.2,6.378
CA-2017-113670,10/15/2017,Roland Schwarz,West,Office Supplies,204.95,5,0,100.4255
CA-2017-166198,4/21/2017,Joni Wasserman,West,Technology,11.54,1,0,3.462
CA-2017-166198,4/21/2017,Joni Wasserman,West,Furniture,162.6,3,0,34.146
CA-2014-135608,12/8/2014,Jim Karlsson,West,Office Supplies,45.68,2,0,21.0128
CA-2014-135608,12/8/2014,Jim Karlsson,West,Furniture,603.92,5,0.2,45.294
CA-2017-144568,5/29/2017,Jesus Ocampo,Central,Office Supplies,23.55,5,0,1.1775
CA-2016-142370,9/19/2016,Theone Pippenger,South,Office Supplies,5.04,2,0,0.1512
CA-2016-142370,9/19/2016,Theone Pippenger,South,Technology,249.95,5,0,107.4785
CA-2016-105900,9/17/2016,Brendan Sweed,Central,Office Supplies,33.4,5,0,12.358
CA-2016-151155,12/20/2016,Alejandro Ballentine,South,Furniture,18.92,4,0,7.3788
CA-2016-151155,12/20/2016,Alejandro Ballentine,South,Office Supplies,15.42,2,0,6.939
CA-2017-144036,11/22/2017,Frank Olsen,Central,Office Supplies,35.712,8,0.2,2.232
US-2014-169789,12/30/2014,Maureen Fritzler,West,Office Supplies,551.985,5,0.7,-459.9875
CA-2017-127264,4/3/2017,Sue Ann Reed,Central,Office Supplies,7.056,3,0.2,2.205
CA-2016-151512,12/26/2016,Sally Hughsby,West,Office Supplies,18.72,2,0.2,3.51
CA-2016-165169,6/5/2016,Janet Lee,East,Office Supplies,360.38,2,0,93.6988
CA-2016-165169,6/5/2016,Janet Lee,East,Office Supplies,11.16,2,0,2.79
CA-2016-165169,6/5/2016,Janet Lee,East,Office Supplies,14.94,3,0,6.8724
CA-2015-109575,9/18/2015,Ken Heidel,East,Office Supplies,41.96,2,0,7.9724
CA-2015-109575,9/18/2015,Ken Heidel,East,Office Supplies,636.86,7,0,0
CA-2015-109575,9/18/2015,Ken Heidel,East,Technology,499.99,1,0,129.9974
CA-2015-109575,9/18/2015,Ken Heidel,East,Technology,1259.93,7,0,327.5818
CA-2015-109575,9/18/2015,Ken Heidel,East,Office Supplies,65.08,4,0,31.8892
CA-2017-168193,3/6/2017,Roland Murray,East,Office Supplies,26.38,1,0,12.1348
CA-2017-168193,3/6/2017,Roland Murray,East,Furniture,71.97,3,0,16.5531
CA-2016-115476,3/17/2016,Vivian Mathis,East,Technology,129.98,2,0,62.3904
CA-2016-115476,3/17/2016,Vivian Mathis,East,Office Supplies,32.54,2,0,15.9446
CA-2016-133340,12/9/2016,Logan Haushalter,Central,Technology,10.9,1,0,3.052
CA-2016-133340,12/9/2016,Logan Haushalter,Central,Technology,59.98,2,0,25.1916
CA-2016-133340,12/9/2016,Logan Haushalter,Central,Office Supplies,61.929,1,0.1,23.3954
CA-2016-137848,1/15/2016,William Brown,East,Office Supplies,16.52,4,0,7.5992
CA-2016-137848,1/15/2016,William Brown,East,Office Supplies,60.12,9,0,28.8576
CA-2016-137848,1/15/2016,William Brown,East,Office Supplies,49.536,3,0.2,17.3376
CA-2014-113047,10/24/2014,Arthur Prichep,South,Office Supplies,11.85,3,0,3.792
CA-2016-149979,9/23/2016,Russell Applegate,South,Office Supplies,118.25,5,0,34.2925
CA-2016-149979,9/23/2016,Russell Applegate,South,Furniture,368.97,3,0,81.1734
CA-2017-161956,8/27/2017,Dan Reichenbach,West,Furniture,198.46,2,0,99.23
CA-2017-161956,8/27/2017,Dan Reichenbach,West,Office Supplies,321.92,4,0,96.576
CA-2017-161956,8/27/2017,Dan Reichenbach,West,Technology,879.984,2,0.2,329.994
CA-2017-161956,8/27/2017,Dan Reichenbach,West,Office Supplies,28.4,5,0,8.236
CA-2017-161956,8/27/2017,Dan Reichenbach,West,Furniture,230.28,3,0.2,23.028
CA-2017-161956,8/27/2017,Dan Reichenbach,West,Office Supplies,116.28,3,0,56.9772
CA-2017-161956,8/27/2017,Dan Reichenbach,West,Office Supplies,841.568,2,0.2,294.5488
CA-2017-161956,8/27/2017,Dan Reichenbach,West,Office Supplies,354.9,5,0,17.745
CA-2016-116799,3/3/2016,Jason Gross,Central,Office Supplies,42.784,7,0.2,15.5092
CA-2016-116799,3/3/2016,Jason Gross,Central,Furniture,563.43,5,0.3,-56.343
CA-2016-111283,2/29/2016,Lena Cacioppo,East,Office Supplies,111.104,7,0.2,8.3328
CA-2015-167745,9/18/2015,George Bell,West,Office Supplies,11.68,2,0,5.4896
CA-2015-167745,9/18/2015,George Bell,West,Office Supplies,16.9,2,0,5.07
CA-2015-167745,9/18/2015,George Bell,West,Furniture,24.4,2,0,10.248
CA-2017-104577,5/12/2017,Chloris Kastensmidt,East,Office Supplies,87.6,5,0,42.048
CA-2016-156251,8/13/2016,Theresa Swint,Central,Furniture,241.96,2,0,24.196
CA-2016-156251,8/13/2016,Theresa Swint,Central,Office Supplies,8.52,3,0,4.1748
CA-2017-125878,2/25/2017,Michelle Huthwaite,Central,Office Supplies,1.788,3,0.8,-3.0396
CA-2016-163153,3/21/2016,Dario Medina,Central,Furniture,99.372,2,0.3,-1.4196
CA-2016-163153,3/21/2016,Dario Medina,Central,Office Supplies,1.344,1,0.2,0.504
CA-2015-103205,12/8/2015,Joel Jenkins,Central,Technology,119.96,5,0.2,11.996
CA-2014-153913,12/16/2014,Ken Black,South,Furniture,1013.832,9,0.2,101.3832
CA-2014-153913,12/16/2014,Ken Black,South,Office Supplies,1.984,2,0.2,0.6696
CA-2016-155530,12/17/2016,Charles McCrossin,West,Furniture,2003.52,6,0.2,-325.572
US-2016-101196,5/12/2016,Filia McAdams,East,Office Supplies,82.368,2,0.2,-19.5624
CA-2014-115357,8/6/2014,Roland Fjeld,South,Technology,62.91,3,0,22.6476
US-2014-102715,4/11/2014,Jay Kimmel,South,Office Supplies,6.912,3,0.2,2.3328
US-2014-102715,4/11/2014,Jay Kimmel,South,Technology,383.976,3,0.2,81.5949
US-2014-102715,4/11/2014,Jay Kimmel,South,Office Supplies,10.368,2,0.2,3.6288
US-2014-102715,4/11/2014,Jay Kimmel,South,Technology,335.944,7,0.2,41.993
CA-2015-107937,5/3/2015,Julia Barnett,West,Furniture,665.88,6,0,106.5408
US-2017-148768,11/30/2017,Parhena Norris,South,Technology,71.976,3,0.2,8.997
CA-2017-118521,2/16/2017,Luke Foster,East,Office Supplies,37.94,2,0,18.2112
CA-2014-149643,11/16/2014,Rick Huthwaite,Central,Technology,273.96,2,0,10.9584
CA-2015-135314,7/9/2015,Matt Collins,East,Technology,269.982,3,0.4,40.4973
CA-2017-165204,11/13/2017,Michael Nguyen,South,Office Supplies,8.904,3,0.2,3.339
CA-2017-165204,11/13/2017,Michael Nguyen,South,Office Supplies,720.064,4,0.2,-63.0056
CA-2017-125752,7/31/2017,Eugene Hildebrand,South,Technology,41.424,2,0.2,8.2848
CA-2017-112487,12/26/2017,Tracy Collins,East,Office Supplies,3.132,2,0.7,-2.61
CA-2016-144218,10/31/2016,Jonathan Doherty,West,Office Supplies,1085.42,7,0,282.2092
CA-2016-169971,9/4/2016,Ivan Liston,Central,Office Supplies,3.912,1,0.2,1.0269
CA-2016-169971,9/4/2016,Ivan Liston,Central,Office Supplies,62.376,3,0.2,7.0173
US-2016-133508,4/17/2016,Sean Wendt,Central,Office Supplies,29.05,5,0,9.0055
CA-2014-107139,7/5/2014,Dennis Pardue,West,Office Supplies,180.96,6,0.2,67.86
CA-2015-111325,2/27/2015,Bill Tyler,East,Office Supplies,4.419,3,0.7,-3.3879
CA-2015-111325,2/27/2015,Bill Tyler,East,Office Supplies,16.032,6,0.2,2.2044
CA-2015-163762,11/27/2015,Jeremy Ellison,East,Office Supplies,29.79,3,0,12.5118
US-2014-117163,1/27/2014,Ed Jacobs,West,Office Supplies,57.23,1,0,14.3075
US-2014-117163,1/27/2014,Ed Jacobs,West,Furniture,333,3,0.2,-16.65
US-2014-117163,1/27/2014,Ed Jacobs,West,Office Supplies,36.44,4,0,12.0252
CA-2017-121314,9/23/2017,Bobby Elias,South,Office Supplies,251.64,3,0.2,88.074
CA-2017-147760,11/4/2017,Kelly Lampkin,South,Furniture,523.764,3,0.4,-192.0468
CA-2017-147760,11/4/2017,Kelly Lampkin,South,Technology,1359.96,5,0.2,118.9965
CA-2016-156503,10/14/2016,Nathan Cano,South,Furniture,102.592,1,0.2,10.2592
CA-2016-156503,10/14/2016,Nathan Cano,South,Technology,22.704,1,0.2,5.9598
CA-2016-156503,10/14/2016,Nathan Cano,South,Office Supplies,93.024,3,0.2,33.7212
CA-2016-156503,10/14/2016,Nathan Cano,South,Office Supplies,12.768,2,0.2,1.4364
CA-2016-156503,10/14/2016,Nathan Cano,South,Office Supplies,35.008,4,0.2,13.128
CA-2016-156503,10/14/2016,Nathan Cano,South,Office Supplies,39.152,1,0.2,14.682
CA-2015-113628,11/12/2015,Anna Häberlin,South,Office Supplies,11.76,5,0.2,1.323
CA-2015-113628,11/12/2015,Anna Häberlin,South,Office Supplies,5.238,2,0.7,-4.0158
CA-2015-113628,11/12/2015,Anna Häberlin,South,Office Supplies,4.662,3,0.7,-3.7296
CA-2015-113628,11/12/2015,Anna Häberlin,South,Furniture,523.92,5,0.2,-72.039
CA-2015-113628,11/12/2015,Anna Häberlin,South,Technology,100.792,1,0.2,10.0792
CA-2015-113628,11/12/2015,Anna Häberlin,South,Furniture,146.136,3,0.2,16.4403
CA-2017-147753,3/5/2017,Pete Kriz,Central,Office Supplies,25.06,2,0,11.7782
CA-2015-103961,11/5/2015,Nathan Gelder,Central,Office Supplies,19.824,6,0.2,6.4428
CA-2016-152471,7/8/2016,Zuschuss Donatelli,South,Technology,823.96,5,0.2,51.4975
CA-2016-152471,7/8/2016,Zuschuss Donatelli,South,Office Supplies,15.984,2,0.2,4.995
CA-2015-102582,9/15/2015,Natalie Webber,South,Furniture,801.96,2,0,200.49
CA-2015-102582,9/15/2015,Natalie Webber,South,Technology,59.97,3,0,0
CA-2015-102582,9/15/2015,Natalie Webber,South,Furniture,1056.86,7,0,306.4894
CA-2017-141873,10/9/2017,Harry Greene,East,Office Supplies,12.816,3,0.2,4.3254
CA-2017-141873,10/9/2017,Harry Greene,East,Furniture,314.352,3,0.2,-15.7176
CA-2017-141873,10/9/2017,Harry Greene,East,Office Supplies,18.98,2,0,8.9206
CA-2017-141873,10/9/2017,Harry Greene,East,Office Supplies,18.24,6,0.2,6.156
CA-2015-140984,9/14/2015,Craig Carroll,East,Office Supplies,991.2,6,0,257.712
CA-2015-140984,9/14/2015,Craig Carroll,East,Technology,879.984,2,0.2,329.994
CA-2015-140984,9/14/2015,Craig Carroll,East,Office Supplies,12.96,9,0.2,4.536
CA-2014-132801,10/7/2014,John Grady,Central,Office Supplies,107.44,10,0.2,10.744
CA-2017-141733,5/7/2017,Rick Wilson,Central,Furniture,1458.65,5,0,423.0085
CA-2017-141733,5/7/2017,Rick Wilson,Central,Furniture,26.64,1,0,7.4592
CA-2017-141733,5/7/2017,Rick Wilson,Central,Furniture,476.8,2,0,119.2
CA-2017-141733,5/7/2017,Rick Wilson,Central,Office Supplies,87.444,2,0.1,18.4604
US-2015-111927,11/14/2015,Lycoris Saunders,East,Furniture,76.14,3,0,26.649
US-2015-111927,11/14/2015,Lycoris Saunders,East,Office Supplies,19.96,2,0,9.3812
CA-2014-105984,11/24/2014,Muhammed Yedwab,East,Technology,1049.97,5,0.4,-209.994
CA-2014-105984,11/24/2014,Muhammed Yedwab,East,Furniture,611.058,3,0.3,-34.9176
CA-2014-100363,4/8/2014,Jim Mitchum,West,Office Supplies,2.368,2,0.2,0.8288
CA-2014-100363,4/8/2014,Jim Mitchum,West,Office Supplies,19.008,3,0.2,6.8904
CA-2014-126760,7/26/2014,Kunst Miller,West,Technology,911.984,2,0.2,113.998
CA-2014-126760,7/26/2014,Kunst Miller,West,Furniture,674.352,3,0.2,-109.5822
CA-2014-126760,7/26/2014,Kunst Miller,West,Furniture,134.01,9,0,36.1827
CA-2014-126760,7/26/2014,Kunst Miller,West,Technology,170.97,3,0,70.0977
US-2014-109162,6/8/2014,Katrina Edelman,South,Furniture,170.352,3,0.2,10.647
CA-2014-101931,10/28/2014,Todd Sumrall,West,Office Supplies,7.184,2,0.2,2.245
CA-2014-101931,10/28/2014,Todd Sumrall,West,Office Supplies,6.28,2,0,0.0628
CA-2014-101931,10/28/2014,Todd Sumrall,West,Office Supplies,480.74,2,0,14.4222
CA-2014-101931,10/28/2014,Todd Sumrall,West,Furniture,616.998,6,0.15,-36.294
CA-2014-101931,10/28/2014,Todd Sumrall,West,Office Supplies,141.4,5,0,38.178
CA-2017-129000,11/25/2017,Sam Zeldin,Central,Office Supplies,501.81,3,0,0
CA-2017-161053,9/22/2017,Joel Eaton,South,Office Supplies,691.96,4,0,318.3016
CA-2017-161053,9/22/2017,Joel Eaton,South,Technology,34.95,5,0,15.378
CA-2015-142377,12/4/2015,Michael Stewart,Central,Office Supplies,85.96,7,0,40.4012
CA-2015-127593,9/21/2015,Duane Huffman,East,Furniture,85.3,2,0,14.501
CA-2017-130526,11/26/2017,Guy Thornton,Central,Office Supplies,33.568,8,0.8,-53.7088
US-2017-131849,6/6/2017,Gary Hansen,West,Furniture,4.95,1,0,2.178
US-2017-131849,6/6/2017,Gary Hansen,West,Office Supplies,26.4,5,0,0
US-2017-105389,10/23/2017,Darrin Martin,Central,Office Supplies,3.564,3,0.8,-6.237
US-2017-105389,10/23/2017,Darrin Martin,Central,Technology,823.96,5,0.2,51.4975
US-2017-105389,10/23/2017,Darrin Martin,Central,Office Supplies,10.272,3,0.2,0.8988
CA-2014-140816,12/20/2014,Toby Carlisle,West,Technology,447.944,7,0.2,89.5888
CA-2017-154039,2/17/2017,Julie Kriz,Central,Furniture,480.96,3,0.5,-269.3376
CA-2017-154039,2/17/2017,Julie Kriz,Central,Technology,124.792,1,0.2,10.9193
CA-2014-135755,5/3/2014,Nathan Cano,East,Office Supplies,40.176,3,0.2,14.5638
CA-2014-135755,5/3/2014,Nathan Cano,East,Office Supplies,10.896,3,0.2,3.9498
CA-2017-123246,10/17/2017,Astrea Jones,West,Office Supplies,10.64,4,0,2.7664
CA-2015-157133,11/28/2015,Lena Creighton,Central,Furniture,151.96,5,0.6,-182.352
CA-2014-124709,7/27/2014,Giulietta Weimer,West,Technology,238,2,0,38.08
CA-2017-146360,4/23/2017,Sean Christensen,Central,Technology,155.34,6,0,55.9224
CA-2015-132486,10/23/2015,Jay Fein,West,Technology,148.32,9,0,63.7776
CA-2015-132486,10/23/2015,Jay Fein,West,Furniture,240.784,1,0.2,27.0882
CA-2015-132486,10/23/2015,Jay Fein,West,Furniture,191.968,7,0.2,16.7972
CA-2015-132486,10/23/2015,Jay Fein,West,Office Supplies,11.56,2,0,5.6644
CA-2015-132486,10/23/2015,Jay Fein,West,Office Supplies,11.8,4,0,5.664
CA-2015-132486,10/23/2015,Jay Fein,West,Furniture,842.352,3,0.2,42.1176
CA-2016-136231,9/5/2016,Darrin Martin,South,Office Supplies,23.472,3,0.2,7.6284
CA-2016-136231,9/5/2016,Darrin Martin,South,Office Supplies,86.058,7,0.7,-63.1092
CA-2016-136231,9/5/2016,Darrin Martin,South,Technology,108.784,2,0.2,6.799
CA-2016-136231,9/5/2016,Darrin Martin,South,Office Supplies,10.272,3,0.2,3.21
CA-2016-140641,10/28/2016,Emily Phan,South,Office Supplies,38.19,5,0.7,-26.733
CA-2014-151001,4/5/2014,John Grady,Central,Office Supplies,49.632,4,0.2,3.7224
CA-2014-151001,4/5/2014,John Grady,Central,Office Supplies,52.096,4,0.2,3.9072
CA-2015-129896,6/15/2015,Peter Fuller,West,Office Supplies,9.568,2,0.2,2.99
CA-2015-129896,6/15/2015,Peter Fuller,West,Office Supplies,82.368,2,0.2,-19.5624
CA-2015-129896,6/15/2015,Peter Fuller,West,Furniture,364.704,6,0.2,-36.4704
CA-2015-129896,6/15/2015,Peter Fuller,West,Furniture,40.256,4,0.2,11.0704
CA-2014-152849,7/5/2014,David Wiener,South,Office Supplies,4.368,3,0.2,0.3822
US-2017-127341,1/29/2017,Clytie Kelty,Central,Office Supplies,12.128,4,0.8,-20.6176
CA-2016-167759,3/3/2016,Craig Carreira,Central,Technology,134.85,3,0,37.758
CA-2014-100895,6/2/2014,Stewart Visinsky,South,Office Supplies,8.56,2,0,2.6536
CA-2014-100895,6/2/2014,Stewart Visinsky,South,Technology,239.97,3,0,67.1916
CA-2014-100895,6/2/2014,Stewart Visinsky,South,Office Supplies,356.94,2,0,107.082
US-2016-163881,11/24/2016,Sung Pak,West,Technology,659.9,2,0,217.767
US-2016-163881,11/24/2016,Sung Pak,West,Furniture,1684.752,6,0.2,210.594
US-2016-163881,11/24/2016,Sung Pak,West,Technology,559.92,8,0,190.3728
US-2016-144547,11/10/2016,Maxwell Schwartz,Central,Technology,279.944,7,0.2,48.9902
US-2014-112200,11/22/2014,Tony Chapman,Central,Office Supplies,9.98,5,0.8,-16.467
CA-2017-110212,5/1/2017,Sanjit Jacobs,South,Technology,48.9,5,0,18.093
CA-2017-134285,12/7/2017,David Smith,Central,Office Supplies,3.552,3,0.2,1.2432
CA-2017-134285,12/7/2017,David Smith,Central,Office Supplies,15.552,3,0.2,5.4432
CA-2017-102267,11/30/2017,Stuart Calhoun,Central,Office Supplies,2.368,2,0.2,0.8288
CA-2017-157980,12/7/2017,Shahid Hopkins,East,Technology,127.984,2,0.2,25.5968
CA-2015-121097,1/3/2015,Sylvia Foulston,Central,Office Supplies,10.368,2,0.2,3.6288
CA-2015-151043,11/14/2015,Maureen Gastineau,East,Technology,47.984,2,0.2,-1.1996
US-2015-119312,10/2/2015,Christopher Schild,West,Office Supplies,270.34,14,0,75.6952
CA-2015-167010,4/5/2015,Valerie Takahito,East,Office Supplies,98.112,7,0.2,18.396
CA-2015-167010,4/5/2015,Valerie Takahito,East,Office Supplies,563.808,4,0.2,21.1428
CA-2015-167010,4/5/2015,Valerie Takahito,East,Office Supplies,10.428,4,0.7,-6.952
CA-2015-167010,4/5/2015,Valerie Takahito,East,Furniture,547.136,4,0.2,-68.392
CA-2015-167010,4/5/2015,Valerie Takahito,East,Technology,14.85,5,0.4,-3.2175
CA-2015-167010,4/5/2015,Valerie Takahito,East,Technology,41.988,2,0.4,-9.7972
CA-2015-167010,4/5/2015,Valerie Takahito,East,Furniture,7.584,1,0.2,2.37
CA-2015-167010,4/5/2015,Valerie Takahito,East,Furniture,352.45,5,0.5,-211.47
CA-2017-126788,6/5/2017,Adrian Barton,Central,Technology,470.376,3,0.2,52.9173
CA-2017-148068,9/18/2017,Muhammed MacIntyre,East,Office Supplies,19.44,3,0,9.3312
CA-2017-148068,9/18/2017,Muhammed MacIntyre,East,Furniture,9.82,2,0,3.2406
US-2017-142573,7/18/2017,Maris LaWare,West,Furniture,801.6,5,0.5,-448.896
US-2017-142573,7/18/2017,Maris LaWare,West,Furniture,161.568,2,0.2,10.098
US-2017-142573,7/18/2017,Maris LaWare,West,Office Supplies,16.096,2,0.2,5.2312
US-2017-142573,7/18/2017,Maris LaWare,West,Office Supplies,7.656,4,0.7,-6.1248
US-2017-142573,7/18/2017,Maris LaWare,West,Furniture,311.976,3,0.2,-42.8967
US-2015-148817,12/1/2015,Keith Dawkins,South,Office Supplies,61.68,4,0,16.6536
US-2015-148817,12/1/2015,Keith Dawkins,South,Office Supplies,63.96,4,0,30.7008
CA-2016-110044,6/28/2016,Roland Fjeld,Central,Technology,359.976,3,0.2,35.9976
CA-2017-146920,8/28/2017,Sean Christensen,Central,Office Supplies,25.344,6,0.2,7.92
CA-2017-146920,8/28/2017,Sean Christensen,Central,Office Supplies,26.72,5,0.2,9.352
CA-2014-103940,9/17/2014,Bradley Nguyen,West,Office Supplies,30.28,2,0,1.2112
CA-2014-103940,9/17/2014,Bradley Nguyen,West,Office Supplies,57.93,3,0,16.2204
CA-2014-103940,9/17/2014,Bradley Nguyen,West,Furniture,35.34,2,0,13.4292
CA-2014-103940,9/17/2014,Bradley Nguyen,West,Office Supplies,137.24,5,0.2,46.3185
CA-2016-162082,3/14/2016,John Stevenson,Central,Furniture,241.332,5,0.32,-14.196
CA-2016-162082,3/14/2016,John Stevenson,Central,Office Supplies,5.184,1,0.2,1.8792
CA-2016-162082,3/14/2016,John Stevenson,Central,Office Supplies,145.544,7,0.2,16.3737
CA-2016-132094,8/26/2016,Vivek Grady,East,Office Supplies,5.472,3,0.2,1.6416
CA-2016-132094,8/26/2016,Vivek Grady,East,Technology,47.984,2,0.2,13.1956
CA-2017-123001,9/2/2017,Anthony Witt,West,Office Supplies,9.4,5,0,2.726
CA-2017-123001,9/2/2017,Anthony Witt,West,Office Supplies,74,5,0,37
CA-2017-123001,9/2/2017,Anthony Witt,West,Technology,201.584,2,0.2,12.599
CA-2015-118955,6/16/2015,Lycoris Saunders,Central,Office Supplies,28.752,3,0.2,9.3444
CA-2015-118955,6/16/2015,Lycoris Saunders,Central,Office Supplies,27.216,3,0.2,9.8658
CA-2015-118955,6/16/2015,Lycoris Saunders,Central,Furniture,197.372,2,0.3,-25.3764
US-2016-143448,12/10/2016,Mark Hamilton,Central,Furniture,1424.9,5,0,356.225
CA-2017-117863,5/18/2017,Toby Swindell,East,Furniture,14.56,2,0,6.2608
CA-2017-117863,5/18/2017,Toby Swindell,East,Office Supplies,3.048,1,0.2,1.0287
CA-2017-160458,5/27/2017,Eric Hoffmann,South,Office Supplies,25.92,5,0.2,9.072
US-2016-142685,6/23/2016,Maureen Gnade,East,Office Supplies,835.17,7,0,16.7034
CA-2016-133144,5/16/2016,Denny Ordway,West,Office Supplies,17.34,3,0,8.4966
CA-2017-167871,11/18/2017,Art Ferguson,South,Office Supplies,44.384,1,0.2,15.5344
CA-2017-167871,11/18/2017,Art Ferguson,South,Office Supplies,2.944,1,0.2,-0.6624
CA-2016-119963,11/18/2016,Steve Nguyen,Central,Office Supplies,6.368,2,0.2,1.0348
CA-2016-119963,11/18/2016,Steve Nguyen,Central,Office Supplies,48.848,2,0.2,15.8756
CA-2016-119963,11/18/2016,Steve Nguyen,Central,Office Supplies,19.648,2,0.2,6.6312
CA-2016-119963,11/18/2016,Steve Nguyen,Central,Furniture,255.108,6,0.3,-18.222
CA-2014-121167,11/28/2014,Mary O'Rourke,East,Office Supplies,17.248,2,0.2,6.0368
US-2016-151862,3/1/2016,Odella Nelson,West,Technology,159.984,2,0.2,13.9986
CA-2017-152961,1/15/2017,Sanjit Chand,East,Office Supplies,12.7,2,0,5.842
CA-2014-133228,4/4/2014,Maurice Satty,Central,Furniture,5.47,1,0,2.3521
CA-2014-133228,4/4/2014,Maurice Satty,Central,Office Supplies,79.36,4,0,23.808
CA-2016-114951,6/26/2016,Duane Noonan,West,Furniture,22.14,3,0,6.4206
CA-2016-156573,5/29/2016,Raymond Buch,South,Office Supplies,11.277,3,0.7,-8.6457
CA-2016-156573,5/29/2016,Raymond Buch,South,Office Supplies,4.448,2,0.2,0.3336
CA-2016-156573,5/29/2016,Raymond Buch,South,Furniture,44.76,3,0.2,14.547
CA-2015-113901,10/19/2015,Nicole Hansen,Central,Office Supplies,38.28,6,0,17.6088
CA-2015-113901,10/19/2015,Nicole Hansen,Central,Technology,149.95,5,0,44.985
CA-2017-134838,2/19/2017,Emily Ducich,West,Office Supplies,12.84,3,0,3.4668
CA-2017-134838,2/19/2017,Emily Ducich,West,Furniture,44.67,3,0,12.0609
CA-2016-120257,9/22/2016,Pierre Wener,East,Office Supplies,7.872,3,0.2,0.8856
CA-2014-164910,11/12/2014,Denise Monton,South,Office Supplies,7.872,3,0.2,0.8856
CA-2016-149902,4/1/2016,Don Weiss,East,Office Supplies,88.04,4,0,22.8904
CA-2016-146010,5/20/2016,Eugene Hildebrand,West,Office Supplies,40.635,7,0.7,-32.508
US-2015-163685,6/1/2015,Katrina Edelman,Central,Office Supplies,5.728,8,0.8,-9.1648
US-2015-163685,6/1/2015,Katrina Edelman,Central,Office Supplies,42.24,10,0.2,13.2
CA-2014-135090,11/22/2014,Susan Pistek,West,Office Supplies,53.82,9,0,24.219
CA-2015-132374,2/22/2015,Penelope Sewall,Central,Office Supplies,79.36,4,0,20.6336
CA-2016-167556,3/29/2016,Janet Martin,East,Office Supplies,13.48,2,0,6.74
CA-2016-167556,3/29/2016,Janet Martin,East,Office Supplies,29.8,5,0.2,9.3125
CA-2016-167556,3/29/2016,Janet Martin,East,Furniture,414,8,0,124.2
CA-2016-167556,3/29/2016,Janet Martin,East,Office Supplies,41.328,7,0.2,14.9814
US-2016-116400,10/22/2016,Eric Barreto,South,Furniture,39.92,4,0,11.1776
CA-2017-101308,10/2/2017,Frank Gastineau,West,Office Supplies,8.94,3,0,4.1124
CA-2017-101308,10/2/2017,Frank Gastineau,West,Technology,84.784,2,0.2,-20.1362
CA-2014-114517,12/23/2014,Tiffany House,East,Furniture,53.316,2,0.4,-19.5492
CA-2014-114517,12/23/2014,Tiffany House,East,Office Supplies,56.52,3,0,15.8256
CA-2017-119564,12/15/2017,Paul Lucas,West,Furniture,22.77,3,0,9.7911
CA-2016-135265,7/7/2016,Christopher Conant,West,Furniture,287.968,4,0.2,-3.5996
CA-2016-135265,7/7/2016,Christopher Conant,West,Technology,2799.96,5,0.2,944.9865
CA-2016-135265,7/7/2016,Christopher Conant,West,Office Supplies,48.94,1,0,24.47
CA-2016-108735,4/17/2016,Jessica Myrick,West,Furniture,257.499,3,0.15,24.2352
CA-2017-112333,4/8/2017,Karen Ferguson,East,Office Supplies,2591.56,4,0,621.9744
CA-2017-112333,4/8/2017,Karen Ferguson,East,Office Supplies,41.95,5,0,10.4875
US-2016-159415,4/17/2016,Charles Sheldon,South,Furniture,79.12,5,0.2,13.846
CA-2014-122588,11/25/2014,Andy Reiter,East,Furniture,52.96,2,0,20.1248
CA-2014-137589,11/3/2014,Maxwell Schwartz,East,Office Supplies,286.344,3,0.2,-64.4274
CA-2015-161998,5/1/2015,David Bremer,South,Furniture,63.552,3,0.2,14.2992
CA-2015-161998,5/1/2015,David Bremer,South,Office Supplies,41.376,3,0.2,4.6548
CA-2015-161998,5/1/2015,David Bremer,South,Office Supplies,172.704,6,0.2,10.794
CA-2015-105627,3/8/2015,Dana Kaydos,Central,Furniture,512.94,3,0,97.4586
CA-2015-105627,3/8/2015,Dana Kaydos,Central,Furniture,860.93,7,0,189.4046
CA-2015-105627,3/8/2015,Dana Kaydos,Central,Technology,769.95,5,0,223.2855
CA-2015-105627,3/8/2015,Dana Kaydos,Central,Office Supplies,14.98,1,0,4.494
CA-2015-105627,3/8/2015,Dana Kaydos,Central,Furniture,373.08,6,0,82.0776
US-2015-149629,7/17/2015,Michael Paige,South,Furniture,231.92,5,0.2,5.798
CA-2014-116834,10/11/2014,Dean percer,West,Furniture,63.47,11,0,19.041
CA-2014-116834,10/11/2014,Dean percer,West,Technology,345,5,0,58.65
CA-2016-145730,3/3/2016,Chris Cortes,Central,Furniture,637.896,3,0.3,-127.5792
CA-2016-145730,3/3/2016,Chris Cortes,Central,Technology,287.91,3,0.4,33.5895
CA-2016-145730,3/3/2016,Chris Cortes,Central,Office Supplies,36.6,3,0.2,11.895
US-2015-168732,12/10/2015,Khloe Miller,South,Office Supplies,1.78,1,0,0.4984
US-2015-168732,12/10/2015,Khloe Miller,South,Office Supplies,25.92,4,0,12.4416
US-2015-168732,12/10/2015,Khloe Miller,South,Technology,101.94,6,0,21.4074
CA-2015-107468,12/18/2015,Michael Kennedy,West,Office Supplies,6.848,2,0.2,0.5992
CA-2017-144463,1/1/2017,Steven Cartwright,West,Furniture,474.43,11,0,199.2606
CA-2017-100811,11/21/2017,Cindy Chapman,East,Office Supplies,8.448,2,0.2,2.64
CA-2017-100811,11/21/2017,Cindy Chapman,East,Office Supplies,39.296,4,0.2,3.9296
CA-2015-153612,12/22/2015,Beth Thompson,Central,Office Supplies,17.12,4,0,4.9648
CA-2015-165624,8/23/2015,Fred Harton,South,Office Supplies,542.94,3,0,152.0232
CA-2015-165624,8/23/2015,Fred Harton,South,Office Supplies,8.64,3,0,4.2336
CA-2015-165624,8/23/2015,Fred Harton,South,Office Supplies,193.8,5,0,94.962
CA-2015-165624,8/23/2015,Fred Harton,South,Office Supplies,21.4,5,0,9.63
CA-2015-165624,8/23/2015,Fred Harton,South,Office Supplies,97.88,2,0,48.94
CA-2015-165624,8/23/2015,Fred Harton,South,Technology,251.91,9,0,47.8629
CA-2015-165624,8/23/2015,Fred Harton,South,Office Supplies,25.86,3,0,6.7236
CA-2014-154963,6/22/2014,Anna Andreadi,East,Furniture,170.058,3,0.3,-4.8588
CA-2014-154963,6/22/2014,Anna Andreadi,East,Technology,82.782,3,0.4,-15.1767
CA-2014-154963,6/22/2014,Anna Andreadi,East,Furniture,853.93,5,0.3,0
CA-2017-130764,10/27/2017,Jack O'Briant,West,Furniture,556.665,5,0.15,6.549
CA-2017-130764,10/27/2017,Jack O'Briant,West,Technology,95.84,4,0.2,34.742
CA-2017-139311,8/11/2017,Sylvia Foulston,Central,Office Supplies,29.664,4,0.2,10.0116
CA-2017-139311,8/11/2017,Sylvia Foulston,Central,Office Supplies,9.184,7,0.2,2.87
CA-2017-139311,8/11/2017,Sylvia Foulston,Central,Technology,153.584,2,0.2,13.4386
CA-2017-139311,8/11/2017,Sylvia Foulston,Central,Office Supplies,12.864,8,0.8,-22.512
CA-2017-124296,12/24/2017,Christine Sundaresam,South,Technology,479.97,3,0,239.985
CA-2017-124296,12/24/2017,Christine Sundaresam,South,Furniture,232.88,4,0,60.5488
CA-2016-169957,9/26/2016,Steve Nguyen,West,Office Supplies,236.88,6,0,66.3264
CA-2016-169957,9/26/2016,Steve Nguyen,West,Office Supplies,29.9,5,0,14.651
CA-2016-169957,9/26/2016,Steve Nguyen,West,Technology,100,4,0,21
US-2016-108777,12/12/2016,Jim Mitchum,East,Office Supplies,18.693,3,0.7,-14.3313
US-2016-108777,12/12/2016,Jim Mitchum,East,Technology,383.952,6,0.2,76.7904
CA-2015-148859,12/28/2015,Fred Harton,Central,Office Supplies,24.816,2,0.2,1.551
CA-2014-110786,12/29/2014,Anthony Johnson,West,Furniture,24.9,5,0,8.217
CA-2014-110786,12/29/2014,Anthony Johnson,West,Office Supplies,21.12,4,0,9.504
CA-2014-110786,12/29/2014,Anthony Johnson,West,Technology,767.952,6,0.2,287.982
CA-2014-110786,12/29/2014,Anthony Johnson,West,Office Supplies,14.352,3,0.2,4.6644
CA-2014-110786,12/29/2014,Anthony Johnson,West,Technology,191.976,3,0.2,19.1976
CA-2014-110786,12/29/2014,Anthony Johnson,West,Office Supplies,274.77,9,0,126.3942
CA-2014-110786,12/29/2014,Anthony Johnson,West,Furniture,70.56,6,0,23.9904
CA-2015-137750,6/25/2015,Jill Fjeld,West,Furniture,204.85,5,0,57.358
CA-2015-136378,4/2/2015,Cari Sayre,Central,Office Supplies,9.156,3,0.8,-13.734
CA-2017-100356,10/21/2017,Susan Pistek,Central,Office Supplies,23.992,2,0.8,-62.3792
US-2015-166520,7/16/2015,Katrina Edelman,East,Office Supplies,80.88,3,0,39.6312
US-2015-166520,7/16/2015,Katrina Edelman,East,Technology,599.9,10,0,191.968
CA-2017-136350,6/24/2017,George Ashbrook,East,Furniture,276.69,3,0,49.8042
CA-2017-136350,6/24/2017,George Ashbrook,East,Furniture,172.764,2,0.1,32.6332
CA-2014-122931,9/29/2014,Suzanne McNair,East,Office Supplies,4.224,3,0.2,1.4784
CA-2014-122931,9/29/2014,Suzanne McNair,East,Furniture,409.272,2,0.4,-81.8544
CA-2014-122931,9/29/2014,Suzanne McNair,East,Office Supplies,55.44,11,0.2,18.018
CA-2014-122931,9/29/2014,Suzanne McNair,East,Office Supplies,20.928,4,0.2,6.8016
CA-2014-122931,9/29/2014,Suzanne McNair,East,Office Supplies,1801.632,6,0.2,-337.806
CA-2014-122931,9/29/2014,Suzanne McNair,East,Furniture,67.176,1,0.4,-20.1528
CA-2014-163034,11/24/2014,Darren Koutras,Central,Office Supplies,646.2,5,0.2,-8.0775
CA-2015-124058,11/20/2015,Lena Creighton,West,Technology,72.744,7,0.2,-15.4581
CA-2015-124058,11/20/2015,Lena Creighton,West,Furniture,572.16,3,0.2,35.76
CA-2016-129196,11/1/2016,Xylona Preis,Central,Technology,68.112,3,0.2,17.8794
US-2015-138716,9/17/2015,Cari Sayre,West,Office Supplies,25.032,3,0.2,7.8225
US-2016-122182,3/10/2016,Bryan Davis,East,Technology,39.992,1,0.2,7.4985
US-2014-130358,6/23/2014,Denise Leinenbach,South,Office Supplies,20.016,9,0.2,1.7514
US-2014-130358,6/23/2014,Denise Leinenbach,South,Office Supplies,3.104,1,0.2,0.3492
CA-2014-102673,11/1/2014,Ken Heidel,South,Office Supplies,7.52,5,0.2,1.41
CA-2014-102673,11/1/2014,Ken Heidel,South,Office Supplies,10.272,3,0.2,0.8988
CA-2014-102673,11/1/2014,Ken Heidel,South,Office Supplies,47.808,12,0.2,15.5376
CA-2014-102673,11/1/2014,Ken Heidel,South,Technology,978.84,9,0.2,110.1195
CA-2016-145303,8/28/2016,Tom Prescott,Central,Office Supplies,13.14,9,0.8,-21.681
CA-2016-145303,8/28/2016,Tom Prescott,Central,Office Supplies,10.024,4,0.8,-16.5396
CA-2016-145303,8/28/2016,Tom Prescott,Central,Furniture,156.3728,2,0.32,-52.8908
CA-2015-156104,12/6/2015,Nora Pelletier,Central,Technology,999.98,2,0,449.991
US-2015-164308,9/24/2015,Steve Carroll,Central,Technology,821.94,6,0,213.7044
CA-2017-108112,11/15/2017,Dana Kaydos,South,Furniture,220.064,4,0.2,55.016
CA-2017-108112,11/15/2017,Dana Kaydos,South,Furniture,339.136,4,0.2,0
CA-2015-100685,12/19/2015,Suzanne McNair,Central,Office Supplies,7.04,2,0,3.3088
CA-2015-100685,12/19/2015,Suzanne McNair,Central,Office Supplies,5.04,4,0,0.2016
CA-2015-100685,12/19/2015,Suzanne McNair,Central,Office Supplies,116.28,3,0,56.9772
CA-2015-165414,12/21/2015,Lynn Smith,South,Technology,47.976,3,0.2,4.7976
CA-2016-140417,9/25/2016,Katrina Edelman,West,Office Supplies,60.048,9,0.2,22.518
CA-2016-140417,9/25/2016,Katrina Edelman,West,Office Supplies,5.022,1,0.7,-3.5154
US-2017-151316,6/24/2017,Matthew Clasen,Central,Office Supplies,182.994,3,0.8,-320.2395
US-2017-151316,6/24/2017,Matthew Clasen,Central,Office Supplies,10.272,3,0.2,3.21
CA-2017-163692,9/7/2017,Dean percer,West,Office Supplies,7.857,3,0.7,-6.0237
CA-2016-111913,8/4/2016,Linda Cazamias,West,Technology,302.384,2,0.2,30.2384
CA-2016-111913,8/4/2016,Linda Cazamias,West,Office Supplies,20.952,3,0.2,7.0713
CA-2016-111913,8/4/2016,Linda Cazamias,West,Office Supplies,11.784,3,0.2,3.9771
US-2014-156559,8/19/2014,Lena Hernandez,South,Furniture,638.82,9,0,172.4814
CA-2016-161473,4/1/2016,Thomas Boland,East,Office Supplies,20.7,2,0,9.936
CA-2016-161473,4/1/2016,Thomas Boland,East,Office Supplies,10.95,3,0,3.285
CA-2016-161473,4/1/2016,Thomas Boland,East,Office Supplies,14.352,3,0.2,4.6644
CA-2017-166576,5/16/2017,John Murray,East,Office Supplies,221.024,2,0.2,-55.256
CA-2015-102491,8/24/2015,Katrina Willman,South,Technology,3080,7,0,1416.8
CA-2015-102491,8/24/2015,Katrina Willman,South,Technology,79.96,4,0,18.3908
CA-2015-102491,8/24/2015,Katrina Willman,South,Technology,587.97,3,0,170.5113
CA-2014-116904,9/23/2014,Sanjit Chand,Central,Office Supplies,32.4,5,0,15.552
CA-2014-116904,9/23/2014,Sanjit Chand,Central,Office Supplies,404.9,5,0,16.196
CA-2014-116904,9/23/2014,Sanjit Chand,Central,Office Supplies,9449.95,5,0,4630.4755
CA-2014-116904,9/23/2014,Sanjit Chand,Central,Office Supplies,12.94,2,0,6.47
US-2017-102288,6/19/2017,Zuschuss Carroll,Central,Office Supplies,2.264,1,0.8,-5.2072
US-2017-102288,6/19/2017,Zuschuss Carroll,Central,Office Supplies,0.444,1,0.8,-1.11
US-2017-102288,6/19/2017,Zuschuss Carroll,Central,Office Supplies,146.176,8,0.2,47.5072
CA-2017-137456,12/21/2017,Rick Bensley,Central,Furniture,15.92,2,0,7.0048
US-2017-155999,8/7/2017,Jay Kimmel,West,Technology,159.96,5,0.2,17.9955
US-2017-155999,8/7/2017,Jay Kimmel,West,Office Supplies,13.76,2,0.2,4.644
US-2016-148334,8/22/2016,Dorothy Dickinson,Central,Office Supplies,4.312,2,0.8,-6.8992
CA-2015-105599,9/7/2015,Marc Crier,East,Office Supplies,13.96,2,0,0.2792
CA-2015-105599,9/7/2015,Marc Crier,East,Furniture,27.414,3,0.4,-14.1639
CA-2015-153717,12/25/2015,Dionis Lloyd,Central,Technology,73.98,2,0,19.9746
CA-2015-153717,12/25/2015,Dionis Lloyd,Central,Furniture,160.98,1,0,20.9274
CA-2015-153717,12/25/2015,Dionis Lloyd,Central,Office Supplies,17.34,3,0,8.4966
CA-2015-153717,12/25/2015,Dionis Lloyd,Central,Office Supplies,3.28,1,0,0.9512
CA-2015-116687,5/2/2015,Noah Childs,Central,Office Supplies,8.856,3,0.2,2.9889
CA-2015-116687,5/2/2015,Noah Childs,Central,Technology,158.376,3,0.2,13.8579
CA-2016-163573,11/24/2016,Amy Cox,West,Office Supplies,1219.96,5,0.2,381.2375
CA-2015-153416,11/24/2015,Toby Swindell,West,Office Supplies,3.168,2,0.2,0.99
CA-2015-153416,11/24/2015,Toby Swindell,West,Office Supplies,19.44,3,0,9.3312
CA-2015-153416,11/24/2015,Toby Swindell,West,Office Supplies,454.86,7,0,54.5832
CA-2015-153416,11/24/2015,Toby Swindell,West,Office Supplies,91.392,8,0.2,29.7024
CA-2017-117394,9/4/2017,Michael Moore,East,Technology,19.04,4,0.2,-1.428
CA-2017-133823,5/11/2017,Liz Pelletier,West,Office Supplies,37.44,6,0,16.848
CA-2017-133823,5/11/2017,Liz Pelletier,West,Office Supplies,37.59,3,0,17.6673
CA-2017-133823,5/11/2017,Liz Pelletier,West,Office Supplies,26.032,2,0.2,9.4366
CA-2014-127523,5/11/2014,Brooke Gillingham,East,Office Supplies,35.91,3,0,9.6957
CA-2017-123239,7/27/2017,Mike Gockenbach,South,Furniture,91.032,3,0.2,-2.2758
CA-2017-156769,5/6/2017,Gary Zandusky,South,Office Supplies,54.66,6,0,18.0378
CA-2014-127299,9/19/2014,John Lee,South,Office Supplies,67.344,6,0.2,7.5762
CA-2014-127299,9/19/2014,John Lee,South,Technology,2624.985,3,0.5,-944.9946
CA-2015-121272,3/29/2015,Denny Ordway,West,Office Supplies,73.28,4,0,21.2512
CA-2014-115336,11/18/2014,Ann Blume,Central,Office Supplies,14.48,5,0.8,-23.892
CA-2015-111703,7/2/2015,Karl Braun,South,Office Supplies,11.952,3,0.2,4.0338
CA-2015-111703,7/2/2015,Karl Braun,South,Office Supplies,15.552,3,0.2,5.6376
CA-2014-128839,9/8/2014,Ted Trevino,South,Office Supplies,45,9,0,21.6
CA-2014-128839,9/8/2014,Ted Trevino,South,Technology,209.97,3,0,90.2871
CA-2017-105914,10/2/2017,Paul Van Hugh,West,Office Supplies,112.12,5,0.2,42.045
CA-2017-105914,10/2/2017,Paul Van Hugh,West,Office Supplies,1575.14,7,0,204.7682
CA-2017-110926,11/19/2017,Dorothy Dickinson,South,Office Supplies,25.06,7,0,12.53
CA-2016-117226,12/30/2016,Keith Dawkins,Central,Office Supplies,6.924,6,0.8,-10.386
CA-2017-127313,12/1/2017,Ralph Arnett,East,Office Supplies,37.392,3,0.2,2.337
CA-2017-127313,12/1/2017,Ralph Arnett,East,Furniture,79.12,5,0.2,13.846
CA-2016-136287,6/13/2016,Sonia Sunley,Central,Office Supplies,18.9,3,0,8.694
US-2014-107699,5/19/2014,John Huston,Central,Office Supplies,57.42,9,0,26.4132
CA-2017-112725,1/30/2017,Eugene Hildebrand,West,Office Supplies,12.74,7,0,5.733
CA-2017-112725,1/30/2017,Eugene Hildebrand,West,Office Supplies,8.82,3,0,2.3814
CA-2017-112725,1/30/2017,Eugene Hildebrand,West,Furniture,120.784,1,0.2,-13.5882
CA-2015-136196,11/28/2015,Tom Prescott,East,Furniture,322.59,3,0,64.518
CA-2017-106068,10/23/2017,Randy Bradley,Central,Office Supplies,9.762,3,0.8,-15.1311
CA-2017-106068,10/23/2017,Randy Bradley,Central,Office Supplies,13.72,1,0.2,1.2005
CA-2017-106068,10/23/2017,Randy Bradley,Central,Technology,55.2,1,0.2,-2.07
CA-2017-106068,10/23/2017,Randy Bradley,Central,Office Supplies,259.136,4,0.2,-58.3056
CA-2017-100160,9/7/2017,Cassandra Brandow,East,Office Supplies,29.24,5,0.2,9.8685
CA-2017-100160,9/7/2017,Cassandra Brandow,East,Office Supplies,15.552,3,0.2,5.4432
CA-2017-100160,9/7/2017,Cassandra Brandow,East,Office Supplies,4.896,3,0.2,1.6524
CA-2016-139689,12/29/2016,Michael Paige,South,Office Supplies,38.088,4,0.7,-27.9312
CA-2016-139689,12/29/2016,Michael Paige,South,Office Supplies,2.808,3,0.7,-1.9656
CA-2015-101091,12/5/2015,Scot Wooten,East,Technology,47.984,2,0.2,0.5998
CA-2015-101091,12/5/2015,Scot Wooten,East,Office Supplies,26.064,6,0.7,-19.9824
CA-2014-126907,11/1/2014,Suzanne McNair,Central,Office Supplies,15.696,3,0.2,5.1012
US-2016-164588,4/16/2016,Arthur Prichep,South,Office Supplies,12.84,3,0,3.7236
CA-2017-115546,5/14/2017,Amy Hunt,East,Technology,539.97,3,0,134.9925
CA-2017-115546,5/14/2017,Amy Hunt,East,Office Supplies,22.58,2,0,5.8708
CA-2015-163587,3/14/2015,Emily Phan,East,Office Supplies,16.52,4,0,7.5992
CA-2015-163587,3/14/2015,Emily Phan,East,Office Supplies,671.94,3,0,315.8118
US-2017-106131,1/14/2017,Tracy Poddar,West,Technology,169.064,7,0.2,-14.7931
US-2017-106131,1/14/2017,Tracy Poddar,West,Office Supplies,168.624,9,0.2,14.7546
CA-2015-160213,3/8/2015,Anthony Rawles,East,Office Supplies,19.44,3,0,9.3312
CA-2014-157924,10/11/2014,Helen Andreada,West,Office Supplies,31.92,4,0,8.2992
CA-2014-157924,10/11/2014,Helen Andreada,West,Furniture,433.568,2,0.2,-65.0352
CA-2015-100216,4/13/2015,Heather Jas,West,Office Supplies,31.104,6,0.2,10.8864
CA-2015-100216,4/13/2015,Heather Jas,West,Office Supplies,54.816,3,0.2,17.8152
CA-2017-100601,11/16/2017,Jay Kimmel,West,Office Supplies,48.86,7,0,0.9772
CA-2016-152163,7/1/2016,Jay Fein,South,Office Supplies,14.2,2,0,6.532
CA-2016-152163,7/1/2016,Jay Fein,South,Office Supplies,12.96,2,0,6.2208
CA-2016-152163,7/1/2016,Jay Fein,South,Office Supplies,58.34,2,0,28.0032
CA-2015-154340,11/29/2015,Eileen Kiefer,West,Office Supplies,56.3,2,0,15.764
CA-2014-128846,4/7/2014,Roland Schwarz,South,Technology,629.95,5,0,163.787
CA-2014-128846,4/7/2014,Roland Schwarz,South,Office Supplies,122.97,3,0,60.2553
CA-2016-148593,6/16/2016,Bill Donatelli,West,Office Supplies,46.35,5,0,21.7845
US-2017-119039,3/6/2017,Ben Ferrer,West,Office Supplies,14.976,9,0.2,5.4288
CA-2017-128426,10/7/2017,Joe Kamberova,Central,Office Supplies,4.24,5,0.8,-6.36
US-2017-136868,10/6/2017,Cyra Reiten,East,Technology,319.96,4,0,115.1856
US-2017-136868,10/6/2017,Cyra Reiten,East,Office Supplies,17.04,3,0,7.668
US-2017-136868,10/6/2017,Cyra Reiten,East,Office Supplies,344.91,3,0,10.3473
CA-2016-143749,12/5/2016,Aleksandra Gannaway,East,Furniture,81.94,1,0,20.485
CA-2016-111493,10/21/2016,Charles McCrossin,East,Technology,98.16,6,0,9.816
CA-2017-112536,5/18/2017,Susan Gilcrest,Central,Office Supplies,6.874,7,0.8,-10.6547
CA-2017-112536,5/18/2017,Susan Gilcrest,Central,Office Supplies,1.996,1,0.8,-3.2934
CA-2017-112536,5/18/2017,Susan Gilcrest,Central,Office Supplies,8.928,2,0.2,0.6696
CA-2016-157714,9/26/2016,Charles Sheldon,Central,Office Supplies,9.99,1,0,4.4955
CA-2017-166709,11/17/2017,Hunter Lopez,East,Technology,10499.97,3,0,5039.9856
CA-2015-129392,7/8/2015,Darrin Martin,Central,Office Supplies,21.12,5,0.2,6.6
CA-2015-150875,11/16/2015,Heather Kirkland,West,Furniture,696.42,2,0,160.1766
CA-2015-150875,11/16/2015,Heather Kirkland,West,Technology,304.776,3,0.2,22.8582
CA-2015-154200,6/18/2015,Bruce Geld,West,Office Supplies,51.98,2,0,15.0742
CA-2016-124233,4/8/2016,Clytie Kelty,West,Furniture,24.7,5,0,10.374
US-2015-134271,4/18/2015,Roland Fjeld,East,Office Supplies,21.93,3,0,10.3071
US-2016-161683,12/3/2016,Caroline Jumper,East,Office Supplies,394.816,4,0.2,93.7688
US-2016-161683,12/3/2016,Caroline Jumper,East,Office Supplies,18.192,4,0.7,-14.5536
CA-2015-143105,12/10/2015,Matt Abelman,East,Office Supplies,7.31,1,0,3.4357
CA-2015-143105,12/10/2015,Matt Abelman,East,Technology,799.984,2,0.2,249.995
CA-2015-143105,12/10/2015,Matt Abelman,East,Office Supplies,41.28,6,0,18.9888
CA-2015-143105,12/10/2015,Matt Abelman,East,Office Supplies,184.66,7,0,84.9436
CA-2014-145387,10/31/2014,Anne McFarland,East,Office Supplies,49.25,5,0,18.715
CA-2014-145387,10/31/2014,Anne McFarland,East,Office Supplies,10.16,2,0,4.7752
CA-2014-145387,10/31/2014,Anne McFarland,East,Furniture,14.76,2,0,4.2804
CA-2014-145387,10/31/2014,Anne McFarland,East,Office Supplies,34.08,2,0,15.6768
CA-2014-145387,10/31/2014,Anne McFarland,East,Furniture,17.67,3,0,7.7748
CA-2014-145387,10/31/2014,Anne McFarland,East,Furniture,1604.9,5,0,481.47
CA-2014-145387,10/31/2014,Anne McFarland,East,Furniture,385.686,1,0.3,-60.6078
CA-2017-109715,12/9/2017,Angele Hood,Central,Office Supplies,15.984,2,0.2,4.995
CA-2014-166457,5/5/2014,Peter Fuller,South,Office Supplies,9.42,3,0,4.239
CA-2014-166457,5/5/2014,Peter Fuller,South,Office Supplies,6.56,2,0,1.9024
CA-2014-166457,5/5/2014,Peter Fuller,South,Office Supplies,24.56,2,0,11.5432
CA-2016-164637,3/4/2016,Rick Duston,Central,Office Supplies,128.4,3,0,64.2
CA-2014-103590,11/30/2014,Jeremy Lonsdale,East,Office Supplies,62.28,4,0,29.2716
CA-2015-111234,2/18/2015,Ann Blume,West,Office Supplies,9.24,3,0,4.4352
CA-2017-149881,4/1/2017,Nick Crebassa,West,Furniture,482.664,8,0.15,85.176
CA-2017-149881,4/1/2017,Nick Crebassa,West,Technology,4799.984,2,0.2,359.9988
CA-2017-134565,6/11/2017,Tom Boeckenhauer,West,Office Supplies,37.94,2,0,18.2112
CA-2017-134565,6/11/2017,Tom Boeckenhauer,West,Office Supplies,18.288,6,0.2,6.6294
CA-2017-134565,6/11/2017,Tom Boeckenhauer,West,Technology,385.8,5,0.2,130.2075
CA-2017-134565,6/11/2017,Tom Boeckenhauer,West,Office Supplies,102.96,2,0,1.0296
CA-2017-134565,6/11/2017,Tom Boeckenhauer,West,Furniture,174.42,3,0,41.8608
CA-2016-108644,9/30/2016,Sarah Jordon,Central,Office Supplies,1.964,2,0.8,-3.2406
US-2014-102631,12/13/2014,Ellis Ballard,Central,Furniture,94.428,3,0.6,-42.4926
CA-2017-120327,11/11/2017,William Brown,Central,Office Supplies,45.92,4,0,21.5824
CA-2015-154970,1/5/2015,Steven Roelle,West,Furniture,61.584,1,0.2,-6.9282
CA-2016-113803,3/24/2016,Vivek Grady,Central,Office Supplies,22.48,1,0,10.3408
CA-2017-100223,7/5/2017,Linda Southworth,Central,Furniture,332.028,9,0.6,-348.6294
CA-2017-100223,7/5/2017,Linda Southworth,Central,Office Supplies,11.394,9,0.8,-17.6607
CA-2017-100223,7/5/2017,Linda Southworth,Central,Office Supplies,15.552,3,0.2,5.6376
CA-2017-100223,7/5/2017,Linda Southworth,Central,Office Supplies,31.104,6,0.2,11.2752
CA-2017-100223,7/5/2017,Linda Southworth,Central,Office Supplies,6.316,1,0.8,-10.4214
CA-2014-168823,9/21/2014,Matt Abelman,East,Office Supplies,11.352,3,0.2,4.1151
CA-2014-168823,9/21/2014,Matt Abelman,East,Office Supplies,20.808,9,0.2,7.0227
CA-2016-162404,7/23/2016,Neil Französisch,Central,Office Supplies,11.416,4,0.8,-18.8364
CA-2017-104024,8/29/2017,Michael Dominguez,East,Office Supplies,9.408,7,0.2,0.7056
CA-2017-147144,3/26/2017,Maria Zettner,West,Office Supplies,19.83,1,0,5.949
CA-2017-158673,12/29/2017,Ken Brennan,Central,Office Supplies,209.7,2,0,100.656
CA-2014-133704,9/20/2014,Michelle Arnett,West,Office Supplies,43.92,4,0,11.8584
CA-2014-133704,9/20/2014,Michelle Arnett,West,Office Supplies,20.232,3,0.2,6.5754
CA-2016-159142,4/4/2016,Maria Etezadi,South,Technology,149.97,3,0,5.9988
CA-2016-159142,4/4/2016,Maria Etezadi,South,Office Supplies,27.81,3,0,13.0707
CA-2014-138436,3/26/2014,Jonathan Doherty,West,Technology,66.3,3,0,8.619
CA-2017-117702,11/28/2017,Lindsay Shagiari,East,Office Supplies,1.64,1,0,0.738
CA-2017-117702,11/28/2017,Lindsay Shagiari,East,Furniture,1049.2,5,0,272.792
CA-2017-117702,11/28/2017,Lindsay Shagiari,East,Furniture,20.9,5,0,7.524
CA-2016-157336,12/1/2016,Shirley Jackson,East,Office Supplies,88.08,6,0,40.5168
CA-2016-157336,12/1/2016,Shirley Jackson,East,Furniture,751.92,4,0,150.384
CA-2014-168130,9/19/2014,Bill Shonely,East,Furniture,887.103,7,0.1,177.4206
CA-2015-155068,10/23/2015,Ralph Arnett,South,Technology,55.944,7,0.2,-13.2867
CA-2015-155068,10/23/2015,Ralph Arnett,South,Office Supplies,10.688,2,0.2,2.2712
CA-2015-155068,10/23/2015,Ralph Arnett,South,Technology,11.824,2,0.2,1.0346
CA-2017-163160,10/13/2017,Troy Staebel,Central,Office Supplies,63.312,3,0.2,20.5764
CA-2017-163160,10/13/2017,Troy Staebel,Central,Office Supplies,96.784,4,0.8,-145.176
CA-2017-163160,10/13/2017,Troy Staebel,Central,Furniture,10.476,3,0.6,-6.8094
CA-2015-101924,9/4/2015,Ken Black,West,Office Supplies,9.762,2,0.7,-6.8334
CA-2016-124793,3/14/2016,Muhammed MacIntyre,West,Furniture,196.784,2,0.2,-22.1382
CA-2017-118367,10/28/2017,Lori Olson,East,Office Supplies,47.98,2,0,23.99
CA-2017-164819,10/15/2017,Ricardo Sperren,East,Office Supplies,13.05,5,0,6.003
CA-2017-158344,8/7/2017,Cindy Chapman,Central,Technology,63.96,4,0,19.8276
CA-2017-123351,9/21/2017,Kean Thornton,South,Office Supplies,80.48,1,0,24.144
CA-2017-110429,11/3/2017,Darrin Martin,East,Office Supplies,11.673,3,0.7,-7.782
US-2016-131611,11/5/2016,Emily Phan,Central,Furniture,863.128,8,0.3,-160.2952
US-2016-131611,11/5/2016,Emily Phan,Central,Office Supplies,3.564,3,0.8,-6.237
US-2016-131611,11/5/2016,Emily Phan,Central,Furniture,956.6648,7,0.32,-225.0976
US-2016-131611,11/5/2016,Emily Phan,Central,Office Supplies,12.588,3,0.8,-20.1408
US-2016-131611,11/5/2016,Emily Phan,Central,Technology,171.96,5,0.2,45.1395
US-2017-124821,6/25/2017,Anne McFarland,West,Furniture,871.4,4,0,148.138
CA-2015-166975,11/26/2015,Stefanie Holloman,South,Furniture,692.472,11,0.2,190.4298
CA-2016-123806,11/24/2016,Laura Armstrong,East,Furniture,207.76,4,0,85.1816
US-2017-158505,7/21/2017,Sarah Foster,West,Technology,71.928,9,0.2,6.2937
US-2017-158505,7/21/2017,Sarah Foster,West,Office Supplies,25.99,1,0,7.5371
CA-2015-142692,10/23/2015,Andrew Gjertsen,West,Office Supplies,3.592,1,0.2,1.1225
CA-2015-123456,7/9/2015,Kean Nguyen,Central,Office Supplies,48.632,2,0.8,-121.58
CA-2017-151358,8/18/2017,Nicole Fjeld,West,Office Supplies,323.1,2,0,61.389
US-2016-107440,4/16/2016,Bill Shonely,East,Technology,9099.93,7,0,2365.9818
US-2016-107440,4/16/2016,Bill Shonely,East,Furniture,9.96,2,0,3.2868
US-2016-107440,4/16/2016,Bill Shonely,East,Office Supplies,25.3,5,0,11.891
CA-2014-166989,11/14/2014,Robert Marley,East,Office Supplies,11.36,2,0,5.2256
CA-2014-166989,11/14/2014,Robert Marley,East,Furniture,69.264,2,0.1,14.6224
CA-2014-103100,12/20/2014,Adrian Barton,Central,Office Supplies,3.69,1,0,1.7343
CA-2014-103100,12/20/2014,Adrian Barton,Central,Office Supplies,1103.97,3,0,496.7865
CA-2015-105690,11/21/2015,Carol Adams,Central,Furniture,246.1328,2,0.32,-76.0116
CA-2015-105690,11/21/2015,Carol Adams,Central,Office Supplies,11.696,2,0.2,3.9474
CA-2015-105690,11/21/2015,Carol Adams,Central,Technology,439.992,1,0.2,164.997
CA-2017-127516,12/28/2017,Erica Hernandez,South,Office Supplies,64.784,1,0.2,-12.9568
US-2015-117184,5/17/2015,Odella Nelson,Central,Office Supplies,33.28,5,0.8,-49.92
US-2015-117184,5/17/2015,Odella Nelson,Central,Office Supplies,14.088,3,0.2,4.9308
CA-2017-102407,12/9/2017,Alyssa Tate,West,Office Supplies,11.16,2,0,2.79
CA-2017-102407,12/9/2017,Alyssa Tate,West,Furniture,896.328,9,0.2,22.4082
CA-2017-102407,12/9/2017,Alyssa Tate,West,Office Supplies,189,1,0,68.04
CA-2017-130967,3/10/2017,Emily Burns,East,Technology,53.982,3,0.4,-10.7964
CA-2017-101581,10/22/2017,David Wiener,West,Furniture,177.225,5,0.5,-120.513
CA-2017-169124,7/3/2017,Maria Bertelson,West,Furniture,129.39,3,0,54.3438
CA-2017-117261,9/4/2017,Tiffany House,West,Office Supplies,54.32,4,0,0.5432
CA-2017-129021,8/23/2017,Patrick O'Brill,South,Technology,4367.896,13,0.2,327.5922
CA-2017-129021,8/23/2017,Patrick O'Brill,South,Office Supplies,49.568,2,0.2,15.49
CA-2017-129021,8/23/2017,Patrick O'Brill,South,Office Supplies,161.376,6,0.2,12.1032
CA-2017-129021,8/23/2017,Patrick O'Brill,South,Furniture,2.784,2,0.2,0.4176
CA-2017-129021,8/23/2017,Patrick O'Brill,South,Office Supplies,8.72,5,0.2,2.943
CA-2014-123253,8/22/2014,Deanra Eno,East,Office Supplies,3.912,1,0.2,1.0269
CA-2016-121601,10/4/2016,Mary O'Rourke,Central,Office Supplies,59.752,7,0.2,19.4194
CA-2014-162278,10/26/2014,Angele Hood,West,Furniture,63.92,4,0,3.196
CA-2014-162278,10/26/2014,Angele Hood,West,Technology,383.96,5,0.2,38.396
CA-2016-161095,6/28/2016,Chris Selesnick,West,Office Supplies,7.752,3,0.2,2.8101
CA-2016-161095,6/28/2016,Chris Selesnick,West,Office Supplies,33.568,2,0.2,11.7488
CA-2014-125829,11/4/2014,William Brown,West,Technology,666.344,7,0.2,66.6344
CA-2014-125829,11/4/2014,William Brown,West,Furniture,573.728,4,0.2,-64.5444
CA-2014-125829,11/4/2014,William Brown,West,Office Supplies,21.936,3,0.2,8.226
CA-2014-125829,11/4/2014,William Brown,West,Office Supplies,19.44,3,0,9.3312
CA-2014-125829,11/4/2014,William Brown,West,Technology,447.968,4,0.2,139.99
CA-2014-123127,9/8/2014,Stefania Perrino,East,Office Supplies,16.78,2,0,4.195
CA-2015-115945,6/25/2015,Alan Barnes,West,Office Supplies,20.96,2,0,5.24
CA-2015-115945,6/25/2015,Alan Barnes,West,Office Supplies,88.752,3,0.2,27.735
CA-2015-115945,6/25/2015,Alan Barnes,West,Office Supplies,304.23,3,0,9.1269
CA-2015-136735,7/26/2015,Helen Andreada,West,Office Supplies,167.86,2,0,78.8942
US-2017-136189,12/7/2017,Debra Catini,South,Furniture,82.38,6,0,25.5378
CA-2014-152345,12/29/2014,Shui Tom,West,Technology,23.976,3,0.2,-5.6943
CA-2014-152345,12/29/2014,Shui Tom,West,Office Supplies,33.29,1,0,7.9896
US-2015-147662,2/14/2015,Karl Braun,East,Office Supplies,14.952,2,0.7,-11.9616
US-2015-147662,2/14/2015,Karl Braun,East,Technology,323.982,3,0.4,-80.9955
US-2015-147662,2/14/2015,Karl Braun,East,Office Supplies,2.286,2,0.7,-1.6764
US-2015-147662,2/14/2015,Karl Braun,East,Office Supplies,14.352,3,0.2,0.897
US-2015-147662,2/14/2015,Karl Braun,East,Technology,71.976,3,0.2,0.8997
CA-2016-153346,1/25/2016,Todd Boyes,East,Office Supplies,9.21,3,0,2.3025
CA-2016-153346,1/25/2016,Todd Boyes,East,Office Supplies,18,5,0,8.28
CA-2017-118360,4/1/2017,John Castell,East,Office Supplies,42.93,9,0,19.3185
CA-2017-149853,10/3/2017,Patrick O'Brill,South,Office Supplies,15.552,3,0.2,5.4432
CA-2017-149853,10/3/2017,Patrick O'Brill,South,Office Supplies,17.92,5,0.2,1.12
CA-2017-107909,9/1/2017,Sung Shariari,West,Technology,19.99,1,0,6.7966
CA-2017-107909,9/1/2017,Sung Shariari,West,Office Supplies,22.92,5,0.2,8.022
CA-2015-112375,12/21/2015,Roger Demir,South,Technology,50.88,6,0.2,14.628
CA-2015-112375,12/21/2015,Roger Demir,South,Office Supplies,27.312,2,0.2,9.2178
CA-2015-154795,12/20/2015,Gary Zandusky,West,Office Supplies,7.92,1,0.2,2.772
CA-2015-154795,12/20/2015,Gary Zandusky,West,Furniture,14.368,2,0.2,3.9512
CA-2015-125234,11/27/2015,Steve Nguyen,West,Technology,107.97,3,0,22.6737
CA-2015-125234,11/27/2015,Steve Nguyen,West,Office Supplies,113.82,3,0,53.4954
CA-2017-133501,8/27/2017,Dana Kaydos,South,Office Supplies,5.184,1,0.2,1.8144
US-2014-129609,3/22/2014,Vivian Mathis,Central,Office Supplies,16.28,2,0,6.512
CA-2017-130309,12/17/2017,Giulietta Baptist,South,Office Supplies,544.38,3,0,157.8702
CA-2017-105410,3/19/2017,Natalie DeCherney,West,Office Supplies,19.824,6,0.2,6.6906
CA-2017-105410,3/19/2017,Natalie DeCherney,West,Technology,657.504,6,0.2,-131.5008
CA-2017-105410,3/19/2017,Natalie DeCherney,West,Technology,99.54,2,0,10.9494
CA-2017-105410,3/19/2017,Natalie DeCherney,West,Technology,199.96,4,0,85.9828
CA-2016-120355,9/18/2016,Magdelene Morse,East,Furniture,631.782,2,0.1,140.396
CA-2016-120355,9/18/2016,Magdelene Morse,East,Furniture,60.72,3,0,26.1096
CA-2017-169894,11/24/2017,Mark Van Huff,West,Office Supplies,20.724,2,0.7,-15.1976
CA-2017-169894,11/24/2017,Mark Van Huff,West,Office Supplies,415.872,8,0.2,-41.5872
US-2017-100482,4/11/2017,Jack Lebron,East,Office Supplies,16.768,2,0.2,1.4672
US-2017-100482,4/11/2017,Jack Lebron,East,Technology,27.12,2,0.2,-4.746
CA-2017-107748,12/10/2017,Alex Grayson,West,Technology,95.84,4,0.2,34.742
CA-2017-107748,12/10/2017,Alex Grayson,West,Office Supplies,12.96,2,0,6.2208
CA-2017-153654,11/24/2017,Michael Dominguez,South,Office Supplies,19.008,8,0.7,-12.672
CA-2015-155600,12/4/2015,Rose O'Brian,South,Office Supplies,1598.058,7,0.7,-1065.372
CA-2015-155600,12/4/2015,Rose O'Brian,South,Office Supplies,36.96,4,0.2,12.012
CA-2017-162565,12/11/2017,Ralph Ritter,Central,Office Supplies,10.368,2,0.2,3.6288
CA-2017-162565,12/11/2017,Ralph Ritter,Central,Furniture,77.72,1,0.6,-66.062
CA-2017-162565,12/11/2017,Ralph Ritter,Central,Furniture,520.464,2,0.3,-14.8704
CA-2016-127642,5/21/2016,Christine Phan,East,Office Supplies,111.96,2,0,54.8604
US-2017-163195,2/17/2017,Lauren Leatherbury,South,Technology,29.16,3,0,8.4564
CA-2017-111332,5/20/2017,Nat Carroll,Central,Office Supplies,131.94,3,0,35.6238
CA-2017-111332,5/20/2017,Nat Carroll,Central,Office Supplies,25.92,4,0,8.2944
CA-2017-111332,5/20/2017,Nat Carroll,Central,Office Supplies,704.76,4,0,162.0948
CA-2017-111332,5/20/2017,Nat Carroll,Central,Office Supplies,7.41,3,0,3.4827
CA-2017-111332,5/20/2017,Nat Carroll,Central,Office Supplies,21.5,10,0,7.095
CA-2017-117044,9/11/2017,Helen Andreada,Central,Office Supplies,10.528,4,0.2,3.29
CA-2017-117044,9/11/2017,Helen Andreada,Central,Office Supplies,20.544,6,0.2,6.42
US-2016-165078,11/5/2016,Michelle Arnett,Central,Office Supplies,104.9,5,0,50.352
US-2016-165078,11/5/2016,Michelle Arnett,Central,Office Supplies,39.68,2,0,16.2688
US-2016-165078,11/5/2016,Michelle Arnett,Central,Office Supplies,51.75,5,0,24.84
US-2017-169320,7/23/2017,Lena Hernandez,Central,Office Supplies,11.68,2,0,5.4896
US-2017-169320,7/23/2017,Lena Hernandez,Central,Technology,159.75,5,0,11.1825
CA-2016-158575,11/18/2016,Sean Braxton,East,Office Supplies,103.968,6,0.2,16.8948
CA-2014-166954,4/25/2014,Beth Thompson,West,Furniture,303.25,5,0,63.6825
CA-2014-166954,4/25/2014,Beth Thompson,West,Office Supplies,270.72,3,0,78.5088
CA-2014-166954,4/25/2014,Beth Thompson,West,Furniture,1487.04,5,0.2,148.704
CA-2015-140830,11/30/2015,Paul Stevenson,South,Office Supplies,17.48,2,0,8.2156
CA-2015-140830,11/30/2015,Paul Stevenson,South,Office Supplies,71.88,2,0,32.346
CA-2015-152891,10/25/2015,Trudy Brown,West,Office Supplies,60.45,3,0,16.3215
CA-2015-152891,10/25/2015,Trudy Brown,West,Furniture,253.176,3,0.2,-31.647
US-2015-122784,7/20/2015,Russell Applegate,Central,Office Supplies,2.88,5,0.8,-4.464
US-2015-122784,7/20/2015,Russell Applegate,Central,Furniture,384.944,4,0.3,-126.4816
US-2015-122784,7/20/2015,Russell Applegate,Central,Technology,153.584,2,0.2,13.4386
US-2015-122784,7/20/2015,Russell Applegate,Central,Furniture,913.43,5,0.3,-52.196
CA-2016-156811,10/27/2016,Bart Pistole,West,Office Supplies,43.92,4,0,11.8584
CA-2016-156811,10/27/2016,Bart Pistole,West,Office Supplies,25.032,3,0.2,7.8225
CA-2017-111556,11/20/2017,Carlos Daly,East,Office Supplies,46.76,7,0,22.4448
CA-2017-111556,11/20/2017,Carlos Daly,East,Furniture,183.968,2,0.2,-25.2956
CA-2017-111556,11/20/2017,Carlos Daly,East,Technology,1259.97,3,0,327.5922
CA-2017-111556,11/20/2017,Carlos Daly,East,Office Supplies,68.97,3,0,19.3116
CA-2016-108868,9/8/2016,Ken Black,Central,Office Supplies,70.368,2,0.2,6.1572
CA-2016-108868,9/8/2016,Ken Black,Central,Technology,59.96,5,0.2,21.7355
CA-2014-142965,7/20/2014,Scot Wooten,East,Office Supplies,25.984,1,0.2,-5.1968
CA-2014-142965,7/20/2014,Scot Wooten,East,Office Supplies,27.36,3,0.7,-21.888
CA-2016-148740,11/15/2016,Anna Häberlin,West,Technology,361.376,2,0.2,27.1032
US-2014-138758,7/7/2014,John Lee,East,Furniture,172.186,2,0.3,-46.7362
US-2014-138758,7/7/2014,John Lee,East,Furniture,69.008,2,0.2,12.0764
CA-2016-131737,3/17/2016,Gary Zandusky,East,Office Supplies,199.9,5,0,89.955
CA-2016-131737,3/17/2016,Gary Zandusky,East,Office Supplies,901.95,3,0,297.6435
CA-2016-131737,3/17/2016,Gary Zandusky,East,Furniture,971.5,5,0,252.59
CA-2016-114538,12/26/2016,Roy Collins,West,Office Supplies,11.328,2,0.2,2.5488
CA-2014-127936,9/2/2014,Clay Ludtke,East,Office Supplies,21.24,3,0,8.0712
CA-2015-164336,7/5/2015,Mitch Webber,East,Technology,34.8,3,0.2,2.175
CA-2015-164336,7/5/2015,Mitch Webber,East,Office Supplies,38.976,3,0.2,-2.436
CA-2016-100041,11/20/2016,Barbara Fisher,Central,Office Supplies,9.08,2,0,4.086
CA-2016-100041,11/20/2016,Barbara Fisher,Central,Office Supplies,314.55,3,0,150.984
CA-2016-100041,11/20/2016,Barbara Fisher,Central,Office Supplies,4.91,1,0,2.3077
US-2014-154879,5/6/2014,Steve Nguyen,West,Office Supplies,5.78,2,0,2.7166
US-2014-154879,5/6/2014,Steve Nguyen,West,Office Supplies,107.94,6,0,30.2232
CA-2014-130624,6/21/2014,Toby Braunhardt,East,Office Supplies,19.65,3,0,9.039
CA-2014-130624,6/21/2014,Toby Braunhardt,East,Technology,617.97,3,0,160.6722
CA-2014-130624,6/21/2014,Toby Braunhardt,East,Office Supplies,59.7,3,0,26.865
CA-2017-132339,8/19/2017,Jennifer Braxton,East,Office Supplies,387.99,1,0,182.3553
CA-2014-153983,11/29/2014,Alan Hwang,West,Technology,575.92,2,0.2,71.99
CA-2014-153983,11/29/2014,Alan Hwang,West,Office Supplies,30.4,5,0,15.2
CA-2017-112900,4/9/2017,Ken Lonsdale,Central,Office Supplies,478.24,8,0,219.9904
CA-2014-160157,12/20/2014,Mark Hamilton,East,Furniture,190.848,3,0.2,-21.4704
CA-2014-139633,12/17/2014,Erin Creighton,East,Office Supplies,5.484,4,0.7,-4.0216
CA-2015-163090,11/17/2015,Greg Hansen,Central,Office Supplies,40.92,5,0.2,3.069
CA-2014-117016,3/4/2014,Sanjit Chand,South,Office Supplies,15.552,3,0.2,2.3328
CA-2017-159464,5/18/2017,Todd Boyes,South,Office Supplies,17.24,2,0,4.4824
CA-2017-159464,5/18/2017,Todd Boyes,South,Furniture,302.94,3,0,75.735
CA-2017-159464,5/18/2017,Todd Boyes,South,Technology,34.75,5,0,15.6375
CA-2017-159464,5/18/2017,Todd Boyes,South,Office Supplies,113.94,6,0,54.6912
CA-2017-159464,5/18/2017,Todd Boyes,South,Technology,55.98,2,0,15.6744
US-2017-103226,9/22/2017,David Wiener,West,Office Supplies,27.18,3,0,12.231
CA-2017-119452,3/21/2017,Clay Ludtke,Central,Furniture,1805.88,6,0,523.7052
CA-2017-147725,9/14/2017,Liz Thompson,East,Office Supplies,70.95,3,0,18.447
CA-2016-168893,11/3/2016,Arthur Prichep,South,Office Supplies,20,4,0,9.6
CA-2016-168893,11/3/2016,Arthur Prichep,South,Office Supplies,7.98,3,0,2.0748
CA-2016-168893,11/3/2016,Arthur Prichep,South,Furniture,24.1,5,0,9.158
CA-2016-168893,11/3/2016,Arthur Prichep,South,Office Supplies,8.75,1,0,2.625
CA-2016-168893,11/3/2016,Arthur Prichep,South,Furniture,842.94,3,0,160.1586
CA-2016-163398,5/3/2016,Christy Brittain,Central,Office Supplies,2.182,1,0.8,-3.6003
CA-2016-163398,5/3/2016,Christy Brittain,Central,Office Supplies,27.384,7,0.2,2.7384
CA-2016-163398,5/3/2016,Christy Brittain,Central,Office Supplies,26.406,3,0.8,-71.2962
CA-2016-162726,12/27/2016,Meg Tillman,Central,Office Supplies,10.368,2,0.2,3.6288
CA-2016-162726,12/27/2016,Meg Tillman,Central,Office Supplies,23.68,4,0.2,7.4
US-2016-111290,7/22/2016,Dennis Kane,Central,Technology,109.95,1,0,36.2835
US-2016-111290,7/22/2016,Dennis Kane,Central,Office Supplies,965.85,5,0,135.219
US-2016-111290,7/22/2016,Dennis Kane,Central,Office Supplies,29.2,5,0,10.512
US-2016-111290,7/22/2016,Dennis Kane,Central,Office Supplies,32.4,5,0,15.552
US-2014-147704,11/16/2014,Steven Roelle,Central,Office Supplies,78.35,5,0,36.8245
US-2014-147704,11/16/2014,Steven Roelle,Central,Office Supplies,31.68,6,0,14.256
US-2014-147704,11/16/2014,Steven Roelle,Central,Office Supplies,29.12,4,0,14.2688
US-2014-147704,11/16/2014,Steven Roelle,Central,Office Supplies,169.45,5,0,42.3625
CA-2015-121965,6/19/2015,Logan Haushalter,West,Furniture,12.56,2,0,4.0192
CA-2015-121965,6/19/2015,Logan Haushalter,West,Office Supplies,6.48,1,0,3.1104
CA-2015-121965,6/19/2015,Logan Haushalter,West,Office Supplies,186.69,3,0,87.7443
CA-2016-147137,7/4/2016,Anna Andreadi,West,Furniture,25.4,5,0,8.636
CA-2016-147137,7/4/2016,Anna Andreadi,West,Office Supplies,43.96,2,0,20.6612
CA-2016-147137,7/4/2016,Anna Andreadi,West,Furniture,1279.165,5,0.15,225.735
CA-2016-147137,7/4/2016,Anna Andreadi,West,Office Supplies,27.92,4,0,0.5584
US-2015-146745,9/3/2015,Ann Steele,West,Furniture,129.568,2,0.2,-12.9568
US-2015-146745,9/3/2015,Ann Steele,West,Office Supplies,6.368,2,0.2,2.1492
CA-2017-115175,8/7/2017,Matt Collins,West,Office Supplies,244.55,5,0,114.9385
CA-2017-105851,3/13/2017,Sanjit Engle,West,Office Supplies,1332.496,2,0.2,-299.8116
US-2017-125717,9/28/2017,Darrin Sayre,West,Furniture,32.776,1,0.2,3.2776
US-2017-125717,9/28/2017,Darrin Sayre,West,Office Supplies,147.184,2,0.2,-29.4368
US-2017-125717,9/28/2017,Darrin Sayre,West,Technology,54.384,2,0.2,1.3596
US-2017-125717,9/28/2017,Darrin Sayre,West,Office Supplies,76.776,4,0.7,-58.8616
US-2017-125717,9/28/2017,Darrin Sayre,West,Office Supplies,14.352,3,0.2,5.2026
US-2017-125717,9/28/2017,Darrin Sayre,West,Office Supplies,209.792,2,0.2,26.224
CA-2015-163895,8/7/2015,Noel Staavos,West,Office Supplies,3.304,1,0.2,1.1151
CA-2017-168641,11/24/2017,Kelly Andreada,East,Office Supplies,16.38,9,0,7.371
CA-2017-168641,11/24/2017,Kelly Andreada,East,Office Supplies,167.96,2,0,78.9412
CA-2017-168641,11/24/2017,Kelly Andreada,East,Furniture,321.568,2,0.2,-16.0784
CA-2017-168641,11/24/2017,Kelly Andreada,East,Office Supplies,12.96,2,0,6.2208
CA-2017-156895,5/8/2017,Don Jones,East,Furniture,128.058,3,0.3,-23.7822
CA-2017-121300,9/29/2017,Maureen Gastineau,East,Furniture,63.686,1,0.3,-15.4666
CA-2017-121300,9/29/2017,Maureen Gastineau,East,Technology,239.976,3,0.2,65.9934
CA-2017-121300,9/29/2017,Maureen Gastineau,East,Furniture,344.22,2,0.4,-189.321
CA-2017-121300,9/29/2017,Maureen Gastineau,East,Office Supplies,15.552,3,0.2,5.4432
CA-2017-121300,9/29/2017,Maureen Gastineau,East,Furniture,21.248,4,0.2,7.4368
CA-2017-121300,9/29/2017,Maureen Gastineau,East,Office Supplies,8.448,2,0.2,2.64
CA-2017-130211,10/22/2017,Brian DeCherney,Central,Office Supplies,333.09,3,0,23.3163
CA-2017-130211,10/22/2017,Brian DeCherney,Central,Furniture,248.98,2,0,54.7756
CA-2014-147235,3/24/2014,Carlos Daly,East,Office Supplies,24.9,5,0,11.703
CA-2016-109365,11/3/2016,Xylona Preis,West,Office Supplies,15.26,7,0,5.0358
CA-2016-109365,11/3/2016,Xylona Preis,West,Office Supplies,43.32,2,0,14.2956
CA-2016-109365,11/3/2016,Xylona Preis,West,Office Supplies,43.584,12,0.2,15.7992
CA-2016-109365,11/3/2016,Xylona Preis,West,Office Supplies,116.28,3,0,56.9772
CA-2016-109365,11/3/2016,Xylona Preis,West,Office Supplies,9.296,2,0.2,3.0212
CA-2016-109365,11/3/2016,Xylona Preis,West,Office Supplies,19.44,3,0,9.3312
CA-2016-109365,11/3/2016,Xylona Preis,West,Office Supplies,314.55,3,0,150.984
CA-2015-162621,9/5/2015,Cathy Armstrong,Central,Office Supplies,16.27,5,0.8,-25.2185
CA-2015-162621,9/5/2015,Cathy Armstrong,Central,Office Supplies,69.12,9,0.2,-14.688
CA-2015-162621,9/5/2015,Cathy Armstrong,Central,Office Supplies,4.47,3,0.8,-7.8225
CA-2017-105921,8/14/2017,Janet Martin,West,Furniture,418.296,3,0.2,5.2287
CA-2014-150798,12/1/2014,Joe Kamberova,East,Technology,659.988,2,0.4,109.998
CA-2014-150798,12/1/2014,Joe Kamberova,East,Furniture,8.128,2,0.2,1.4224
CA-2014-150798,12/1/2014,Joe Kamberova,East,Office Supplies,36.288,7,0.2,12.7008
CA-2014-150798,12/1/2014,Joe Kamberova,East,Furniture,909.72,6,0.3,-51.984
CA-2017-112753,6/18/2017,Craig Carreira,West,Furniture,917.9235,9,0.15,75.5937
CA-2017-112753,6/18/2017,Craig Carreira,West,Office Supplies,38.88,6,0,19.0512
CA-2017-155075,12/2/2017,Giulietta Weimer,East,Office Supplies,631.176,4,0.7,-462.8624
CA-2014-103401,11/21/2014,Georgia Rosenberg,West,Office Supplies,12.96,2,0,6.2208
CA-2016-124814,4/10/2016,Filia McAdams,West,Office Supplies,12.96,2,0,6.2208
CA-2016-124814,4/10/2016,Filia McAdams,West,Office Supplies,23.2,5,0.2,8.12
CA-2014-116757,6/30/2014,Michael Stewart,Central,Office Supplies,25.92,5,0.2,9.072
CA-2014-116757,6/30/2014,Michael Stewart,Central,Office Supplies,21.312,6,0.2,7.1928
US-2014-138247,12/24/2014,Ben Ferrer,West,Technology,173.656,7,0.2,17.3656
US-2014-138247,12/24/2014,Ben Ferrer,West,Office Supplies,361.96,2,0,101.3488
US-2014-138247,12/24/2014,Ben Ferrer,West,Technology,62.85,3,0,13.1985
US-2014-138247,12/24/2014,Ben Ferrer,West,Technology,818.376,3,0.2,51.1485
US-2014-138247,12/24/2014,Ben Ferrer,West,Office Supplies,20.34,1,0,0.2034
US-2014-138247,12/24/2014,Ben Ferrer,West,Furniture,23.99,1,0,5.5177
CA-2017-167003,5/23/2017,Vivek Sundaresam,West,Furniture,171.288,3,0.2,-6.4233
CA-2016-119935,11/10/2016,Kalyca Meade,Central,Furniture,37.3,2,0,17.158
CA-2016-119935,11/10/2016,Kalyca Meade,Central,Office Supplies,81.96,2,0,39.3408
CA-2016-118969,10/2/2016,Liz Preis,West,Office Supplies,54.792,6,0.7,-40.1808
CA-2016-145240,9/6/2016,Bruce Geld,Central,Office Supplies,10.784,1,0.2,0.8088
CA-2016-120873,10/27/2016,Ben Wallace,South,Furniture,290.98,1,0,75.6548
US-2017-111920,10/22/2017,Paul Stevenson,Central,Office Supplies,36.44,4,0,12.0252
US-2016-128678,9/15/2016,Rob Beeghly,West,Office Supplies,21.4,5,0,10.058
US-2016-128678,9/15/2016,Rob Beeghly,West,Office Supplies,48.664,7,0.2,15.8158
CA-2016-101385,9/25/2016,Julia West,West,Office Supplies,16.56,4,0,6.9552
CA-2017-107167,6/10/2017,Neil Ducich,South,Office Supplies,1347.52,8,0.2,84.22
CA-2014-109491,2/20/2014,Linda Cazamias,Central,Technology,62.31,3,0,22.4316
CA-2014-109491,2/20/2014,Linda Cazamias,Central,Furniture,20.32,4,0,6.9088
CA-2017-105445,2/20/2017,Bart Pistole,West,Office Supplies,9.432,3,0.2,3.0654
CA-2014-107454,11/2/2014,Roger Demir,East,Office Supplies,34.86,7,0,16.0356
CA-2014-107454,11/2/2014,Roger Demir,East,Furniture,89.34,6,0,24.1218
US-2017-105046,7/17/2017,Bill Eplett,East,Technology,269.98,2,0,67.495
US-2017-105046,7/17/2017,Bill Eplett,East,Office Supplies,99.9,5,0,47.952
US-2017-105046,7/17/2017,Bill Eplett,East,Furniture,39.08,4,0,14.4596
CA-2017-152856,9/8/2017,Roland Schwarz,East,Technology,116.832,4,0.2,33.5892
CA-2016-134691,11/14/2016,Kelly Collister,Central,Office Supplies,2.296,2,0.8,-3.9032
CA-2016-118759,11/14/2016,Maria Bertelson,East,Furniture,408.006,2,0.1,72.5344
CA-2016-118759,11/14/2016,Maria Bertelson,East,Office Supplies,40.44,3,0,10.5144
CA-2014-140403,10/10/2014,Tanja Norvell,West,Furniture,122.352,3,0.2,13.7646
CA-2014-140403,10/10/2014,Tanja Norvell,West,Office Supplies,15.28,2,0,7.4872
CA-2015-163104,3/19/2015,Mike Caudle,West,Office Supplies,11.96,2,0,5.8604
CA-2017-138464,7/8/2017,Vicky Freymann,West,Furniture,15.84,3,0,4.9104
CA-2017-138464,7/8/2017,Vicky Freymann,West,Office Supplies,86.376,3,0.2,30.2316
CA-2017-138464,7/8/2017,Vicky Freymann,West,Office Supplies,18.24,3,0,6.2016
CA-2017-138464,7/8/2017,Vicky Freymann,West,Office Supplies,13.12,4,0,4.3296
CA-2015-104129,2/27/2015,Erin Smith,East,Technology,105.98,2,0,1.0598
CA-2015-104129,2/27/2015,Erin Smith,East,Furniture,493.92,7,0.3,-28.224
US-2017-132206,6/16/2017,Michael Kennedy,Central,Office Supplies,5.936,7,0.8,-8.904
CA-2017-113474,3/30/2017,Tony Molinari,Central,Office Supplies,325.86,2,0,149.8956
CA-2015-126557,7/12/2015,Rob Lucas,Central,Furniture,383.607,9,0.3,-5.4801
CA-2015-126557,7/12/2015,Rob Lucas,Central,Technology,148.48,2,0.2,16.704
CA-2015-126557,7/12/2015,Rob Lucas,Central,Technology,537.544,7,0.2,53.7544
CA-2015-126557,7/12/2015,Rob Lucas,Central,Office Supplies,1.928,2,0.8,-2.9884
CA-2015-126557,7/12/2015,Rob Lucas,Central,Office Supplies,6.912,3,0.2,0.6912
CA-2015-126557,7/12/2015,Rob Lucas,Central,Furniture,7.76,1,0.6,-2.134
CA-2015-126557,7/12/2015,Rob Lucas,Central,Technology,659.168,4,0.2,49.4376
US-2017-107636,4/30/2017,Neoma Murray,East,Office Supplies,5.76,2,0,2.8224
US-2014-165862,7/13/2014,Grace Kelly,West,Furniture,351.216,3,0.2,4.3902
US-2014-106334,12/27/2014,Jeremy Farry,West,Furniture,230.28,3,0.2,23.028
US-2014-106334,12/27/2014,Jeremy Farry,West,Office Supplies,12.84,3,0,5.778
CA-2016-101448,2/27/2016,Eric Barreto,Central,Office Supplies,56.82,3,0,28.41
CA-2015-130218,3/23/2015,Sheri Gordon,South,Office Supplies,31.56,4,0,14.202
CA-2015-130218,3/23/2015,Sheri Gordon,South,Office Supplies,27.92,4,0,0.5584
US-2017-117331,10/21/2017,Natalie DeCherney,West,Office Supplies,8.559,1,0.7,-6.5619
CA-2014-127383,12/31/2014,Candace McMahon,Central,Office Supplies,49.568,2,0.2,17.9684
CA-2014-110219,5/5/2014,Emily Burns,Central,Furniture,127.869,3,0.3,-9.1335
CA-2015-118871,12/4/2015,Harry Marie,West,Office Supplies,271.44,3,0,122.148
CA-2015-118871,12/4/2015,Harry Marie,West,Technology,110.352,3,0.2,8.2764
CA-2015-118871,12/4/2015,Harry Marie,West,Furniture,36.4,5,0,13.832
CA-2017-129490,9/26/2017,Sanjit Jacobs,South,Furniture,419.136,4,0.2,-57.6312
CA-2014-101175,12/9/2014,Dario Medina,West,Office Supplies,100.704,6,0.2,-1.2588
US-2017-149510,12/3/2017,Matt Collins,South,Office Supplies,45.216,3,0.2,4.5216
US-2017-149510,12/3/2017,Matt Collins,South,Office Supplies,28.782,6,0.7,-21.1068
US-2017-149510,12/3/2017,Matt Collins,South,Office Supplies,24.448,4,0.2,8.8624
CA-2015-111990,11/8/2015,Duane Benoit,Central,Office Supplies,10.476,6,0.8,-17.2854
CA-2014-169460,4/19/2014,Nicole Fjeld,West,Furniture,76.14,3,0,26.649
US-2015-152128,5/25/2015,Nathan Mautz,Central,Office Supplies,21.24,3,0,8.0712
US-2015-152128,5/25/2015,Nathan Mautz,Central,Office Supplies,127.96,2,0,60.1412
CA-2017-126662,7/17/2017,Alejandro Ballentine,West,Technology,479.984,2,0.2,89.997
CA-2016-139395,12/12/2016,Matthew Grinstein,Central,Technology,657.93,7,0,184.2204
CA-2016-139395,12/12/2016,Matthew Grinstein,Central,Furniture,33.48,4,0,8.7048
CA-2016-139395,12/12/2016,Matthew Grinstein,Central,Office Supplies,13.9,5,0,3.614
CA-2016-139395,12/12/2016,Matthew Grinstein,Central,Office Supplies,26.86,2,0,6.715
US-2014-121734,4/11/2014,Sanjit Engle,West,Office Supplies,9.584,1,0.2,3.3544
CA-2015-110947,6/9/2015,Anthony Garverick,South,Office Supplies,113.1,3,0,56.55
US-2014-150126,7/27/2014,Aaron Smayling,East,Office Supplies,65.78,11,0,32.2322
CA-2015-164427,7/31/2015,Allen Rosenblatt,South,Technology,239.7,6,0,105.468
CA-2016-120250,9/19/2016,Anne Pryor,East,Furniture,25.632,3,0.2,3.8448
CA-2016-121993,6/10/2016,Joy Bell-,East,Office Supplies,23.616,8,0.2,7.9704
US-2016-100405,8/26/2016,Tom Stivers,West,Office Supplies,8.26,2,0,3.7996
US-2017-163790,11/2/2017,Nancy Lomonaco,West,Office Supplies,76.58,7,0,38.29
US-2017-163790,11/2/2017,Nancy Lomonaco,West,Office Supplies,8.8,5,0,4.224
US-2017-163790,11/2/2017,Nancy Lomonaco,West,Office Supplies,590.352,6,0.2,206.6232
US-2017-163790,11/2/2017,Nancy Lomonaco,West,Office Supplies,5.58,3,0,0.1674
US-2017-163790,11/2/2017,Nancy Lomonaco,West,Furniture,25.02,3,0,10.5084
US-2017-163790,11/2/2017,Nancy Lomonaco,West,Office Supplies,452.55,7,0,22.6275
CA-2016-129868,12/26/2016,Mike Caudle,West,Office Supplies,17.76,2,0,4.9728
CA-2016-129868,12/26/2016,Mike Caudle,West,Technology,302.384,2,0.2,30.2384
CA-2016-129868,12/26/2016,Mike Caudle,West,Furniture,146.352,3,0.2,-5.4882
CA-2016-129868,12/26/2016,Mike Caudle,West,Office Supplies,7.9,2,0,2.054
CA-2016-129868,12/26/2016,Mike Caudle,West,Furniture,902.712,3,0.2,33.8517
CA-2016-129868,12/26/2016,Mike Caudle,West,Office Supplies,53.97,3,0,15.1116
CA-2016-140564,12/5/2016,Tony Chapman,East,Office Supplies,33.92,8,0,13.2288
US-2017-169502,8/28/2017,Matthew Grinstein,Central,Office Supplies,21.81,3,0,5.8887
US-2017-169502,8/28/2017,Matthew Grinstein,Central,Office Supplies,91.6,5,0,26.564
CA-2015-146948,7/16/2015,Michael Granlund,East,Furniture,150.98,1,0,43.7842
CA-2015-146948,7/16/2015,Michael Granlund,East,Office Supplies,137.25,9,0,63.135
CA-2015-146948,7/16/2015,Michael Granlund,East,Office Supplies,11.52,4,0,5.4144
US-2015-113327,5/26/2015,Ben Ferrer,South,Office Supplies,18.272,1,0.2,5.9384
US-2015-113327,5/26/2015,Ben Ferrer,South,Office Supplies,153.728,4,0.2,53.8048
US-2015-113327,5/26/2015,Ben Ferrer,South,Office Supplies,12.224,2,0.2,4.4312
US-2015-113327,5/26/2015,Ben Ferrer,South,Technology,167.944,7,0.2,50.3832
CA-2015-135020,5/28/2015,Maxwell Schwartz,East,Technology,45.99,1,0,13.3371
CA-2015-135020,5/28/2015,Maxwell Schwartz,East,Office Supplies,535.41,3,0,160.623
CA-2015-135020,5/28/2015,Maxwell Schwartz,East,Office Supplies,6.096,2,0.2,2.0574
CA-2015-135020,5/28/2015,Maxwell Schwartz,East,Office Supplies,45.36,7,0,21.7728
US-2017-141852,11/9/2017,Joel Eaton,West,Furniture,47.12,8,0,20.7328
CA-2016-109407,1/24/2016,Henry Goldwyn,South,Office Supplies,31.36,4,0,15.68
US-2017-165953,12/31/2016,Emily Phan,South,Office Supplies,47.616,3,0.2,3.5712
US-2017-165953,12/31/2016,Emily Phan,South,Office Supplies,23.48,5,0.2,8.218
CA-2016-144540,9/5/2016,Gary Hansen,Central,Office Supplies,62.79,3,0.8,-166.3935
CA-2016-144540,9/5/2016,Gary Hansen,Central,Office Supplies,28.44,9,0.2,4.266
CA-2015-159863,9/4/2015,David Smith,Central,Technology,134.376,3,0.2,6.7188
CA-2015-117800,9/21/2015,Tracy Hopkins,East,Technology,589.9,2,0,147.475
CA-2015-117800,9/21/2015,Tracy Hopkins,East,Furniture,542.94,3,0,141.1644
CA-2017-145219,12/24/2017,Robert Marley,West,Technology,2879.952,6,0.2,1007.9832
CA-2017-145219,12/24/2017,Robert Marley,West,Office Supplies,90.48,3,0.2,33.93
CA-2015-161214,10/5/2015,Sylvia Foulston,East,Office Supplies,77.55,5,0,21.714
CA-2017-147228,9/9/2017,Sean O'Donnell,South,Office Supplies,8.832,3,0.2,-1.9872
CA-2017-147228,9/9/2017,Sean O'Donnell,South,Office Supplies,177.536,4,0.2,62.1376
CA-2017-147228,9/9/2017,Sean O'Donnell,South,Office Supplies,258.48,2,0.2,-3.231
CA-2017-147228,9/9/2017,Sean O'Donnell,South,Furniture,14.136,3,0.2,4.2408
CA-2016-101336,11/13/2016,Cyma Kinney,East,Office Supplies,77.55,5,0,20.163
CA-2016-101336,11/13/2016,Cyma Kinney,East,Office Supplies,24.88,2,0,6.9664
CA-2016-101336,11/13/2016,Cyma Kinney,East,Office Supplies,140.75,5,0,39.41
CA-2016-101336,11/13/2016,Cyma Kinney,East,Office Supplies,36.63,3,0,9.8901
US-2015-126235,10/15/2015,Guy Armstrong,Central,Furniture,17.14,2,0,6.1704
CA-2017-168396,8/3/2017,Bruce Degenhardt,West,Office Supplies,51.75,5,0,24.84
CA-2017-168396,8/3/2017,Bruce Degenhardt,West,Furniture,123.96,3,0,11.1564
CA-2015-130456,8/21/2015,David Smith,West,Furniture,586.398,6,0.15,34.494
CA-2015-130456,8/21/2015,David Smith,West,Office Supplies,80.98,1,0,3.2392
CA-2017-116288,3/12/2017,Bill Stewart,West,Office Supplies,242.94,3,0,9.7176
CA-2017-168228,4/27/2017,Arthur Prichep,West,Office Supplies,123.92,4,0,33.4584
CA-2017-168228,4/27/2017,Arthur Prichep,West,Office Supplies,12.39,3,0,5.6994
CA-2017-168228,4/27/2017,Arthur Prichep,West,Office Supplies,47.3,2,0,12.298
CA-2016-102162,9/11/2016,Jill Fjeld,South,Technology,1599.92,8,0,751.9624
CA-2016-102162,9/11/2016,Jill Fjeld,South,Office Supplies,11.09,1,0,5.4341
CA-2017-130141,10/22/2017,Helen Abelman,West,Office Supplies,3.168,4,0.7,-2.5344
CA-2017-130141,10/22/2017,Helen Abelman,West,Furniture,579.136,4,0.2,-28.9568
CA-2015-147501,8/2/2015,Corey-Lock,West,Office Supplies,6.368,2,0.2,2.1492
CA-2015-147501,8/2/2015,Corey-Lock,West,Technology,558.4,2,0.2,41.88
CA-2016-143910,8/12/2016,Becky Castell,East,Furniture,145.764,2,0.1,-8.098
CA-2014-146885,5/30/2014,Ellis Ballard,South,Office Supplies,13.62,3,0,6.129
CA-2016-139556,4/26/2016,Dennis Bolton,East,Furniture,434.646,3,0.1,62.7822
CA-2017-129357,5/14/2017,Ken Black,West,Office Supplies,440.19,9,0,206.8893
CA-2017-129357,5/14/2017,Ken Black,West,Office Supplies,64.4,5,0,1.932
CA-2017-150987,4/8/2017,Adrian Hane,West,Office Supplies,244.55,5,0,114.9385
CA-2017-150987,4/8/2017,Adrian Hane,West,Office Supplies,195.76,4,0,97.88
CA-2017-132647,2/17/2017,Gary Hansen,East,Office Supplies,11.76,2,0,5.7624
CA-2017-132647,2/17/2017,Gary Hansen,East,Office Supplies,166.45,5,0,39.948
CA-2017-159107,6/24/2017,Kean Thornton,West,Office Supplies,2.88,1,0,1.3536
CA-2014-160738,5/5/2014,Katharine Harms,Central,Office Supplies,45.248,2,0.2,3.9592
CA-2015-112130,5/3/2015,Stewart Visinsky,East,Office Supplies,59.904,2,0.2,14.2272
CA-2015-112130,5/3/2015,Stewart Visinsky,East,Office Supplies,23.696,2,0.2,6.5164
CA-2015-112130,5/3/2015,Stewart Visinsky,East,Office Supplies,7.968,2,0.2,2.8884
CA-2015-112130,5/3/2015,Stewart Visinsky,East,Office Supplies,18.2,7,0.2,2.0475
CA-2015-112130,5/3/2015,Stewart Visinsky,East,Technology,27.552,3,0.2,-0.3444
CA-2015-112130,5/3/2015,Stewart Visinsky,East,Furniture,844.116,6,0.3,-36.1764
CA-2015-112130,5/3/2015,Stewart Visinsky,East,Office Supplies,76.752,3,0.2,-9.594
CA-2016-111409,9/18/2016,Patrick O'Brill,South,Office Supplies,3,1,0.2,1.05
CA-2016-116232,9/22/2016,Amy Cox,South,Office Supplies,7.506,9,0.7,-6.0048
CA-2016-116232,9/22/2016,Amy Cox,South,Office Supplies,16.56,2,0.2,5.796
CA-2016-116547,1/10/2016,Ken Black,West,Furniture,79.92,4,0,34.3656
CA-2016-116547,1/10/2016,Ken Black,West,Technology,69.98,2,0,13.2962
US-2017-133200,5/6/2017,Dorothy Badders,Central,Office Supplies,11.06,10,0.8,-18.802
US-2017-133200,5/6/2017,Dorothy Badders,Central,Furniture,623.4648,7,0.32,-119.1918
US-2017-133200,5/6/2017,Dorothy Badders,Central,Office Supplies,772.68,5,0.2,-57.951
CA-2016-133550,7/31/2016,Ken Lonsdale,Central,Office Supplies,283.14,4,0.1,72.358
CA-2016-133550,7/31/2016,Ken Lonsdale,Central,Technology,635.96,4,0,165.3496
CA-2016-133550,7/31/2016,Ken Lonsdale,Central,Technology,118.99,1,0,33.3172
CA-2016-133550,7/31/2016,Ken Lonsdale,Central,Furniture,272.94,3,0,30.0234
CA-2017-139416,3/27/2017,Alejandro Grove,East,Furniture,15.008,2,0.2,1.5008
CA-2014-114510,3/14/2014,Jason Fortune-,West,Office Supplies,33.088,4,0.2,11.1672
CA-2014-114510,3/14/2014,Jason Fortune-,West,Office Supplies,80.98,1,0,3.2392
CA-2014-114510,3/14/2014,Jason Fortune-,West,Technology,82.8,12,0,6.624
CA-2014-114510,3/14/2014,Jason Fortune-,West,Office Supplies,21.36,2,0,5.7672
CA-2014-114510,3/14/2014,Jason Fortune-,West,Office Supplies,62.048,2,0.2,20.1656
CA-2016-169215,7/14/2016,Richard Eichhorn,East,Office Supplies,29.61,9,0,13.3245
CA-2016-127698,12/1/2016,Mike Vittorini,South,Technology,863.928,9,0.2,86.3928
CA-2016-159912,8/29/2016,George Bell,East,Furniture,241.92,4,0.4,-56.448
CA-2016-159912,8/29/2016,George Bell,East,Furniture,163.88,4,0.5,-81.94
CA-2016-159912,8/29/2016,George Bell,East,Office Supplies,3.486,2,0.7,-2.7888
CA-2016-159912,8/29/2016,George Bell,East,Office Supplies,10.584,7,0.2,-2.3814
CA-2016-101987,6/24/2016,Hunter Lopez,Central,Technology,440.91,9,0,123.4548
US-2017-154851,3/30/2017,Becky Pak,East,Office Supplies,5.715,5,0.7,-4.7625
CA-2014-138681,12/20/2014,Carol Triggs,West,Furniture,51.968,2,0.2,10.3936
CA-2014-138681,12/20/2014,Carol Triggs,West,Technology,71.976,3,0.2,21.5928
CA-2014-138681,12/20/2014,Carol Triggs,West,Furniture,242.352,3,0.2,-42.4116
CA-2014-138681,12/20/2014,Carol Triggs,West,Office Supplies,221.92,5,0.2,77.672
CA-2014-138681,12/20/2014,Carol Triggs,West,Office Supplies,8.448,2,0.2,2.64
US-2015-138121,12/17/2015,John Lee,Central,Office Supplies,29.52,4,0,14.4648
US-2015-138121,12/17/2015,John Lee,Central,Furniture,302.94,3,0,48.4704
US-2015-138121,12/17/2015,John Lee,Central,Furniture,142.36,2,0,38.4372
US-2015-138121,12/17/2015,John Lee,Central,Furniture,546.66,9,0,136.665
US-2015-138121,12/17/2015,John Lee,Central,Furniture,212.13,3,0,14.8491
CA-2017-140298,5/11/2017,Julie Kriz,Central,Office Supplies,5.248,2,0.2,0.5904
CA-2017-140298,5/11/2017,Julie Kriz,Central,Office Supplies,74.416,2,0.2,-14.8832
CA-2017-140298,5/11/2017,Julie Kriz,Central,Office Supplies,6.848,2,0.2,2.14
CA-2017-140298,5/11/2017,Julie Kriz,Central,Furniture,7.996,1,0.6,-6.9965
CA-2016-166240,6/24/2016,Dave Hallsten,Central,Office Supplies,8.712,2,0.8,-19.602
CA-2016-158435,5/17/2016,Arthur Gainer,East,Office Supplies,65.17,7,0,18.8993
CA-2016-158435,5/17/2016,Arthur Gainer,East,Office Supplies,14.62,2,0,6.8714
CA-2016-158435,5/17/2016,Arthur Gainer,East,Furniture,173.24,4,0,17.324
CA-2017-138149,6/29/2017,William Brown,West,Office Supplies,895.92,5,0.2,302.373
CA-2017-138149,6/29/2017,William Brown,West,Office Supplies,130.71,3,0,39.213
CA-2017-138149,6/29/2017,William Brown,West,Office Supplies,11.68,2,0,3.0368
CA-2017-138149,6/29/2017,William Brown,West,Technology,62.31,3,0,22.4316
CA-2014-112403,3/31/2014,Jas O'Carroll,East,Office Supplies,0.852,1,0.7,-0.5964
CA-2014-108273,12/16/2014,Ed Jacobs,Central,Office Supplies,36.288,7,0.2,12.7008
CA-2014-108273,12/16/2014,Ed Jacobs,Central,Furniture,56.568,2,0.6,-74.9526
CA-2017-121643,5/18/2017,Adrian Barton,West,Technology,344.704,2,0.2,38.7792
US-2015-122910,5/12/2015,Larry Tron,West,Technology,201.584,2,0.2,20.1584
CA-2017-143126,12/3/2017,Corinna Mitchell,West,Furniture,521.96,2,0,88.7332
CA-2015-129042,12/12/2015,Eric Murdock,East,Office Supplies,8.22,3,0,2.2194
CA-2015-109736,10/10/2015,Denny Joy,West,Office Supplies,45.36,7,0,21.7728
CA-2015-142601,4/18/2015,Deanra Eno,West,Office Supplies,947.17,7,0,9.4717
CA-2015-142601,4/18/2015,Deanra Eno,West,Office Supplies,61.96,2,0,27.882
CA-2014-106229,6/7/2014,Nick Radford,Central,Furniture,268.935,3,0.5,-209.7693
US-2017-135230,9/1/2017,Christine Kargatis,West,Office Supplies,7.58,1,0,2.9562
CA-2016-159653,5/22/2016,Jeremy Farry,South,Office Supplies,14.73,3,0,7.2177
CA-2016-131968,11/11/2016,Laurel Beltran,South,Office Supplies,9.888,2,0.7,-6.9216
CA-2016-131968,11/11/2016,Laurel Beltran,South,Office Supplies,671.544,3,0.2,50.3658
CA-2014-119151,11/25/2014,Mike Pelletier,East,Office Supplies,1117.92,4,0,55.896
CA-2014-119151,11/25/2014,Mike Pelletier,East,Furniture,275.952,3,0.2,-37.9434
CA-2014-123323,11/7/2014,Lena Hernandez,West,Office Supplies,123.144,7,0.2,46.179
CA-2016-124681,7/18/2016,Susan Vittorini,Central,Technology,15.576,3,0.2,3.3099
US-2015-103996,3/29/2015,Richard Bierner,West,Office Supplies,212.64,6,0,99.9408
US-2015-103996,3/29/2015,Richard Bierner,West,Office Supplies,9.87,3,0,4.5402
US-2015-103996,3/29/2015,Richard Bierner,West,Technology,53.25,3,0,20.7675
US-2015-103996,3/29/2015,Richard Bierner,West,Furniture,19.92,3,0,9.5616
CA-2016-120530,4/7/2016,Dorris liebe,East,Furniture,658.746,3,0.1,146.388
CA-2015-155054,6/13/2015,Penelope Sewall,East,Office Supplies,8.26,2,0,3.8822
CA-2015-155054,6/13/2015,Penelope Sewall,East,Office Supplies,29.84,2,0,13.428
CA-2015-155054,6/13/2015,Penelope Sewall,East,Technology,67.98,2,0,14.9556
CA-2015-105725,2/18/2015,Guy Thornton,West,Office Supplies,61.06,2,0,28.0876
CA-2015-105725,2/18/2015,Guy Thornton,West,Furniture,35.544,1,0.2,-0.8886
CA-2017-164364,11/12/2017,Christine Sundaresam,West,Office Supplies,9.96,2,0,4.5816
CA-2017-164364,11/12/2017,Christine Sundaresam,West,Office Supplies,9.21,3,0,2.3025
CA-2017-164364,11/12/2017,Christine Sundaresam,West,Office Supplies,27.93,3,0,8.0997
CA-2017-168123,3/5/2017,Julia Dunbar,Central,Office Supplies,7.9,2,0,2.528
CA-2017-168123,3/5/2017,Julia Dunbar,Central,Office Supplies,221.16,4,0,57.5016
CA-2017-168123,3/5/2017,Julia Dunbar,Central,Office Supplies,127.96,2,0,62.7004
CA-2017-168123,3/5/2017,Julia Dunbar,Central,Office Supplies,18.69,3,0,9.1581
CA-2016-120005,3/3/2016,Theresa Swint,West,Office Supplies,25.35,3,0,7.605
CA-2016-120005,3/3/2016,Theresa Swint,West,Furniture,35.28,3,0,11.9952
CA-2016-123526,12/24/2016,Benjamin Venier,West,Office Supplies,33.4,5,0,16.032
CA-2016-127649,10/7/2016,Dionis Lloyd,West,Technology,837.6,3,0.2,62.82
CA-2016-159989,12/9/2016,Emily Burns,South,Technology,40.68,3,0.2,-9.153
CA-2017-103499,11/20/2017,Erica Smith,South,Furniture,209.568,2,0.2,-23.5764
US-2015-167220,12/12/2015,Joni Blumstein,Central,Technology,22.368,4,0.2,6.4308
CA-2017-126354,2/3/2017,Shahid Collister,South,Office Supplies,3.882,2,0.7,-2.588
CA-2017-126354,2/3/2017,Shahid Collister,South,Office Supplies,115.296,3,0.2,40.3536
CA-2017-169817,9/21/2017,Emily Burns,East,Office Supplies,1.908,2,0.7,-1.5264
US-2017-144582,4/30/2017,Tony Chapman,Central,Office Supplies,43.372,7,0.8,-69.3952
CA-2014-121573,11/3/2014,Speros Goranitis,East,Technology,783.96,4,0,219.5088
CA-2014-121573,11/3/2014,Speros Goranitis,East,Office Supplies,48.896,2,0.2,18.336
CA-2014-121573,11/3/2014,Speros Goranitis,East,Office Supplies,7.856,2,0.2,2.8478
CA-2016-117660,12/30/2016,Bryan Mills,East,Office Supplies,5.904,2,0.2,1.9926
CA-2016-117660,12/30/2016,Bryan Mills,East,Office Supplies,13.712,2,0.2,1.0284
CA-2014-112851,9/17/2014,Nick Radford,West,Office Supplies,182.94,3,0,85.9818
CA-2017-123701,11/24/2017,Patrick Gardner,West,Office Supplies,27.76,4,0,9.9936
CA-2015-118227,4/24/2015,Deborah Brumfield,East,Office Supplies,25.99,1,0,7.5371
CA-2015-123155,3/9/2015,Noel Staavos,Central,Technology,113.52,5,0.2,29.799
CA-2015-123155,3/9/2015,Noel Staavos,Central,Technology,359.88,3,0.2,22.4925
CA-2017-158883,6/2/2017,Cari Schnelling,South,Office Supplies,25.344,4,0.2,9.1872
US-2016-114888,9/19/2016,Chuck Clark,West,Office Supplies,11.952,3,0.2,4.1832
US-2016-114888,9/19/2016,Chuck Clark,West,Office Supplies,6.24,3,0,1.872
US-2014-167262,10/31/2014,Amy Cox,West,Technology,742.336,8,0.2,83.5128
CA-2017-119746,11/23/2017,Christopher Martinez,Central,Furniture,6.464,1,0.6,-4.04
CA-2017-119746,11/23/2017,Christopher Martinez,Central,Office Supplies,11.52,5,0.2,4.176
CA-2017-119746,11/23/2017,Christopher Martinez,Central,Technology,222.384,2,0.2,16.6788
CA-2017-108091,11/16/2017,Eileen Kiefer,West,Office Supplies,23.36,4,0,6.0736
CA-2016-101630,2/19/2016,Cyma Kinney,East,Office Supplies,8.67,3,0,4.0749
CA-2016-101630,2/19/2016,Cyma Kinney,East,Office Supplies,25.71,3,0,6.6846
CA-2017-132346,11/7/2017,Pete Kriz,East,Office Supplies,100.94,7,0,33.3102
CA-2014-150301,7/8/2014,Michelle Huthwaite,East,Furniture,63.882,1,0.1,10.647
CA-2014-159310,11/7/2014,Steven Cartwright,Central,Furniture,683.144,4,0.3,0
CA-2014-159310,11/7/2014,Steven Cartwright,Central,Office Supplies,1.476,3,0.8,-2.214
CA-2014-159310,11/7/2014,Steven Cartwright,Central,Office Supplies,40.712,7,0.2,3.5623
US-2017-147984,1/28/2017,Giulietta Baptist,Central,Office Supplies,279.9,5,0,137.151
CA-2015-104346,12/11/2015,Irene Maddox,West,Office Supplies,13.12,5,0.2,1.148
CA-2015-104346,12/11/2015,Irene Maddox,West,Furniture,69.576,4,0.7,-143.7904
CA-2015-104346,12/11/2015,Irene Maddox,West,Office Supplies,4.224,3,0.2,0.4752
CA-2015-104346,12/11/2015,Irene Maddox,West,Technology,58.08,4,0.2,-6.534
CA-2015-104346,12/11/2015,Irene Maddox,West,Furniture,52.416,9,0.2,15.0696
CA-2015-104346,12/11/2015,Irene Maddox,West,Furniture,54.92,5,0.2,10.984
CA-2015-104346,12/11/2015,Irene Maddox,West,Furniture,364.95,5,0.5,-248.166
CA-2015-104346,12/11/2015,Irene Maddox,West,Office Supplies,85.056,3,0.2,28.7064
CA-2015-104346,12/11/2015,Irene Maddox,West,Office Supplies,27.696,3,0.2,9.6936
US-2015-141684,6/29/2015,Michelle Moray,East,Office Supplies,24.96,4,0,11.232
CA-2015-144722,3/16/2015,Monica Federle,West,Furniture,43.13,1,0,18.1146
CA-2015-120516,8/13/2015,Clytie Kelty,South,Office Supplies,5.64,3,0,2.7072
US-2016-148901,5/14/2016,Michael Kennedy,South,Office Supplies,57.582,3,0.7,-44.1462
US-2016-148901,5/14/2016,Michael Kennedy,South,Office Supplies,31.104,6,0.2,10.8864
US-2016-148901,5/14/2016,Michael Kennedy,South,Furniture,30.192,3,0.2,8.3028
US-2016-148901,5/14/2016,Michael Kennedy,South,Technology,43.6,5,0.2,4.36
US-2016-148901,5/14/2016,Michael Kennedy,South,Office Supplies,4.768,2,0.2,0.4172
US-2016-148901,5/14/2016,Michael Kennedy,South,Office Supplies,10.38,2,0.7,-7.612
US-2016-148901,5/14/2016,Michael Kennedy,South,Office Supplies,13.392,8,0.7,-9.8208
CA-2017-136364,7/13/2017,Mark Hamilton,East,Technology,39.594,1,0.4,-7.2589
CA-2017-136364,7/13/2017,Mark Hamilton,East,Furniture,91.008,9,0.2,19.3392
CA-2015-137708,11/22/2015,Nathan Gelder,West,Office Supplies,37.94,2,0,18.2112
CA-2015-137708,11/22/2015,Nathan Gelder,West,Office Supplies,42.8,10,0,19.26
CA-2015-137708,11/22/2015,Nathan Gelder,West,Office Supplies,33.63,3,0,10.089
CA-2014-149055,11/23/2014,Phillip Breyer,East,Office Supplies,62.808,3,0.2,21.1977
CA-2015-151589,12/27/2015,Richard Eichhorn,Central,Office Supplies,195.64,4,0,91.9508
CA-2015-151589,12/27/2015,Richard Eichhorn,Central,Technology,239.9,2,0,71.97
CA-2016-121370,11/14/2016,Eugene Barchas,East,Furniture,380.058,3,0.3,-21.7176
CA-2016-121370,11/14/2016,Eugene Barchas,East,Technology,1199.976,4,0.4,179.9964
CA-2016-121370,11/14/2016,Eugene Barchas,East,Furniture,48.576,3,0.2,9.7152
CA-2016-111696,5/8/2016,Trudy Brown,West,Office Supplies,17.94,3,0,8.073
CA-2014-139598,12/26/2014,Maureen Gnade,East,Office Supplies,18.264,3,0.2,6.1641
CA-2014-139598,12/26/2014,Maureen Gnade,East,Office Supplies,34.656,2,0.2,5.6316
CA-2014-139598,12/26/2014,Maureen Gnade,East,Office Supplies,81.552,2,0.2,8.1552
CA-2014-139598,12/26/2014,Maureen Gnade,East,Office Supplies,227.136,4,0.2,-42.588
CA-2017-117436,6/8/2017,Liz Willingham,East,Office Supplies,10.36,2,0,5.0764
CA-2015-140025,4/7/2015,Peter Fuller,Central,Office Supplies,463.248,8,0.8,-1181.2824
CA-2015-140025,4/7/2015,Peter Fuller,Central,Technology,383.952,6,0.2,47.994
CA-2016-134222,7/10/2016,Nick Zandusky,West,Office Supplies,44.856,6,0.7,-35.8848
CA-2016-140018,11/21/2016,Chloris Kastensmidt,East,Technology,30.345,7,0.7,-24.276
CA-2016-140018,11/21/2016,Chloris Kastensmidt,East,Furniture,127.554,3,0.3,-9.111
CA-2016-140018,11/21/2016,Chloris Kastensmidt,East,Furniture,77.952,3,0.2,15.5904
US-2017-136707,11/12/2017,Jim Epp,West,Office Supplies,14.016,4,0.2,4.9056
CA-2014-152562,11/1/2014,Jack O'Briant,South,Office Supplies,69.52,2,0,19.4656
CA-2014-152562,11/1/2014,Jack O'Briant,South,Office Supplies,5.64,3,0,1.6356
CA-2016-152408,5/15/2016,Thomas Thornton,East,Office Supplies,13.776,3,0.2,4.4772
CA-2014-120278,11/7/2014,Maribeth Schnelling,Central,Office Supplies,245.88,6,0,68.8464
CA-2014-120278,11/7/2014,Maribeth Schnelling,Central,Office Supplies,36.63,3,0,9.8901
CA-2014-120278,11/7/2014,Maribeth Schnelling,Central,Office Supplies,22.58,2,0,5.8708
CA-2014-120278,11/7/2014,Maribeth Schnelling,Central,Office Supplies,12.39,3,0,5.8233
CA-2017-167661,10/5/2017,Mike Pelletier,West,Office Supplies,39.92,5,0.2,13.473
CA-2017-167661,10/5/2017,Mike Pelletier,West,Office Supplies,61.96,2,0,27.882
CA-2017-167661,10/5/2017,Mike Pelletier,West,Office Supplies,19.936,4,0.2,7.2268
CA-2017-106831,6/1/2017,Fred Harton,East,Office Supplies,3.798,2,0.7,-2.6586
CA-2017-106831,6/1/2017,Fred Harton,East,Office Supplies,27.744,6,0.2,10.0572
CA-2017-106831,6/1/2017,Fred Harton,East,Technology,158.376,4,0.4,-34.3148
CA-2017-154123,11/20/2017,Sample Company A,South,Furniture,27.58,2,0,11.5836
CA-2016-136049,12/23/2016,Neoma Murray,East,Office Supplies,5.553,3,0.7,-4.0722
CA-2017-118402,9/29/2017,Jas O'Carroll,South,Office Supplies,243.92,5,0.2,-54.882
US-2016-139388,11/7/2016,Cindy Chapman,East,Office Supplies,14.96,4,0,0.2992
US-2014-128685,4/4/2014,Mary Zewe,West,Office Supplies,7.184,2,0.2,2.245
CA-2015-124044,7/23/2015,Melanie Seite,East,Office Supplies,10.512,3,0.2,3.6792
CA-2014-164469,6/25/2014,Grace Kelly,West,Technology,263.96,5,0.2,19.797
CA-2014-164469,6/25/2014,Grace Kelly,West,Office Supplies,71.632,11,0.2,17.908
CA-2014-164469,6/25/2014,Grace Kelly,West,Office Supplies,9.328,1,0.2,0.8162
CA-2014-107818,9/8/2014,Marc Crier,West,Office Supplies,5.88,2,0,2.646
CA-2014-107818,9/8/2014,Marc Crier,West,Furniture,975.92,5,0.2,121.99
CA-2014-107818,9/8/2014,Marc Crier,West,Office Supplies,303.84,8,0,91.152
CA-2014-107818,9/8/2014,Marc Crier,West,Office Supplies,485.88,6,0,19.4352
CA-2014-113320,12/12/2014,Logan Haushalter,West,Furniture,12.54,3,0,4.5144
CA-2014-113320,12/12/2014,Logan Haushalter,West,Office Supplies,8.94,3,0,0.6258
CA-2014-113320,12/12/2014,Logan Haushalter,West,Furniture,9.24,3,0,4.4352
CA-2015-137526,1/13/2015,Philip Brown,West,Office Supplies,70.008,3,0.2,24.5028
CA-2015-137526,1/13/2015,Philip Brown,West,Furniture,77.6,4,0,38.024
CA-2015-137526,1/13/2015,Philip Brown,West,Furniture,464.85,9,0,92.97
CA-2017-136063,12/15/2017,Saphhira Shifley,Central,Office Supplies,10.192,7,0.2,1.0192
CA-2016-101546,12/18/2016,Grace Kelly,East,Office Supplies,1793.98,2,0,843.1706
CA-2014-138940,4/11/2014,Gary Mitchum,Central,Technology,758.352,6,0.2,265.4232
CA-2016-125164,11/10/2016,Sally Hughsby,East,Office Supplies,20.368,1,0.2,7.3834
CA-2016-125164,11/10/2016,Sally Hughsby,East,Office Supplies,49.848,3,0.2,16.8237
CA-2017-163531,6/26/2017,Steven Cartwright,East,Technology,239.97,3,0,67.1916
CA-2017-122490,11/13/2017,Ted Trevino,West,Furniture,2404.704,6,0.2,150.294
CA-2017-122490,11/13/2017,Ted Trevino,West,Office Supplies,563.024,11,0.2,190.0206
CA-2017-122490,11/13/2017,Ted Trevino,West,Office Supplies,344.91,3,0,10.3473
CA-2017-122490,11/13/2017,Ted Trevino,West,Office Supplies,8.64,3,0,4.2336
CA-2017-131366,11/24/2017,Shaun Chance,East,Technology,89.988,2,0.4,-14.998
CA-2017-131366,11/24/2017,Shaun Chance,East,Office Supplies,229.544,7,0.2,83.2097
CA-2017-164042,5/23/2017,Ken Lonsdale,Central,Office Supplies,1.824,2,0.2,0.6156
CA-2017-164042,5/23/2017,Ken Lonsdale,Central,Office Supplies,18.32,5,0.8,-46.716
CA-2017-164042,5/23/2017,Ken Lonsdale,Central,Office Supplies,48.816,3,0.2,-11.5938
CA-2017-164042,5/23/2017,Ken Lonsdale,Central,Office Supplies,1.188,1,0.8,-1.9602
CA-2014-132864,12/2/2014,Katherine Nockton,East,Technology,119.8,5,0.2,29.95
US-2014-155817,10/3/2014,Sara Luxemburg,South,Office Supplies,61.568,2,0.2,4.6176
US-2014-155817,10/3/2014,Sara Luxemburg,South,Office Supplies,6.192,3,0.2,0.4644
US-2016-131891,7/29/2016,Pierre Wener,South,Office Supplies,2.214,3,0.7,-1.476
CA-2017-143567,11/2/2017,Thomas Boland,South,Office Supplies,5.32,2,0,2.6068
CA-2017-143567,11/2/2017,Thomas Boland,South,Furniture,975.92,4,0,292.776
CA-2017-143567,11/2/2017,Thomas Boland,South,Technology,2249.91,9,0,517.4793
CA-2017-143567,11/2/2017,Thomas Boland,South,Office Supplies,59.92,4,0,16.7776
CA-2017-104080,3/8/2017,Alan Hwang,West,Office Supplies,171.2,5,0.2,64.2
CA-2017-104080,3/8/2017,Alan Hwang,West,Office Supplies,3.36,2,0,0.8736
CA-2014-151379,12/16/2014,Steve Chapman,Central,Office Supplies,114.2,5,0,52.532
CA-2016-163167,11/28/2016,Randy Ferguson,South,Furniture,182.67,3,0,52.9743
CA-2016-163167,11/28/2016,Randy Ferguson,South,Technology,101.7,6,0,6.102
CA-2016-163167,11/28/2016,Randy Ferguson,South,Office Supplies,1126.02,3,0,56.301
CA-2016-163167,11/28/2016,Randy Ferguson,South,Office Supplies,1263.3,6,0,315.825
CA-2016-135776,12/23/2016,Edward Hooks,West,Office Supplies,8.82,3,0,2.5578
CA-2016-135776,12/23/2016,Edward Hooks,West,Office Supplies,37.94,2,0,18.2112
CA-2016-135776,12/23/2016,Edward Hooks,West,Office Supplies,4.2,2,0,1.176
CA-2016-135776,12/23/2016,Edward Hooks,West,Office Supplies,227.28,2,0,2.2728
CA-2016-135776,12/23/2016,Edward Hooks,West,Office Supplies,47.9,1,0,22.992
CA-2016-135776,12/23/2016,Edward Hooks,West,Office Supplies,61.96,2,0,30.3604
CA-2016-135776,12/23/2016,Edward Hooks,West,Office Supplies,1117.92,4,0,55.896
US-2014-122021,10/15/2014,Anna Chung,East,Furniture,183.372,2,0.3,-7.8588
US-2014-122021,10/15/2014,Anna Chung,East,Office Supplies,7.968,2,0.2,2.8884
CA-2016-130484,8/22/2016,Sheri Gordon,West,Office Supplies,26.352,8,0.7,-18.4464
CA-2017-120936,12/17/2017,Christine Abelman,West,Office Supplies,481.32,4,0,125.1432
CA-2017-120936,12/17/2017,Christine Abelman,West,Office Supplies,13.98,1,0,3.6348
CA-2017-110884,3/7/2017,Shahid Hopkins,East,Office Supplies,25.92,6,0.2,9.072
CA-2017-110884,3/7/2017,Shahid Hopkins,East,Office Supplies,91.59,3,0,42.1314
US-2014-161613,12/1/2014,Matt Connell,Central,Furniture,674.058,3,0.3,-19.2588
US-2014-146353,10/14/2014,Jim Epp,East,Office Supplies,22.92,4,0,11.0016
US-2014-146353,10/14/2014,Jim Epp,East,Office Supplies,269.9,5,0,16.194
CA-2014-133809,11/18/2014,MaryBeth Skach,East,Office Supplies,11.808,8,0.7,-8.6592
CA-2014-133809,11/18/2014,MaryBeth Skach,East,Technology,9.588,2,0.4,-2.0774
CA-2017-127306,1/14/2017,Brosina Hoffman,South,Office Supplies,18.336,3,0.2,6.6468
CA-2017-127306,1/14/2017,Brosina Hoffman,South,Office Supplies,36.288,7,0.2,12.7008
CA-2017-127306,1/14/2017,Brosina Hoffman,South,Technology,111.984,2,0.2,6.999
CA-2017-127306,1/14/2017,Brosina Hoffman,South,Office Supplies,5.97,5,0.7,-4.577
CA-2017-127306,1/14/2017,Brosina Hoffman,South,Office Supplies,2.508,2,0.7,-1.8392
CA-2015-161830,9/24/2015,Max Engle,West,Office Supplies,35.96,2,0,10.4284
CA-2015-161830,9/24/2015,Max Engle,West,Office Supplies,14.952,3,0.2,5.4201
CA-2017-163125,10/9/2017,Maria Bertelson,Central,Office Supplies,67.144,7,0.2,5.8751
CA-2017-163125,10/9/2017,Maria Bertelson,Central,Furniture,254.058,3,0.3,-32.6646
CA-2016-160304,1/2/2016,Brendan Murry,East,Furniture,173.94,3,0,38.2668
CA-2016-160304,1/2/2016,Brendan Murry,East,Technology,231.98,2,0,67.2742
CA-2017-101728,8/19/2017,Sonia Cooley,Central,Office Supplies,2.296,2,0.8,-3.9032
CA-2017-114055,12/25/2017,Mick Hernandez,South,Office Supplies,96.08,2,0,46.1184
CA-2017-114055,12/25/2017,Mick Hernandez,South,Office Supplies,3.62,2,0,1.1946
CA-2017-114055,12/25/2017,Mick Hernandez,South,Office Supplies,629.1,6,0,301.968
CA-2017-114055,12/25/2017,Mick Hernandez,South,Technology,90.48,2,0,23.5248
CA-2017-126438,9/10/2017,Alex Russell,East,Office Supplies,14.88,2,0,3.72
CA-2017-117653,10/19/2017,Mary O'Rourke,Central,Furniture,91.275,1,0.5,-67.5435
CA-2017-143245,12/1/2017,Alan Dominguez,East,Office Supplies,19.44,3,0,9.3312
CA-2017-143245,12/1/2017,Alan Dominguez,East,Furniture,897.15,3,0,251.202
US-2014-138828,9/2/2014,Katherine Ducich,East,Office Supplies,57.75,5,0,16.17
US-2014-138828,9/2/2014,Katherine Ducich,East,Office Supplies,14.94,3,0,7.0218
CA-2017-143651,3/25/2017,Filia McAdams,West,Office Supplies,23.1,2,0,6.93
CA-2015-106978,9/28/2015,Zuschuss Carroll,West,Office Supplies,12.536,1,0.2,4.2309
CA-2015-106978,9/28/2015,Zuschuss Carroll,West,Office Supplies,1.08,2,0.7,-0.792
CA-2015-106978,9/28/2015,Zuschuss Carroll,West,Office Supplies,4.512,3,0.2,0.846
CA-2015-155124,3/15/2015,Karen Seio,West,Technology,16.776,3,0.2,1.6776
CA-2017-150931,1/6/2017,Dennis Pardue,South,Office Supplies,33.74,7,0,15.5204
CA-2014-157147,1/13/2014,Brian Dahlen,West,Office Supplies,1325.85,5,0,238.653
CA-2014-157147,1/13/2014,Brian Dahlen,West,Furniture,333.999,3,0.15,3.9294
CA-2014-157147,1/13/2014,Brian Dahlen,West,Office Supplies,19.9,5,0,6.567
CA-2015-156482,2/6/2015,Ivan Liston,East,Furniture,1268.82,9,0,266.4522
CA-2015-156482,2/6/2015,Ivan Liston,East,Furniture,283.92,4,0,82.3368
CA-2015-156482,2/6/2015,Ivan Liston,East,Office Supplies,5.68,2,0,1.7608
CA-2017-106782,12/21/2017,Liz Preis,Central,Office Supplies,375.34,1,0,18.767
CA-2016-151372,9/5/2016,Joseph Holt,West,Office Supplies,96.08,2,0,46.1184
CA-2016-151372,9/5/2016,Joseph Holt,West,Office Supplies,11.68,2,0.2,3.942
CA-2016-151372,9/5/2016,Joseph Holt,West,Office Supplies,4.36,2,0,1.7876
CA-2014-102085,10/4/2014,Joy Daniels,West,Office Supplies,29.24,4,0,13.7428
CA-2017-107125,11/27/2017,Bill Donatelli,West,Office Supplies,117.488,7,0.2,41.1208
CA-2017-107125,11/27/2017,Bill Donatelli,West,Furniture,18.84,3,0,6.0288
CA-2016-125815,10/28/2016,Denise Leinenbach,East,Office Supplies,12.42,3,0,5.2164
CA-2015-144190,6/9/2015,Nathan Cano,Central,Office Supplies,12.96,2,0,6.2208
CA-2017-117926,12/8/2017,Alan Schoenberger,West,Office Supplies,69.48,1,0,20.844
CA-2015-153906,3/16/2015,Michael Stewart,East,Technology,85.9,2,0,2.577
CA-2014-160262,6/9/2014,Thomas Seio,West,Office Supplies,18.06,7,0,4.6956
CA-2014-160262,6/9/2014,Thomas Seio,West,Office Supplies,79.14,3,0,36.4044
CA-2014-160262,6/9/2014,Thomas Seio,West,Furniture,37.4,2,0,14.212
CA-2015-127607,3/20/2015,Joe Kamberova,Central,Office Supplies,2.512,2,0.8,-4.396
CA-2015-127607,3/20/2015,Joe Kamberova,Central,Office Supplies,18.864,9,0.2,6.1308
CA-2016-166226,11/18/2016,Tracy Collins,West,Technology,61.192,1,0.2,6.1192
CA-2016-166226,11/18/2016,Tracy Collins,West,Office Supplies,67.84,1,0,18.3168
CA-2014-156587,3/7/2014,Aaron Bergman,West,Furniture,48.712,1,0.2,5.4801
CA-2014-156587,3/7/2014,Aaron Bergman,West,Office Supplies,17.94,3,0,4.6644
CA-2014-156587,3/7/2014,Aaron Bergman,West,Office Supplies,242.94,3,0,4.8588
CA-2016-141180,5/15/2016,Darren Powers,South,Office Supplies,7.764,4,0.7,-5.176
CA-2015-109708,5/25/2015,Craig Yedwab,South,Technology,467.04,4,0.2,58.38
CA-2015-122406,8/2/2015,Brad Eason,East,Technology,128.85,3,0,3.8655
CA-2015-122406,8/2/2015,Brad Eason,East,Office Supplies,8.4,2,0,4.116
CA-2015-122406,8/2/2015,Brad Eason,East,Technology,199.98,2,0,83.9916
CA-2015-122406,8/2/2015,Brad Eason,East,Furniture,110.98,1,0,15.5372
US-2016-153815,11/6/2016,Kelly Lampkin,South,Furniture,207.984,2,0.2,-28.5978
US-2016-153815,11/6/2016,Kelly Lampkin,South,Office Supplies,36.112,2,0.2,12.6392
US-2016-153815,11/6/2016,Kelly Lampkin,South,Furniture,35.568,2,0.2,5.7798
US-2016-153815,11/6/2016,Kelly Lampkin,South,Office Supplies,88.768,2,0.2,31.0688
CA-2016-164896,11/7/2016,Penelope Sewall,West,Office Supplies,12.9,2,0,6.321
CA-2015-142202,9/18/2015,Justin Ritter,South,Technology,717.12,9,0.2,152.388
CA-2015-165050,12/7/2015,Alan Hwang,East,Office Supplies,21.36,5,0.2,7.209
CA-2015-165050,12/7/2015,Alan Hwang,East,Office Supplies,6.688,2,0.2,2.3408
CA-2015-165050,12/7/2015,Alan Hwang,East,Technology,773.94,6,0,224.4426
US-2016-131114,12/9/2016,Rob Williams,Central,Office Supplies,20.568,3,0.2,1.5426
US-2016-131114,12/9/2016,Rob Williams,Central,Office Supplies,4.356,2,0.8,-11.7612
US-2016-131114,12/9/2016,Rob Williams,Central,Technology,19.04,4,0.2,-1.428
CA-2014-160066,11/16/2014,Adam Hart,West,Office Supplies,5.22,2,0,2.4012
CA-2016-109925,11/6/2016,Irene Maddox,West,Office Supplies,84.84,3,0,22.9068
CA-2015-160696,9/6/2015,Cyma Kinney,South,Office Supplies,7.24,5,0.2,1.1765
CA-2014-125171,9/3/2014,Allen Goldenen,East,Office Supplies,14.4,5,0,7.056
CA-2016-149279,4/24/2016,Craig Leslie,West,Office Supplies,15.552,3,0.2,5.4432
CA-2016-149279,4/24/2016,Craig Leslie,West,Furniture,1325.76,6,0.2,149.148
CA-2016-149279,4/24/2016,Craig Leslie,West,Office Supplies,3.108,2,0.7,-2.1756
CA-2017-107321,8/31/2017,Arthur Wiediger,West,Office Supplies,6.672,3,0.2,2.1684
CA-2017-107321,8/31/2017,Arthur Wiediger,West,Technology,689.408,4,0.2,77.5584
US-2017-122714,12/7/2017,Henry Goldwyn,Central,Office Supplies,1889.99,5,0.8,-2929.4845
CA-2015-153038,12/18/2015,Robert Barroso,South,Office Supplies,55.936,8,0.2,18.8784
CA-2015-153038,12/18/2015,Robert Barroso,South,Office Supplies,18.432,8,0.2,5.9904
CA-2015-153038,12/18/2015,Robert Barroso,South,Furniture,20.32,5,0.2,3.556
CA-2014-132227,11/4/2014,Sam Zeldin,East,Office Supplies,52.064,4,0.2,18.8732
CA-2017-155824,3/10/2017,Karen Seio,South,Office Supplies,48.784,1,0.2,3.6588
CA-2017-155824,3/10/2017,Karen Seio,South,Office Supplies,13.092,4,0.7,-10.0372
CA-2016-129238,1/31/2016,Sample Company A,West,Technology,109.592,1,0.2,8.2194
CA-2016-129238,1/31/2016,Sample Company A,West,Office Supplies,56.7,5,0,27.783
CA-2017-159688,5/7/2017,Adam Bellavance,West,Technology,79.99,1,0,28.7964
CA-2016-136126,5/24/2016,Eugene Hildebrand,South,Office Supplies,69.5,5,0,20.155
CA-2016-136126,5/24/2016,Eugene Hildebrand,South,Office Supplies,191.6,4,0,91.968
CA-2016-155033,10/7/2016,Cindy Chapman,West,Office Supplies,10.56,2,0,5.0688
CA-2014-156006,4/30/2014,Tamara Manning,South,Technology,47.79,3,0,16.2486
CA-2015-158659,11/10/2015,Steve Chapman,Central,Office Supplies,714.3,5,0,207.147
CA-2015-169796,11/9/2015,Dean percer,East,Technology,2321.9,2,0,1114.512
CA-2015-169796,11/9/2015,Dean percer,East,Office Supplies,17.94,3,0,3.0498
CA-2015-102876,9/7/2015,Lisa Ryan,East,Office Supplies,9.522,1,0.7,-6.9828
CA-2015-102876,9/7/2015,Lisa Ryan,East,Technology,791.964,6,0.4,-131.994
CA-2015-102876,9/7/2015,Lisa Ryan,East,Office Supplies,4.923,3,0.7,-3.9384
US-2017-139647,5/11/2017,Todd Sumrall,West,Furniture,209.979,7,0.7,-356.9643
US-2017-160465,7/21/2017,Sean Wendt,East,Office Supplies,33.93,3,0.7,-22.62
US-2017-160465,7/21/2017,Sean Wendt,East,Office Supplies,222.32,7,0.2,25.011
US-2017-160465,7/21/2017,Sean Wendt,East,Technology,210.564,6,0.4,-52.641
CA-2014-153850,11/24/2014,Thea Hendricks,East,Furniture,35.168,7,0.2,9.6712
CA-2014-153850,11/24/2014,Thea Hendricks,East,Technology,1502.376,4,0.4,-250.396
CA-2014-127558,11/15/2014,Shahid Shariari,West,Furniture,10.11,3,0,3.2352
CA-2014-127558,11/15/2014,Shahid Shariari,West,Technology,772.47,3,0,146.7693
CA-2014-127558,11/15/2014,Shahid Shariari,West,Office Supplies,20.46,2,0,5.3196
CA-2017-136511,3/23/2017,Mary Zewe,East,Office Supplies,347.58,3,0,17.379
CA-2016-133795,12/18/2016,Jeremy Ellison,West,Technology,72.64,2,0,21.792
CA-2016-133795,12/18/2016,Jeremy Ellison,West,Technology,772.47,3,0,146.7693
CA-2016-133795,12/18/2016,Jeremy Ellison,West,Furniture,39.92,4,0,11.1776
US-2017-130953,7/29/2017,Roland Fjeld,Central,Office Supplies,33.48,2,0,16.4052
US-2017-130953,7/29/2017,Roland Fjeld,Central,Technology,461.97,3,0,133.9713
US-2017-130953,7/29/2017,Roland Fjeld,Central,Office Supplies,137.62,2,0,60.5528
US-2017-130953,7/29/2017,Roland Fjeld,Central,Furniture,302.67,3,0,72.6408
CA-2014-151792,9/2/2014,Christina VanderZanden,Central,Technology,239.976,3,0.2,53.9946
CA-2017-139304,1/29/2017,Vivek Gonzalez,West,Office Supplies,8.34,3,0,2.1684
CA-2017-139304,1/29/2017,Vivek Gonzalez,West,Office Supplies,8.57,1,0,2.2282
CA-2017-139304,1/29/2017,Vivek Gonzalez,West,Office Supplies,119.616,8,0.2,40.3704
CA-2016-155166,12/26/2016,Brenda Bowman,East,Furniture,212.94,3,0,25.5528
CA-2016-155166,12/26/2016,Brenda Bowman,East,Office Supplies,26.49,1,0,7.4172
CA-2015-103954,8/9/2015,Hallie Redmond,Central,Furniture,687.4,5,0,48.118
CA-2014-169803,4/6/2014,Scott Cohen,West,Furniture,653.55,3,0,111.1035
CA-2014-169803,4/6/2014,Scott Cohen,West,Technology,33.9,2,0,2.034
CA-2017-141719,11/17/2017,Emily Grady,Central,Technology,239.96,5,0.2,83.986
CA-2015-136469,7/11/2015,Todd Sumrall,East,Furniture,199.836,4,0.3,-37.1124
CA-2015-136469,7/11/2015,Todd Sumrall,East,Technology,716,2,0,193.32
CA-2015-136469,7/11/2015,Todd Sumrall,East,Office Supplies,221.06,7,0,103.8982
CA-2016-158694,11/10/2016,Arianne Irving,West,Office Supplies,67.71,3,0,32.5008
CA-2016-158694,11/10/2016,Arianne Irving,West,Office Supplies,129.92,4,0,38.976
CA-2016-158694,11/10/2016,Arianne Irving,West,Furniture,467.46,9,0,191.6586
CA-2016-158694,11/10/2016,Arianne Irving,West,Office Supplies,61.4,5,0,28.858
CA-2016-158694,11/10/2016,Arianne Irving,West,Office Supplies,720.76,4,0,187.3976
CA-2016-158694,11/10/2016,Arianne Irving,West,Office Supplies,5.184,3,0.2,1.8144
CA-2016-158694,11/10/2016,Arianne Irving,West,Office Supplies,14.7,5,0,3.969
US-2014-104759,3/31/2014,Dorothy Dickinson,Central,Office Supplies,8.134,7,0.8,-13.8278
US-2014-104759,3/31/2014,Dorothy Dickinson,Central,Technology,79.984,2,0.2,13.9972
CA-2015-150511,9/18/2015,Adam Bellavance,West,Office Supplies,18.54,2,0,8.7138
CA-2015-134922,11/7/2015,Karen Bern,East,Office Supplies,24.4,2,0.2,7.93
US-2017-120607,5/19/2017,John Castell,South,Office Supplies,195.64,4,0,91.9508
CA-2015-141243,1/3/2015,Amy Hunt,Central,Technology,398.4,5,0.2,84.66
CA-2015-141243,1/3/2015,Amy Hunt,Central,Office Supplies,7.056,3,0.2,0.7938
CA-2015-141243,1/3/2015,Amy Hunt,Central,Furniture,1352.3976,9,0.32,-437.5404
CA-2015-162166,9/8/2015,Neoma Murray,West,Office Supplies,26.4,5,0,11.88
CA-2015-162166,9/8/2015,Neoma Murray,West,Office Supplies,41.88,6,0,0.8376
CA-2016-120796,4/3/2016,Carlos Soltero,East,Office Supplies,99.846,9,0.7,-83.205
CA-2016-109722,12/5/2016,Theone Pippenger,South,Technology,699.98,2,0,195.9944
CA-2016-109722,12/5/2016,Theone Pippenger,South,Office Supplies,584.82,9,0,70.1784
CA-2015-136798,5/8/2015,Daniel Lacy,Central,Office Supplies,43.98,2,0,21.99
CA-2015-136798,5/8/2015,Daniel Lacy,Central,Technology,377.97,3,0,105.8316
CA-2015-136798,5/8/2015,Daniel Lacy,Central,Furniture,123.96,3,0,11.1564
CA-2017-122196,9/22/2017,Christina Anderson,East,Technology,391.98,2,0,113.6742
CA-2017-142090,11/30/2017,Shahid Collister,South,Technology,383.976,3,0.2,81.5949
CA-2017-142090,11/30/2017,Shahid Collister,South,Furniture,1781.682,7,0.4,-653.2834
CA-2017-160934,1/15/2017,Tonja Turnell,West,Office Supplies,21.4,5,0,6.206
CA-2014-124478,8/8/2014,Matt Abelman,Central,Technology,549.99,1,0,274.995
CA-2014-124478,8/8/2014,Matt Abelman,Central,Office Supplies,167.535,3,0.1,37.23
CA-2014-124478,8/8/2014,Matt Abelman,Central,Office Supplies,38.34,3,0,17.253
CA-2014-124478,8/8/2014,Matt Abelman,Central,Furniture,53.88,6,0,22.6296
CA-2014-124478,8/8/2014,Matt Abelman,Central,Technology,299.98,2,0,83.9944
CA-2015-145485,11/5/2015,Justin MacKendrick,West,Office Supplies,62.8,4,0,15.7
CA-2017-151071,4/25/2017,Mick Brown,West,Office Supplies,13.904,2,0.2,4.5188
CA-2014-134572,4/20/2014,Seth Vernon,Central,Furniture,744.1,5,0.3,-95.67
CA-2014-134572,4/20/2014,Seth Vernon,Central,Office Supplies,44.84,5,0.2,5.605
CA-2014-134572,4/20/2014,Seth Vernon,Central,Furniture,401.59,2,0.3,-131.951
CA-2017-143217,11/11/2017,Catherine Glotzbach,Central,Office Supplies,18.24,3,0,8.5728
US-2017-133312,11/25/2017,Bradley Drucker,West,Furniture,359.499,3,0.15,-29.6058
US-2017-133312,11/25/2017,Bradley Drucker,West,Office Supplies,10.48,1,0,2.8296
US-2015-137533,12/18/2015,Jim Kriz,East,Office Supplies,20.736,4,0.2,7.2576
CA-2016-155138,9/8/2016,Jill Matthias,South,Technology,35.168,4,0.2,8.3524
CA-2016-155138,9/8/2016,Jill Matthias,South,Office Supplies,64.704,3,0.2,23.4552
CA-2016-108350,6/6/2016,Scot Coram,East,Office Supplies,105.52,4,0,48.5392
CA-2015-144302,6/19/2015,Maria Etezadi,Central,Office Supplies,5.792,2,0.8,-9.5568
CA-2015-109001,3/5/2015,Katherine Nockton,East,Technology,466.158,7,0.4,-93.2316
CA-2015-109001,3/5/2015,Katherine Nockton,East,Technology,10.312,1,0.2,-1.289
CA-2015-109001,3/5/2015,Katherine Nockton,East,Office Supplies,2.556,3,0.7,-1.7892
CA-2017-132738,8/4/2017,Harry Marie,West,Office Supplies,7.968,2,0.2,2.8884
CA-2017-132738,8/4/2017,Harry Marie,West,Office Supplies,8.784,1,0.2,3.1842
CA-2017-156720,12/30/2017,Jill Matthias,West,Office Supplies,3.024,3,0.2,-0.6048
CA-2015-119102,5/23/2015,Kristen Hastings,East,Office Supplies,51.45,3,0,13.8915
US-2014-140452,12/6/2014,Berenike Kampe,Central,Office Supplies,14.016,4,0.8,-31.536
US-2014-140452,12/6/2014,Berenike Kampe,Central,Furniture,214.95,5,0.5,-120.372
US-2014-140452,12/6/2014,Berenike Kampe,Central,Technology,35.04,4,0.2,-7.008
US-2014-140452,12/6/2014,Berenike Kampe,Central,Furniture,10.776,3,0.6,-4.8492
US-2014-140452,12/6/2014,Berenike Kampe,Central,Office Supplies,4.6,2,0.8,-8.05
US-2014-140452,12/6/2014,Berenike Kampe,Central,Office Supplies,35.168,2,0.2,-8.3524
CA-2015-141936,8/7/2015,Parhena Norris,West,Office Supplies,19.152,3,0.2,6.4638
CA-2014-158442,3/17/2014,Annie Zypern,Central,Office Supplies,4.448,2,0.2,0.3336
CA-2014-158442,3/17/2014,Annie Zypern,Central,Office Supplies,5.184,1,0.2,1.8792
CA-2014-158442,3/17/2014,Annie Zypern,Central,Office Supplies,15.552,3,0.2,5.4432
CA-2015-167374,3/26/2015,Gene McClure,East,Office Supplies,40.032,6,0.2,12.51
CA-2015-167374,3/26/2015,Gene McClure,East,Technology,16.776,3,0.2,5.0328
CA-2014-116568,12/14/2014,Bryan Mills,South,Furniture,186.304,4,0.2,13.9728
CA-2015-147102,9/19/2015,Nicole Hansen,South,Technology,66.36,4,0,23.226
CA-2017-132213,4/25/2017,Parhena Norris,South,Office Supplies,42.048,9,0.2,5.256
CA-2017-132213,4/25/2017,Parhena Norris,South,Office Supplies,67.92,5,0.2,6.792
CA-2014-138450,10/18/2014,Edward Hooks,East,Office Supplies,52.512,6,0.2,19.692
CA-2014-138450,10/18/2014,Edward Hooks,East,Office Supplies,186.912,6,0.2,-35.046
CA-2014-138450,10/18/2014,Edward Hooks,East,Office Supplies,10.048,4,0.2,3.14
CA-2015-153073,11/13/2015,Helen Abelman,Central,Furniture,17.496,9,0.6,-7.4358
CA-2016-147970,1/31/2016,Aimee Bixby,Central,Office Supplies,15.552,3,0.2,5.4432
CA-2016-150658,11/17/2016,Maribeth Schnelling,West,Office Supplies,10.776,3,0.2,3.3675
CA-2017-125640,7/25/2017,Dorothy Dickinson,East,Office Supplies,3.304,1,0.2,1.0738
CA-2017-154137,11/11/2017,Meg Tillman,East,Office Supplies,35.48,1,0,0
CA-2015-127173,9/26/2015,Gene McClure,East,Office Supplies,34.44,3,0,16.1868
CA-2015-127173,9/26/2015,Gene McClure,East,Technology,629.93,7,0,296.0671
CA-2015-127173,9/26/2015,Gene McClure,East,Office Supplies,79.056,9,0.2,28.6578
CA-2014-149538,4/4/2014,Ken Black,South,Office Supplies,232.55,5,0,9.302
CA-2014-149538,4/4/2014,Ken Black,South,Technology,99.98,2,0,42.9914
CA-2014-149538,4/4/2014,Ken Black,South,Office Supplies,19.44,3,0,9.3312
CA-2014-149538,4/4/2014,Ken Black,South,Office Supplies,12.96,2,0,6.3504
CA-2014-160766,9/14/2014,Darrin Martin,East,Furniture,464.292,9,0.4,-108.3348
CA-2014-160766,9/14/2014,Darrin Martin,East,Office Supplies,68.46,7,0,31.4916
CA-2014-160766,9/14/2014,Darrin Martin,East,Technology,2799.96,4,0,1371.9804
CA-2014-160766,9/14/2014,Darrin Martin,East,Office Supplies,601.3,2,0,198.429
CA-2014-160766,9/14/2014,Darrin Martin,East,Technology,16.99,1,0,4.4174
CA-2014-160766,9/14/2014,Darrin Martin,East,Technology,287.97,3,0,80.6316
CA-2014-160766,9/14/2014,Darrin Martin,East,Office Supplies,44.82,9,0,21.0654
CA-2017-146626,12/29/2017,Ben Peterman,West,Furniture,101.12,8,0,37.4144
CA-2015-123330,6/21/2015,Emily Phan,South,Technology,107.976,3,0.2,37.7916
CA-2017-155607,11/26/2017,Frank Gastineau,East,Office Supplies,58.73,7,0,14.6825
CA-2017-155607,11/26/2017,Frank Gastineau,East,Office Supplies,93.344,4,0.2,32.6704
CA-2016-151323,10/23/2016,Alejandro Ballentine,West,Office Supplies,17.05,5,0,8.184
CA-2015-146696,12/14/2015,Rick Duston,West,Office Supplies,8.096,2,0.2,2.7324
CA-2016-128972,11/13/2016,Tom Stivers,Central,Furniture,30.36,4,0,13.0548
CA-2017-128335,9/29/2017,Joseph Airdo,East,Office Supplies,23.34,3,0,10.9698
CA-2017-128335,9/29/2017,Joseph Airdo,East,Office Supplies,51.55,5,0,24.2285
CA-2015-154886,11/8/2015,Shaun Weien,West,Technology,119.9,2,0,43.164
CA-2016-111213,4/1/2016,Frank Preis,East,Furniture,1317.492,6,0.1,292.776
CA-2016-111213,4/1/2016,Frank Preis,East,Office Supplies,63.84,8,0,18.5136
CA-2016-111213,4/1/2016,Frank Preis,East,Office Supplies,3.592,1,0.2,1.1225
CA-2017-161333,2/2/2017,John Lee,West,Furniture,86.26,2,0,29.3284
CA-2017-161333,2/2/2017,John Lee,West,Office Supplies,139.04,4,0,38.9312
CA-2017-161333,2/2/2017,John Lee,West,Office Supplies,46.8,4,0,16.38
CA-2017-128734,12/24/2017,James Lanier,West,Furniture,8.544,4,0.2,1.9224
CA-2017-128734,12/24/2017,James Lanier,West,Furniture,842.376,3,0.2,105.297
CA-2014-141796,6/21/2014,James Galang,East,Technology,1214.85,3,0,352.3065
CA-2017-125101,3/6/2017,Sally Hughsby,West,Office Supplies,67.78,2,0,16.945
CA-2017-169929,9/25/2017,Luke Schmidt,West,Office Supplies,39.9,5,0,10.374
US-2014-121566,6/30/2014,Cari Schnelling,East,Office Supplies,2.688,1,0.2,0.84
US-2014-121566,6/30/2014,Cari Schnelling,East,Office Supplies,6.6,3,0,2.904
US-2015-124219,8/7/2015,Kelly Williams,Central,Office Supplies,28.4,4,0,13.064
US-2015-124219,8/7/2015,Kelly Williams,Central,Furniture,212.94,3,0,34.0704
CA-2017-163006,6/30/2017,Gary Hansen,Central,Technology,1001.584,2,0.2,125.198
CA-2017-163006,6/30/2017,Gary Hansen,Central,Furniture,569.058,3,0.3,-178.8468
CA-2017-163006,6/30/2017,Gary Hansen,Central,Furniture,14.224,2,0.6,-10.3124
CA-2015-156146,10/26/2015,Andrew Gjertsen,West,Technology,105.584,2,0.2,9.2386
CA-2015-156146,10/26/2015,Andrew Gjertsen,West,Technology,68.72,2,0.2,-14.603
CA-2014-111192,7/30/2014,Tom Stivers,West,Furniture,1367.84,8,0,259.8896
CA-2016-115378,11/18/2016,Ashley Jarboe,Central,Furniture,301.96,2,0,33.2156
CA-2015-161627,7/6/2015,Sarah Jordon,West,Furniture,170.352,3,0.2,-17.0352
CA-2014-121006,11/10/2014,Sam Craven,Central,Office Supplies,3.9,2,0,1.521
CA-2014-121006,11/10/2014,Sam Craven,Central,Office Supplies,12.84,3,0,5.778
CA-2014-121006,11/10/2014,Sam Craven,Central,Office Supplies,15.84,3,0,7.128
CA-2014-121006,11/10/2014,Sam Craven,Central,Furniture,563.94,3,0,112.788
CA-2014-121006,11/10/2014,Sam Craven,Central,Office Supplies,62.94,3,0,11.9586
CA-2014-121006,11/10/2014,Sam Craven,Central,Office Supplies,535.41,3,0,160.623
CA-2016-122903,5/27/2016,Laura Armstrong,Central,Furniture,3504.9,5,0,700.98
CA-2016-122903,5/27/2016,Laura Armstrong,Central,Office Supplies,144.12,3,0,69.1776
CA-2016-122903,5/27/2016,Laura Armstrong,Central,Office Supplies,314.55,3,0,150.984
CA-2015-107741,3/8/2015,Fred Chung,West,Office Supplies,3.408,1,0.2,0.8946
CA-2017-106432,10/19/2017,Christina Anderson,Central,Office Supplies,2.072,2,0.8,-3.5224
CA-2017-106432,10/19/2017,Christina Anderson,Central,Furniture,328.3992,3,0.32,-91.7586
CA-2016-148908,11/5/2016,Joseph Holt,West,Office Supplies,53.248,2,0.2,19.968
CA-2016-123015,12/26/2016,Anthony Johnson,East,Office Supplies,4.992,3,0.2,1.6848
US-2015-120502,4/13/2015,Bill Tyler,West,Furniture,37.68,2,0,15.8256
US-2015-120502,4/13/2015,Bill Tyler,West,Technology,258.576,2,0.2,19.3932
US-2015-120502,4/13/2015,Bill Tyler,West,Office Supplies,75.84,2,0,29.5776
CA-2017-108749,9/12/2017,Don Jones,East,Office Supplies,45.36,7,0,21.7728
CA-2017-108749,9/12/2017,Don Jones,East,Office Supplies,45.78,3,0,22.89
CA-2017-163335,9/24/2017,Anna Gayman,South,Office Supplies,40.29,3,0,10.0725
CA-2017-163335,9/24/2017,Anna Gayman,South,Office Supplies,38.71,7,0,17.8066
CA-2015-134719,10/10/2015,John Dryer,South,Office Supplies,1801.632,6,0.2,-337.806
US-2015-154389,11/27/2015,Eugene Hildebrand,East,Technology,748.752,8,0.4,-162.2296
CA-2015-115567,9/13/2015,Zuschuss Carroll,Central,Technology,199.96,4,0,15.9968
CA-2015-115567,9/13/2015,Zuschuss Carroll,Central,Furniture,1516.2,7,0,394.212
US-2017-136679,11/14/2017,Xylona Preis,Central,Technology,167.952,6,0.2,-27.2922
US-2017-136679,11/14/2017,Xylona Preis,Central,Office Supplies,45.04,2,0.2,4.504
US-2017-141943,5/5/2017,Darren Koutras,West,Office Supplies,23.16,2,0,11.58
CA-2014-101560,11/28/2014,Chris Selesnick,South,Furniture,397.6,5,0,43.736
CA-2014-101560,11/28/2014,Chris Selesnick,South,Office Supplies,85.96,7,0,40.4012
CA-2014-101560,11/28/2014,Chris Selesnick,South,Office Supplies,13.12,4,0,4.3296
CA-2014-101560,11/28/2014,Chris Selesnick,South,Office Supplies,45.66,3,0,22.3734
CA-2014-159709,5/10/2014,Arianne Irving,West,Office Supplies,158.13,3,0,77.4837
CA-2014-159709,5/10/2014,Arianne Irving,West,Technology,43.6,5,0.2,4.36
CA-2016-103982,3/3/2016,Alex Avila,Central,Office Supplies,3930.072,3,0.2,-786.0144
CA-2016-103982,3/3/2016,Alex Avila,Central,Office Supplies,2.304,1,0.2,0.7776
CA-2016-103982,3/3/2016,Alex Avila,Central,Technology,431.976,3,0.2,32.3982
CA-2016-103982,3/3/2016,Alex Avila,Central,Technology,41.72,7,0.2,5.7365
CA-2015-142454,8/15/2015,Richard Eichhorn,West,Furniture,104.23,7,0,28.1421
CA-2015-142454,8/15/2015,Richard Eichhorn,West,Office Supplies,70.26,3,0,18.9702
CA-2015-102015,9/12/2015,Tamara Manning,East,Office Supplies,9.26,2,0,3.0558
CA-2015-102015,9/12/2015,Tamara Manning,East,Office Supplies,105.98,2,0,4.2392
CA-2015-102015,9/12/2015,Tamara Manning,East,Office Supplies,1.24,1,0,0.5828
CA-2015-102015,9/12/2015,Tamara Manning,East,Office Supplies,20.7,2,0,9.936
CA-2015-102015,9/12/2015,Tamara Manning,East,Office Supplies,28.9,5,0,14.161
CA-2015-102015,9/12/2015,Tamara Manning,East,Office Supplies,27.18,1,0,12.7746
CA-2015-156755,1/12/2015,Yana Sorensen,East,Office Supplies,465.18,3,0,120.9468
CA-2015-130876,5/12/2015,Annie Zypern,East,Office Supplies,36.63,3,0,9.8901
CA-2016-145898,9/26/2016,Chuck Magee,West,Office Supplies,51.45,3,0,13.8915
CA-2016-145898,9/26/2016,Chuck Magee,West,Office Supplies,7.83,3,0,3.6018
CA-2016-145898,9/26/2016,Chuck Magee,West,Office Supplies,35.4,5,0,13.452
CA-2016-145898,9/26/2016,Chuck Magee,West,Office Supplies,29.9,5,0,13.455
US-2017-159562,9/9/2017,Joy Bell-,Central,Office Supplies,17.48,2,0,8.2156
CA-2017-134635,4/15/2017,Noel Staavos,West,Office Supplies,79.14,3,0,36.4044
CA-2017-167080,6/10/2017,Linda Cazamias,East,Office Supplies,8.4,5,0,4.2
CA-2017-145653,9/1/2017,Cynthia Arntzen,Central,Furniture,498.26,7,0,134.5302
CA-2014-140487,6/14/2014,Sharelle Roach,Central,Furniture,212.94,3,0,57.4938
CA-2017-117401,5/18/2017,Paul Prost,Central,Office Supplies,706.86,7,0,197.9208
CA-2017-117401,5/18/2017,Paul Prost,Central,Technology,114.95,5,0,2.299
CA-2017-117401,5/18/2017,Paul Prost,Central,Office Supplies,43.19,7,0,20.7312
US-2017-109582,9/12/2017,John Murray,West,Office Supplies,166.44,3,0,79.8912
CA-2016-119865,6/21/2016,Adam Shillingsburg,East,Office Supplies,36.56,5,0.2,12.796
CA-2016-119865,6/21/2016,Adam Shillingsburg,East,Office Supplies,186.144,6,0.2,60.4968
CA-2016-119865,6/21/2016,Adam Shillingsburg,East,Furniture,353.568,2,0.2,-44.196
US-2014-147648,11/26/2014,Lindsay Shagiari,West,Office Supplies,81.98,2,0,40.1702
CA-2017-124436,3/19/2017,Sue Ann Reed,West,Office Supplies,14.624,2,0.2,5.1184
CA-2017-124436,3/19/2017,Sue Ann Reed,West,Furniture,697.16,5,0.2,8.7145
CA-2017-124436,3/19/2017,Sue Ann Reed,West,Furniture,30.93,1,0,12.6813
CA-2017-124436,3/19/2017,Sue Ann Reed,West,Office Supplies,27.496,7,0.2,9.2799
CA-2014-115084,10/18/2014,Luke Schmidt,South,Furniture,605.34,6,0,145.2816
CA-2017-131037,8/22/2017,Tony Molinari,West,Furniture,210.008,1,0.2,2.6251
CA-2016-111143,11/19/2016,Tim Taslimi,Central,Office Supplies,54.96,3,0,15.9384
CA-2014-166744,9/20/2014,Duane Noonan,East,Furniture,164.22,3,0,50.9082
CA-2014-166744,9/20/2014,Duane Noonan,East,Furniture,362.94,3,0,36.294
CA-2014-166744,9/20/2014,Duane Noonan,East,Technology,59.98,2,0,26.3912
CA-2016-116561,9/11/2016,Eugene Barchas,West,Office Supplies,332.94,3,0,6.6588
CA-2016-116561,9/11/2016,Eugene Barchas,West,Office Supplies,39.872,2,0.2,12.9584
CA-2016-110730,9/23/2016,Candace McMahon,West,Office Supplies,13.68,2,0,3.6936
CA-2017-146367,8/4/2017,Harry Marie,Central,Office Supplies,3.318,3,0.8,-5.6406
CA-2016-149454,7/25/2016,Katherine Murray,South,Office Supplies,10.44,1,0,4.8024
CA-2016-156265,8/2/2016,Barry Französisch,West,Furniture,136.464,2,0.2,15.3522
CA-2016-156265,8/2/2016,Barry Französisch,West,Technology,333.576,3,0.2,33.3576
CA-2016-156265,8/2/2016,Barry Französisch,West,Office Supplies,12.544,2,0.2,4.704
US-2015-168914,5/21/2015,Joel Eaton,Central,Office Supplies,20.768,8,0.8,-52.9584
US-2017-110989,11/3/2017,Eva Jacobs,West,Technology,43.5,3,0,10.875
CA-2015-106215,4/16/2015,Brad Norvell,East,Office Supplies,12.576,4,0.2,4.0872
US-2016-169369,12/12/2016,Erin Creighton,South,Technology,249.95,5,0,19.996
US-2016-169369,12/12/2016,Erin Creighton,South,Office Supplies,49.12,4,0,23.0864
CA-2015-132318,10/30/2015,Thomas Thornton,South,Office Supplies,182.91,3,0,53.0439
US-2014-131982,3/7/2014,Nora Pelletier,West,Office Supplies,107.648,2,0.2,33.64
CA-2015-125185,3/5/2015,Alan Haines,East,Furniture,99.372,2,0.3,-7.098
CA-2015-125185,3/5/2015,Alan Haines,East,Furniture,33.568,2,0.2,-5.4548
CA-2016-130078,8/8/2016,Charles Crestani,Central,Office Supplies,10.56,2,0,4.752
US-2017-114034,1/3/2017,Delfina Latchford,West,Office Supplies,38.88,6,0,18.6624
US-2017-115595,10/9/2017,Xylona Preis,West,Office Supplies,35.2,5,0,16.544
CA-2017-158722,10/20/2017,Matt Abelman,East,Office Supplies,45.528,3,0.2,15.9348
CA-2014-105165,9/7/2014,Sam Zeldin,Central,Technology,196.776,3,0.2,14.7582
CA-2014-105165,9/7/2014,Sam Zeldin,Central,Office Supplies,2.92,2,0.8,-4.818
CA-2014-105165,9/7/2014,Sam Zeldin,Central,Furniture,200.795,1,0.3,-22.948
CA-2014-105165,9/7/2014,Sam Zeldin,Central,Technology,46.688,4,0.2,-2.918
CA-2014-105165,9/7/2014,Sam Zeldin,Central,Office Supplies,21.864,3,0.2,3.5529
CA-2017-147452,9/30/2017,Cari Sayre,West,Office Supplies,11.76,2,0,5.7624
CA-2017-147452,9/30/2017,Cari Sayre,West,Office Supplies,167.94,3,0,82.2906
CA-2017-147452,9/30/2017,Cari Sayre,West,Office Supplies,3.89,1,0,1.0114
US-2017-114657,11/16/2017,Mick Hernandez,East,Technology,52.44,4,0,24.1224
CA-2017-144484,9/11/2017,Cassandra Brandow,West,Furniture,32.36,4,0,11.6496
CA-2017-144484,9/11/2017,Cassandra Brandow,West,Office Supplies,406.6,5,0,113.848
CA-2017-125913,1/16/2017,Jack O'Briant,West,Furniture,27.92,4,0,8.0968
CA-2017-125913,1/16/2017,Jack O'Briant,West,Furniture,399.672,7,0.2,-14.9877
US-2016-158309,11/26/2016,Pete Armstrong,South,Office Supplies,3.744,4,0.7,-2.6208
CA-2015-162887,11/7/2015,Stewart Visinsky,East,Furniture,715.2,3,0,178.8
CA-2017-147333,12/14/2017,Kelly Lampkin,South,Technology,159.8,4,0,70.312
CA-2017-147333,12/14/2017,Kelly Lampkin,South,Technology,44.75,5,0,8.5025
CA-2014-113859,9/13/2014,Becky Castell,Central,Furniture,340.116,6,0.3,-9.7176
CA-2014-159681,12/7/2014,Patrick O'Brill,South,Office Supplies,105.52,4,0,48.5392
US-2017-104094,9/7/2017,Anna Gayman,Central,Technology,13.48,1,0,1.8872
CA-2017-152709,10/7/2017,Dean Braden,Central,Office Supplies,85.52,2,0,22.2352
CA-2015-105158,9/5/2015,Sung Pak,Central,Furniture,6.16,2,0,2.9568
CA-2015-105158,9/5/2015,Sung Pak,Central,Office Supplies,36.84,3,0,17.3148
CA-2014-133424,3/30/2014,Dorris liebe,West,Office Supplies,15.84,3,0,0
CA-2014-133424,3/30/2014,Dorris liebe,West,Office Supplies,44.4,3,0,22.2
CA-2017-105991,5/5/2017,Lisa Hazard,West,Office Supplies,21.24,9,0.2,7.434
CA-2017-105991,5/5/2017,Lisa Hazard,West,Office Supplies,9.552,8,0.7,-7.3232
CA-2017-105991,5/5/2017,Lisa Hazard,West,Furniture,89.991,3,0.7,-152.9847
US-2017-136784,4/30/2017,Alan Dominguez,West,Office Supplies,163.96,4,0,80.3404
CA-2014-146283,9/8/2014,Kean Takahito,Central,Office Supplies,17.904,2,0.2,6.2664
CA-2014-146283,9/8/2014,Kean Takahito,Central,Furniture,966.7,5,0.3,-13.81
CA-2014-146283,9/8/2014,Kean Takahito,Central,Office Supplies,182.112,6,0.2,61.4628
CA-2017-151218,6/20/2017,Pauline Johnson,South,Office Supplies,4.464,1,0.2,0.3348
CA-2015-111073,12/26/2015,Mick Crebagga,East,Furniture,51.588,1,0.4,-15.4764
CA-2017-144883,8/15/2017,Bill Overfelt,Central,Office Supplies,50.4,8,0,23.184
CA-2017-142174,3/4/2017,Darren Powers,Central,Office Supplies,89.568,2,0.2,32.4684
CA-2017-108791,7/27/2017,Tony Molinari,East,Furniture,14.89,1,0,4.0203
CA-2017-108791,7/27/2017,Tony Molinari,East,Technology,543.92,8,0,135.98
CA-2016-106656,9/23/2016,Darrin Van Huff,West,Office Supplies,4.08,2,0,1.9176
CA-2016-106656,9/23/2016,Darrin Van Huff,West,Office Supplies,18.9,3,0,8.694
CA-2016-113831,5/30/2016,Anna Häberlin,South,Furniture,2275.5,10,0,386.835
CA-2016-113831,5/30/2016,Anna Häberlin,South,Technology,1979.7,6,0,653.301
CA-2016-113831,5/30/2016,Anna Häberlin,South,Office Supplies,62.1,6,0,29.808
US-2014-139500,11/16/2014,Alan Barnes,Central,Furniture,37.296,2,0.3,-1.0656
US-2014-166310,9/21/2014,Joni Sundaresam,Central,Furniture,8.544,2,0.6,-7.476
US-2016-168410,2/21/2016,Benjamin Venier,East,Furniture,68.95,5,0,28.959
US-2016-168410,2/21/2016,Benjamin Venier,East,Office Supplies,296.37,3,0,80.0199
US-2016-168410,2/21/2016,Benjamin Venier,East,Technology,39.98,2,0,1.999
CA-2017-131254,11/19/2017,Nathan Cano,Central,Furniture,191.058,3,0.3,-46.3998
CA-2017-131254,11/19/2017,Nathan Cano,Central,Office Supplies,13.04,5,0.2,3.912
CA-2017-131254,11/19/2017,Nathan Cano,Central,Office Supplies,1525.188,6,0.8,-2287.782
CA-2016-123414,8/21/2016,Stephanie Ulpright,South,Office Supplies,9.216,4,0.2,3.3408
CA-2016-123414,8/21/2016,Stephanie Ulpright,South,Office Supplies,28.048,2,0.2,3.506
CA-2017-137876,4/30/2017,Don Jones,West,Furniture,64.96,2,0,21.4368
CA-2017-137876,4/30/2017,Don Jones,West,Office Supplies,30.56,4,0,14.9744
CA-2016-154060,5/2/2016,Dan Lawera,South,Furniture,187.056,9,0.2,11.691
US-2017-162558,10/2/2017,Dean percer,South,Furniture,11.808,2,0.2,1.3284
US-2017-162558,10/2/2017,Dean percer,South,Furniture,9.656,1,0.2,1.5691
US-2017-162558,10/2/2017,Dean percer,South,Office Supplies,20.736,4,0.2,7.2576
US-2017-162558,10/2/2017,Dean percer,South,Office Supplies,27.36,3,0.7,-21.888
US-2017-162558,10/2/2017,Dean percer,South,Furniture,2314.116,7,0.4,-1002.7836
US-2017-162558,10/2/2017,Dean percer,South,Office Supplies,34.236,4,0.7,-26.2476
US-2017-162558,10/2/2017,Dean percer,South,Furniture,19.76,2,0.2,5.928
CA-2017-134439,9/18/2017,Tamara Manning,Central,Office Supplies,15.96,2,0,7.98
CA-2015-119508,12/4/2015,Tracy Zic,West,Office Supplies,16.9,5,0,6.253
CA-2015-119508,12/4/2015,Tracy Zic,West,Furniture,25.08,6,0,9.0288
CA-2015-152681,1/17/2015,Scott Cohen,East,Office Supplies,6.68,2,0,2.004
CA-2014-130813,1/6/2014,Lycoris Saunders,West,Office Supplies,19.44,3,0,9.3312
CA-2015-120320,3/5/2015,Mike Vittorini,Central,Technology,31.92,2,0.2,2.394
CA-2016-111941,12/25/2016,Brian DeCherney,East,Office Supplies,33.568,2,0.2,11.7488
CA-2016-123120,9/4/2016,Christina VanderZanden,East,Furniture,63.94,1,0,24.9366
CA-2016-123120,9/4/2016,Christina VanderZanden,East,Office Supplies,60.6,5,0.2,20.4525
CA-2016-123120,9/4/2016,Christina VanderZanden,East,Office Supplies,22.72,4,0,6.5888
CA-2014-103331,8/26/2014,Karl Braun,East,Furniture,10.68,4,0,4.0584
CA-2014-103331,8/26/2014,Karl Braun,East,Office Supplies,17.34,3,0,8.4966
CA-2014-103331,8/26/2014,Karl Braun,East,Office Supplies,3.38,1,0,1.5548
CA-2015-169278,5/21/2015,Michelle Ellison,West,Office Supplies,26.976,4,0.2,8.7672
CA-2017-111577,10/16/2017,Anthony Jacobs,West,Office Supplies,307.776,7,0.2,111.5688
CA-2015-146486,11/9/2015,Dianna Vittorini,East,Office Supplies,244.55,5,0,4.891
CA-2015-146486,11/9/2015,Dianna Vittorini,East,Office Supplies,12.24,6,0,5.7528
CA-2015-146486,11/9/2015,Dianna Vittorini,East,Technology,13.98,2,0,6.0114
CA-2015-146486,11/9/2015,Dianna Vittorini,East,Technology,899.95,5,0,53.997
US-2014-168501,11/21/2014,Jason Klamczynski,Central,Office Supplies,1.632,1,0.2,0.5508
US-2014-168501,11/21/2014,Jason Klamczynski,Central,Technology,267.96,5,0.2,16.7475
CA-2015-112053,10/11/2015,Shahid Hopkins,East,Technology,31.95,1,0,2.2365
CA-2017-108539,3/21/2017,Steven Cartwright,West,Office Supplies,725.84,4,0,210.4936
CA-2017-108539,3/21/2017,Steven Cartwright,West,Office Supplies,10.896,3,0.2,3.9498
CA-2017-108539,3/21/2017,Steven Cartwright,West,Office Supplies,8.544,2,0.2,2.8836
CA-2015-149811,1/4/2015,Chris Selesnick,Central,Office Supplies,32.34,3,0,15.5232
CA-2015-149811,1/4/2015,Chris Selesnick,Central,Office Supplies,39.9,5,0,19.95
US-2017-103814,12/9/2017,Lena Hernandez,Central,Office Supplies,143.856,9,0.2,48.5514
CA-2016-123932,9/6/2016,Yoseph Carroll,Central,Office Supplies,41.92,4,0.2,15.196
CA-2016-123932,9/6/2016,Yoseph Carroll,Central,Technology,329.584,2,0.2,37.0782
US-2016-101616,9/3/2016,Craig Yedwab,South,Office Supplies,87.28,8,0,41.0216
CA-2014-113768,5/13/2014,Aaron Hawkins,West,Furniture,279.456,6,0.2,20.9592
CA-2014-113768,5/13/2014,Aaron Hawkins,West,Office Supplies,8,2,0,3.84
CA-2016-138037,9/29/2016,Andy Reiter,West,Office Supplies,27.24,5,0.2,9.534
CA-2014-150490,8/5/2014,Sonia Sunley,West,Technology,16.36,1,0,1.636
CA-2014-150490,8/5/2014,Sonia Sunley,West,Office Supplies,15.78,2,0,0.6312
CA-2014-150490,8/5/2014,Sonia Sunley,West,Office Supplies,45.98,2,0,12.8744
US-2017-126060,4/14/2017,Dorothy Wardle,South,Furniture,198.272,8,0.2,-32.2192
CA-2017-100951,6/9/2017,Noah Childs,Central,Office Supplies,720.76,5,0.2,54.057
CA-2016-122017,12/29/2016,Carlos Daly,Central,Furniture,70.56,6,0,23.9904
CA-2016-122017,12/29/2016,Carlos Daly,Central,Office Supplies,81.96,2,0,22.9488
CA-2014-123477,1/18/2014,David Wiener,West,Office Supplies,64.864,4,0.2,6.4864
CA-2016-107790,11/20/2016,Erica Hackney,Central,Technology,151.192,1,0.2,13.2293
CA-2017-158071,6/10/2017,Bill Donatelli,West,Technology,88.776,3,0.2,7.7679
CA-2017-158071,6/10/2017,Bill Donatelli,West,Office Supplies,11.56,4,0,5.4332
CA-2017-158071,6/10/2017,Bill Donatelli,West,Office Supplies,15.58,1,0,3.895
CA-2017-147403,9/10/2017,Ken Heidel,East,Office Supplies,85.056,3,0.2,28.7064
US-2017-136721,4/8/2017,Nicole Hansen,Central,Furniture,273.96,2,0,71.2296
US-2017-136721,4/8/2017,Nicole Hansen,Central,Furniture,306.9,3,0,79.794
CA-2015-118738,10/24/2015,Andrew Gjertsen,Central,Office Supplies,15.552,3,0.2,5.4432
CA-2015-118738,10/24/2015,Andrew Gjertsen,Central,Furniture,347.361,7,0.3,-69.4722
CA-2015-118738,10/24/2015,Andrew Gjertsen,Central,Office Supplies,10.368,2,0.2,3.6288
CA-2017-134152,5/27/2017,Roy Phan,West,Technology,98.16,6,0,9.816
CA-2017-134152,5/27/2017,Roy Phan,West,Office Supplies,31.44,3,0,7.86
CA-2014-125542,12/5/2014,Nona Balk,East,Office Supplies,348.488,7,0.2,117.6147
CA-2014-125542,12/5/2014,Nona Balk,East,Office Supplies,172.736,4,0.2,-30.2288
CA-2016-136021,8/14/2016,Jill Matthias,West,Office Supplies,15.54,3,0,7.6146
CA-2016-136021,8/14/2016,Jill Matthias,West,Technology,105.552,6,0.2,35.6238
CA-2016-149195,9/5/2016,Don Miller,Central,Office Supplies,25.92,5,0.2,9.072
CA-2016-149195,9/5/2016,Don Miller,Central,Office Supplies,15.808,8,0.2,5.3352
CA-2016-149195,9/5/2016,Don Miller,Central,Office Supplies,10.368,2,0.2,3.7584
CA-2017-161410,6/26/2017,Chris Cortes,East,Technology,358.2,3,0.4,41.79
CA-2017-161410,6/26/2017,Chris Cortes,East,Technology,545.916,14,0.4,72.7888
CA-2017-152786,3/12/2017,Guy Armstrong,South,Office Supplies,40.41,9,0,18.5886
CA-2017-164707,2/18/2017,Cynthia Voltz,West,Technology,167.976,3,0.2,10.4985
CA-2017-164707,2/18/2017,Cynthia Voltz,West,Technology,109.53,3,0,47.0979
CA-2017-164707,2/18/2017,Cynthia Voltz,West,Office Supplies,9.82,2,0,4.8118
CA-2017-163874,11/10/2017,Nick Crebassa,West,Office Supplies,26.352,3,0.2,9.5526
US-2014-123183,11/19/2014,Georgia Rosenberg,East,Office Supplies,22.5,6,0,10.8
US-2014-123183,11/19/2014,Georgia Rosenberg,East,Office Supplies,9.96,2,0,4.5816
US-2014-123183,11/19/2014,Georgia Rosenberg,East,Office Supplies,213.08,7,0,102.2784
US-2014-123183,11/19/2014,Georgia Rosenberg,East,Furniture,1025.88,6,0,235.9524
CA-2014-104829,11/18/2014,John Grady,West,Office Supplies,21.98,7,0,9.891
US-2016-147340,9/24/2016,Edward Becker,West,Furniture,63.2,5,0,23.384
CA-2016-145492,11/20/2016,Matt Connell,West,Office Supplies,39,12,0,11.31
CA-2016-163202,9/27/2016,Brian Moss,East,Office Supplies,2.907,3,0.7,-2.0349
CA-2016-117681,4/9/2016,Herbert Flentye,West,Furniture,556.665,5,0.15,6.549
CA-2017-132262,9/21/2017,Muhammed Lee,West,Technology,71.98,2,0,15.1158
CA-2017-132262,9/21/2017,Muhammed Lee,West,Technology,79.98,2,0,26.3934
CA-2017-123043,8/24/2017,Alan Haines,East,Office Supplies,24.672,4,0.2,7.71
CA-2017-123043,8/24/2017,Alan Haines,East,Office Supplies,3.744,1,0.2,1.3104
US-2016-143280,2/22/2016,Tracy Zic,West,Technology,445.96,5,0.2,55.745
US-2016-143280,2/22/2016,Tracy Zic,West,Technology,36.24,1,0,15.2208
US-2016-143280,2/22/2016,Tracy Zic,West,Office Supplies,10.65,3,0,5.0055
CA-2017-108854,12/8/2017,Denise Monton,West,Office Supplies,87.92,4,0,40.4432
CA-2017-108854,12/8/2017,Denise Monton,West,Office Supplies,22.424,1,0.2,8.409
CA-2017-108854,12/8/2017,Denise Monton,West,Office Supplies,90.48,3,0.2,33.93
CA-2017-108854,12/8/2017,Denise Monton,West,Office Supplies,42.76,1,0,11.1176
CA-2017-166856,9/18/2017,Tony Sayre,West,Office Supplies,10.08,7,0.2,3.528
CA-2017-166856,9/18/2017,Tony Sayre,West,Technology,101.34,3,0,8.1072
CA-2016-153157,9/11/2016,Trudy Brown,Central,Technology,224.75,5,0,62.93
US-2017-125647,9/23/2017,Lena Cacioppo,Central,Office Supplies,73.176,6,0.8,-197.5752
US-2017-125647,9/23/2017,Lena Cacioppo,Central,Office Supplies,20.736,4,0.2,7.2576
US-2017-125647,9/23/2017,Lena Cacioppo,Central,Technology,39.984,2,0.2,-8.9964
CA-2014-132542,10/6/2014,Alice McCarthy,Central,Office Supplies,15.36,2,0,7.68
CA-2015-110877,10/23/2015,Joe Elijah,Central,Office Supplies,36.288,7,0.2,12.7008
CA-2015-110877,10/23/2015,Joe Elijah,Central,Technology,150.384,2,0.2,15.0384
US-2016-151827,3/31/2016,Carlos Soltero,East,Technology,280.782,3,0.4,-60.8361
US-2016-151827,3/31/2016,Carlos Soltero,East,Technology,31.984,2,0.2,1.1994
US-2016-163258,12/29/2016,Phillip Flathmann,West,Office Supplies,11.232,3,0.2,3.9312
CA-2017-103009,11/3/2017,Patrick Jones,South,Office Supplies,26.4,5,0,11.88
US-2017-120649,1/20/2017,Jeremy Farry,East,Office Supplies,3.52,2,0,1.0208
CA-2016-153598,12/3/2016,Neoma Murray,West,Technology,1649.95,5,0,659.98
CA-2016-153598,12/3/2016,Neoma Murray,West,Furniture,111.9,6,0,51.474
US-2016-108497,6/14/2016,Marc Harrigan,West,Furniture,599.165,5,0.15,35.245
CA-2016-113096,9/2/2016,Sam Zeldin,West,Office Supplies,46.53,3,0,12.0978
CA-2014-136861,9/5/2014,Patrick Ryan,South,Furniture,31.984,2,0.2,1.999
CA-2017-117422,10/21/2017,Frank Carlisle,East,Office Supplies,161.568,2,0.2,16.1568
CA-2017-117422,10/21/2017,Frank Carlisle,East,Office Supplies,4.064,1,0.2,1.3716
CA-2017-117422,10/21/2017,Frank Carlisle,East,Office Supplies,6.216,4,0.7,-4.9728
CA-2017-129707,4/25/2017,Larry Hughes,West,Office Supplies,8.896,4,0.2,0.6672
CA-2015-160171,10/19/2015,Robert Marley,West,Office Supplies,1640.7,5,0,459.396
CA-2015-160171,10/19/2015,Robert Marley,West,Technology,270,3,0,97.2
CA-2014-103317,7/5/2014,Don Miller,South,Furniture,19.52,2,0.2,5.368
CA-2014-103317,7/5/2014,Don Miller,South,Office Supplies,9.81,5,0.7,-6.867
CA-2014-103317,7/5/2014,Don Miller,South,Furniture,213.216,3,0.2,15.9912
CA-2016-167115,4/4/2016,Evan Henry,East,Office Supplies,588.784,2,0.2,183.995
US-2017-153633,11/13/2017,Toby Carlisle,South,Office Supplies,2.064,1,0.2,0.1548
CA-2017-155929,9/9/2017,Arianne Irving,West,Office Supplies,6.368,2,0.2,2.388
CA-2015-148712,4/17/2015,Jessica Myrick,East,Technology,99.6,1,0,36.852
CA-2015-148712,4/17/2015,Jessica Myrick,East,Office Supplies,62.296,13,0.2,21.0249
CA-2015-148712,4/17/2015,Jessica Myrick,East,Office Supplies,10.71,3,0,2.7846
CA-2016-128307,7/25/2016,Bill Eplett,Central,Office Supplies,20.936,1,0.2,7.0659
US-2016-127425,8/26/2016,Dan Reichenbach,East,Technology,33,6,0,8.25
US-2016-127425,8/26/2016,Dan Reichenbach,East,Technology,249.95,5,0,87.4825
US-2014-119081,9/12/2014,Tom Ashbrook,Central,Office Supplies,357.93,3,0,7.1586
US-2014-119081,9/12/2014,Tom Ashbrook,Central,Technology,57.4,5,0,10.906
US-2014-119081,9/12/2014,Tom Ashbrook,Central,Office Supplies,331.96,2,0,149.382
US-2014-119081,9/12/2014,Tom Ashbrook,Central,Furniture,40.56,2,0,12.9792
CA-2016-140613,7/22/2016,Kristina Nunn,West,Office Supplies,86.2,5,0,24.998
US-2017-108700,5/19/2017,Patrick Jones,Central,Office Supplies,38.016,6,0.2,13.7808
CA-2017-160962,4/28/2017,Matt Connell,East,Office Supplies,8.384,1,0.2,0.7336
CA-2017-160962,4/28/2017,Matt Connell,East,Office Supplies,6.848,2,0.2,0.7704
CA-2017-130631,12/29/2017,Bruce Stewart,West,Office Supplies,19.6,5,0,9.604
CA-2017-130631,12/29/2017,Bruce Stewart,West,Furniture,68.46,2,0,20.538
CA-2017-116680,9/4/2017,Pete Kriz,West,Office Supplies,13.344,6,0.2,4.3368
CA-2017-116680,9/4/2017,Pete Kriz,West,Furniture,1478.272,8,0.2,92.392
US-2014-107405,3/21/2014,Thomas Seio,South,Office Supplies,16.272,1,0.2,-3.8646
CA-2017-101574,9/28/2017,Bruce Degenhardt,West,Furniture,9.24,3,0,4.4352
CA-2014-146591,1/19/2014,Toby Swindell,West,Office Supplies,32.34,10,0.7,-23.716
CA-2014-146591,1/19/2014,Toby Swindell,West,Office Supplies,56.064,4,0.2,19.6224
CA-2014-146591,1/19/2014,Toby Swindell,West,Office Supplies,108.72,5,0.2,36.693
CA-2014-146591,1/19/2014,Toby Swindell,West,Furniture,181.47,5,0.7,-320.597
CA-2014-107706,2/14/2014,Shui Tom,Central,Office Supplies,16.176,3,0.2,6.066
CA-2016-122448,6/9/2016,Dean Braden,West,Furniture,122.352,3,0.2,13.7646
CA-2014-132451,9/26/2014,Karen Ferguson,West,Furniture,585.552,3,0.2,73.194
CA-2014-132451,9/26/2014,Karen Ferguson,West,Office Supplies,19.44,3,0,9.3312
CA-2016-158547,5/30/2016,Justin MacKendrick,East,Office Supplies,123.92,5,0.2,9.294
CA-2017-116946,12/19/2017,Tony Sayre,West,Furniture,13.36,5,0.2,4.008
CA-2017-116946,12/19/2017,Tony Sayre,West,Office Supplies,78.256,2,0.2,-17.6076
CA-2017-116946,12/19/2017,Tony Sayre,West,Furniture,102.018,7,0.7,-183.6324
CA-2017-121741,12/26/2017,Yoseph Carroll,Central,Office Supplies,750.68,2,0,37.534
CA-2017-169691,6/15/2017,Dean percer,Central,Office Supplies,44.4,3,0,22.2
CA-2017-169691,6/15/2017,Dean percer,Central,Office Supplies,84.55,5,0,22.8285
CA-2017-169691,6/15/2017,Dean percer,Central,Office Supplies,17.94,3,0,8.7906
CA-2016-121356,11/20/2016,Shirley Jackson,East,Office Supplies,128.4,3,0,62.916
CA-2014-101770,3/31/2014,Karen Bern,South,Office Supplies,1.869,1,0.7,-1.3083
CA-2017-105487,10/8/2017,Chris Selesnick,West,Technology,103.192,1,0.2,11.6091
CA-2017-105487,10/8/2017,Chris Selesnick,West,Technology,36,2,0,6.48
CA-2017-105487,10/8/2017,Chris Selesnick,West,Technology,239.96,4,0,115.1808
CA-2017-105487,10/8/2017,Chris Selesnick,West,Office Supplies,40.68,2,0,0.4068
CA-2017-148999,1/30/2017,Emily Burns,South,Furniture,419.136,4,0.2,-68.1096
CA-2014-107573,12/12/2014,Philip Brown,South,Office Supplies,23.472,3,0.2,7.6284
CA-2015-156608,10/24/2015,Michelle Tran,Central,Office Supplies,3.592,4,0.8,-6.286
CA-2017-134495,4/1/2017,Barry Französisch,South,Technology,23.976,3,0.2,-5.6943
CA-2017-134495,4/1/2017,Barry Französisch,South,Office Supplies,6.264,3,0.2,2.0358
CA-2017-134495,4/1/2017,Barry Französisch,South,Office Supplies,20.808,3,0.2,1.8207
CA-2017-134495,4/1/2017,Barry Französisch,South,Furniture,218.352,3,0.2,-19.1058
CA-2017-164098,1/26/2017,Claire Gute,Central,Office Supplies,18.16,2,0.2,1.816
CA-2014-105249,11/28/2014,Duane Huffman,West,Office Supplies,7.36,2,0,0.1472
CA-2014-105249,11/28/2014,Duane Huffman,West,Office Supplies,41.4,4,0,19.872
CA-2014-105249,11/28/2014,Duane Huffman,West,Furniture,411.332,4,0.15,-4.8392
CA-2015-113523,9/4/2015,Shaun Chance,East,Office Supplies,7.656,4,0.7,-6.1248
CA-2017-117821,6/12/2017,Hunter Glantz,East,Technology,63.92,2,0.2,19.176
CA-2017-164378,7/15/2017,Michelle Moray,East,Office Supplies,6.56,2,0,1.9024
CA-2017-164378,7/15/2017,Michelle Moray,East,Office Supplies,7.83,3,0,3.6018
CA-2017-164378,7/15/2017,Michelle Moray,East,Technology,41.9,2,0,8.799
CA-2017-164378,7/15/2017,Michelle Moray,East,Furniture,664.146,6,0.1,88.5528
CA-2017-164378,7/15/2017,Michelle Moray,East,Office Supplies,8.96,2,0,4.3904
CA-2017-127782,11/2/2017,Thea Hudgings,East,Furniture,3.312,1,0.2,0.6624
CA-2017-127782,11/2/2017,Thea Hudgings,East,Office Supplies,20.136,3,0.2,1.2585
CA-2017-127782,11/2/2017,Thea Hudgings,East,Office Supplies,8.856,3,0.2,2.8782
CA-2017-127782,11/2/2017,Thea Hudgings,East,Technology,859.2,4,0.4,-186.16
US-2016-162026,10/8/2016,Joel Eaton,West,Office Supplies,61.96,2,0,27.882
CA-2016-150000,4/8/2016,Patrick Gardner,South,Office Supplies,17.92,4,0,8.6016
CA-2015-168529,10/8/2015,Maria Bertelson,West,Furniture,145.9,5,0,62.737
US-2017-152569,5/15/2017,Joy Daniels,Central,Office Supplies,56.704,2,0.2,19.1376
US-2017-152569,5/15/2017,Joy Daniels,Central,Technology,11.12,2,0.2,3.475
US-2014-137680,2/24/2014,Jennifer Halladay,West,Office Supplies,32.896,4,0.2,11.1024
US-2014-137680,2/24/2014,Jennifer Halladay,West,Office Supplies,22.776,3,0.2,7.6869
CA-2015-103177,5/30/2015,Edward Nazzal,East,Technology,239.97,3,0,2.3997
CA-2015-103177,5/30/2015,Edward Nazzal,East,Office Supplies,160.32,2,0,44.8896
CA-2015-103177,5/30/2015,Edward Nazzal,East,Technology,128.85,3,0,3.8655
US-2016-138408,11/18/2016,Karen Carlisle,South,Technology,1319.96,4,0,527.984
CA-2017-117667,12/4/2017,Michael Stewart,East,Furniture,239.96,10,0.3,-10.284
CA-2017-117667,12/4/2017,Michael Stewart,East,Furniture,54.768,2,0.2,6.846
CA-2017-117667,12/4/2017,Michael Stewart,East,Office Supplies,13.392,3,0.2,3.1806
CA-2017-117667,12/4/2017,Michael Stewart,East,Office Supplies,23.92,5,0.2,8.671
CA-2017-117667,12/4/2017,Michael Stewart,East,Technology,255.968,4,0.2,-28.7964
CA-2016-110982,6/5/2016,Chloris Kastensmidt,West,Office Supplies,21.552,6,0.2,7.0044
CA-2016-110982,6/5/2016,Chloris Kastensmidt,West,Office Supplies,58.24,4,0,15.7248
CA-2016-147123,12/10/2016,Sanjit Jacobs,West,Office Supplies,80.28,12,0,36.9288
CA-2017-154501,4/30/2017,Erin Ashbrook,West,Office Supplies,9.78,2,0,4.0098
CA-2017-166933,4/24/2017,Michael Granlund,West,Office Supplies,1.81,1,0,0.6516
CA-2015-142055,5/8/2015,Alejandro Ballentine,East,Office Supplies,37.94,2,0,18.2112
CA-2015-137106,3/31/2015,Scott Cohen,South,Technology,79.96,5,0.2,27.986
CA-2017-136609,8/6/2017,Todd Boyes,Central,Office Supplies,115.296,3,0.2,40.3536
CA-2017-160885,12/2/2017,Juliana Krohn,Central,Technology,2479.96,4,0,743.988
US-2016-167472,6/6/2016,Clytie Kelty,South,Technology,179.94,6,0,75.5748
US-2016-167472,6/6/2016,Clytie Kelty,South,Technology,26.85,3,0,5.1015
US-2016-167472,6/6/2016,Clytie Kelty,South,Technology,323.37,3,0,129.348
US-2016-167472,6/6/2016,Clytie Kelty,South,Office Supplies,59.94,3,0,28.1718
US-2016-167472,6/6/2016,Clytie Kelty,South,Office Supplies,64.14,3,0,30.7872
US-2016-167472,6/6/2016,Clytie Kelty,South,Office Supplies,11.67,3,0,5.6016
US-2016-167472,6/6/2016,Clytie Kelty,South,Office Supplies,12.96,2,0,6.2208
CA-2015-120551,4/13/2015,Sonia Sunley,Central,Office Supplies,17.43,3,0,8.0178
US-2017-150595,5/22/2017,Laurel Elliston,Central,Furniture,181.986,2,0.3,-54.5958
US-2017-150595,5/22/2017,Laurel Elliston,Central,Office Supplies,1.592,2,0.8,-2.6268
US-2017-150595,5/22/2017,Laurel Elliston,Central,Office Supplies,22.344,3,0.2,2.5137
CA-2016-134936,12/19/2016,Erin Smith,West,Furniture,455.97,6,0.5,-218.8656
CA-2016-134936,12/19/2016,Erin Smith,West,Office Supplies,10.44,6,0.7,-7.656
CA-2016-134936,12/19/2016,Erin Smith,West,Office Supplies,5.214,2,0.7,-4.1712
CA-2017-102967,9/22/2017,Michael Granlund,East,Office Supplies,67.4,5,0,17.524
CA-2017-151008,9/7/2017,Justin MacKendrick,West,Furniture,25.16,2,0,10.5672
CA-2017-151008,9/7/2017,Justin MacKendrick,West,Technology,126.56,4,0.2,47.46
CA-2014-159800,11/28/2014,Sheri Gordon,West,Office Supplies,43.68,3,0,11.7936
CA-2014-159800,11/28/2014,Sheri Gordon,West,Technology,139.93,7,0,34.9825
US-2014-159618,11/12/2014,Darren Budd,Central,Office Supplies,2.672,1,0.2,0.334
US-2014-159618,11/12/2014,Darren Budd,Central,Office Supplies,16.656,6,0.2,-3.123
US-2014-159618,11/12/2014,Darren Budd,Central,Technology,79.512,3,0.2,20.8719
US-2014-159618,11/12/2014,Darren Budd,Central,Office Supplies,36.288,7,0.2,12.7008
US-2014-159618,11/12/2014,Darren Budd,Central,Furniture,67.9932,1,0.32,-12.9987
CA-2017-116113,10/2/2017,Jane Waco,South,Furniture,10.16,2,0,3.4544
CA-2015-125066,12/14/2015,Keith Dawkins,South,Furniture,6.16,2,0,1.9712
CA-2015-125066,12/14/2015,Keith Dawkins,South,Office Supplies,56.3,2,0,15.764
US-2015-114741,12/6/2015,Ivan Liston,West,Office Supplies,6.48,1,0,3.1104
US-2015-114741,12/6/2015,Ivan Liston,West,Office Supplies,1325.85,5,0,238.653
US-2015-114741,12/6/2015,Ivan Liston,West,Office Supplies,14.94,3,0,6.8724
CA-2017-133263,3/31/2017,Jim Epp,South,Office Supplies,34.54,1,0,17.27
CA-2017-133263,3/31/2017,Jim Epp,South,Technology,2999.95,5,0,1439.976
CA-2017-133263,3/31/2017,Jim Epp,South,Office Supplies,64.12,4,0,30.7776
CA-2017-157966,3/13/2017,Stephanie Ulpright,Central,Office Supplies,19.456,4,0.2,2.1888
CA-2017-157966,3/13/2017,Stephanie Ulpright,Central,Technology,209.986,2,0.3,8.9994
CA-2017-157966,3/13/2017,Stephanie Ulpright,Central,Office Supplies,29.76,5,0.2,1.86
CA-2017-157966,3/13/2017,Stephanie Ulpright,Central,Furniture,89.768,1,0.3,-2.5648
CA-2017-157966,3/13/2017,Stephanie Ulpright,Central,Technology,959.984,2,0.2,335.9944
CA-2017-157966,3/13/2017,Stephanie Ulpright,Central,Office Supplies,15.552,3,0.2,5.6376
CA-2017-157966,3/13/2017,Stephanie Ulpright,Central,Technology,34.36,1,0.2,-7.3015
CA-2014-151162,12/5/2014,Erin Ashbrook,East,Office Supplies,98.376,3,0.2,35.6613
CA-2014-151162,12/5/2014,Erin Ashbrook,East,Office Supplies,29.94,4,0.7,-23.952
CA-2014-151162,12/5/2014,Erin Ashbrook,East,Office Supplies,17.472,3,0.2,5.6784
CA-2014-151162,12/5/2014,Erin Ashbrook,East,Technology,36.738,1,0.4,-9.1845
CA-2014-151162,12/5/2014,Erin Ashbrook,East,Technology,179.94,2,0.4,-44.985
CA-2016-136686,12/12/2016,Roy Französisch,West,Furniture,383.64,6,0,122.7648
CA-2016-136686,12/12/2016,Roy Französisch,West,Office Supplies,56.52,3,0,15.8256
CA-2017-137498,9/9/2017,Liz Carlisle,West,Office Supplies,6.56,2,0,1.9024
CA-2017-137498,9/9/2017,Liz Carlisle,West,Furniture,243.92,5,0.2,-15.245
CA-2017-137498,9/9/2017,Liz Carlisle,West,Office Supplies,47.52,9,0,22.8096
CA-2017-163818,10/4/2017,Paul Stevenson,East,Furniture,19.98,1,0,8.5914
CA-2016-161158,5/9/2016,Paul Stevenson,East,Office Supplies,8,5,0,3.44
CA-2014-116673,12/15/2014,Jas O'Carroll,West,Furniture,6.16,2,0,1.9712
CA-2017-105333,11/30/2017,Victor Preis,East,Office Supplies,83.56,4,0,1.6712
CA-2017-105333,11/30/2017,Victor Preis,East,Technology,546.06,3,0,163.818
CA-2017-105333,11/30/2017,Victor Preis,East,Office Supplies,269.49,3,0,5.3898
CA-2015-149993,3/19/2015,Guy Armstrong,West,Office Supplies,10.9,5,0,3.597
CA-2014-168158,7/19/2014,Eugene Moren,West,Office Supplies,6.096,2,0.2,2.2098
CA-2016-115224,12/8/2016,Doug Bickford,West,Office Supplies,34.05,3,0,9.534
CA-2016-115224,12/8/2016,Doug Bickford,West,Office Supplies,352.38,2,0,81.0474
CA-2014-164742,10/13/2014,Marina Lichtenstein,East,Furniture,245.98,2,0,27.0578
CA-2014-164742,10/13/2014,Marina Lichtenstein,East,Office Supplies,18.94,1,0,9.47
US-2017-108014,11/19/2017,Jennifer Halladay,East,Office Supplies,59.913,7,0.7,-45.9333
CA-2017-160325,9/24/2017,Bart Pistole,East,Technology,391.98,2,0,109.7544
CA-2017-160325,9/24/2017,Bart Pistole,East,Technology,437.85,3,0,131.355
CA-2015-159779,9/25/2015,Sarah Brown,East,Office Supplies,68.62,2,0,32.2514
CA-2017-151176,2/13/2017,Stewart Visinsky,East,Office Supplies,25.02,3,0,6.5052
CA-2017-151176,2/13/2017,Stewart Visinsky,East,Office Supplies,10.71,3,0,2.7846
CA-2014-108903,10/3/2014,Denny Ordway,East,Office Supplies,55.984,2,0.2,4.1988
CA-2014-108903,10/3/2014,Denny Ordway,East,Office Supplies,14.48,5,0.2,4.887
CA-2014-108903,10/3/2014,Denny Ordway,East,Technology,142.488,3,0.2,-3.5622
CA-2016-117919,8/27/2016,Todd Boyes,Central,Office Supplies,14.16,1,0.2,1.062
CA-2016-117919,8/27/2016,Todd Boyes,Central,Office Supplies,79.92,5,0.2,27.972
CA-2015-142475,12/3/2015,Bill Stewart,East,Office Supplies,590.352,6,0.2,206.6232
CA-2016-134516,9/20/2016,Filia McAdams,South,Furniture,17.088,2,0.2,1.068
CA-2016-134516,9/20/2016,Filia McAdams,South,Furniture,98.392,1,0.2,-11.0691
CA-2017-105193,3/25/2017,John Lee,East,Office Supplies,11.05,5,0,2.9835
CA-2015-168634,12/6/2015,Art Ferguson,West,Office Supplies,7.78,2,0,2.0228
CA-2017-117198,8/31/2017,Barry Gonzalez,South,Technology,659.9,2,0,217.767
CA-2015-145828,10/5/2015,Maria Bertelson,East,Technology,53.04,3,0.2,-4.641
CA-2017-121027,8/18/2017,Helen Wasserman,West,Technology,843.9,2,0,371.316
CA-2017-121027,8/18/2017,Helen Wasserman,West,Technology,1496.16,9,0,224.424
CA-2016-147431,2/2/2016,Adrian Barton,East,Office Supplies,117.96,2,0,5.898
CA-2016-158001,8/23/2016,Jennifer Patt,East,Office Supplies,21.3,5,0,8.733
CA-2016-158001,8/23/2016,Jennifer Patt,East,Office Supplies,1040.8,5,0,281.016
CA-2016-158001,8/23/2016,Jennifer Patt,East,Office Supplies,29.34,6,0,7.9218
CA-2017-125745,6/30/2017,Darrin Van Huff,South,Furniture,19.52,2,0.2,5.368
CA-2015-101154,9/18/2015,Charlotte Melton,West,Office Supplies,443.92,4,0,8.8784
US-2016-124163,9/25/2016,Steve Chapman,Central,Technology,499.95,5,0,174.9825
US-2016-124163,9/25/2016,Steve Chapman,Central,Office Supplies,3.04,1,0,1.0336
US-2016-124163,9/25/2016,Steve Chapman,Central,Furniture,201.96,2,0,50.49
US-2016-124163,9/25/2016,Steve Chapman,Central,Furniture,68.64,11,0,17.16
CA-2016-121748,10/24/2016,Victoria Wilson,West,Technology,100,4,0,21
CA-2016-121748,10/24/2016,Victoria Wilson,West,Technology,359.98,2,0,21.5988
CA-2014-126683,9/29/2014,Paul Prost,West,Furniture,6.16,2,0,2.9568
CA-2014-126683,9/29/2014,Paul Prost,West,Furniture,2348.82,9,0,399.2994
CA-2017-148810,6/26/2017,Dan Reichenbach,South,Office Supplies,13.872,6,0.2,4.6818
CA-2017-148810,6/26/2017,Dan Reichenbach,South,Furniture,273.552,3,0.2,-13.6776
US-2016-146066,8/21/2016,Rick Bensley,East,Furniture,815.292,9,0.4,-339.705
CA-2014-127614,2/11/2014,Natalie Fritzler,South,Technology,234.45,3,0,103.158
CA-2014-127614,2/11/2014,Natalie Fritzler,South,Furniture,1256.22,6,0,75.3732
CA-2014-127614,2/11/2014,Natalie Fritzler,South,Office Supplies,17.46,2,0,8.2062
CA-2016-101742,9/23/2016,Clay Rozendal,East,Office Supplies,10.528,7,0.2,3.6848
CA-2015-134943,12/5/2015,Stephanie Ulpright,Central,Office Supplies,152.8,5,0,76.4
CA-2017-123022,9/3/2017,Sample Company A,West,Office Supplies,82.56,5,0.2,28.896
CA-2017-123022,9/3/2017,Sample Company A,West,Technology,284.97,3,0,85.491
CA-2017-113208,3/26/2017,Michelle Lonsdale,Central,Furniture,60.84,3,0,23.1192
CA-2014-154893,12/21/2014,Gary McGarr,West,Furniture,1325.76,6,0.2,149.148
CA-2014-154893,12/21/2014,Gary McGarr,West,Furniture,572.16,3,0.2,35.76
CA-2014-147900,9/23/2014,Jim Kriz,East,Office Supplies,28.8,9,0.2,10.08
CA-2017-106355,4/2/2017,Alyssa Tate,East,Office Supplies,11.12,4,0,2.8912
CA-2016-127985,4/1/2016,Daniel Byrd,South,Furniture,7.04,4,0,3.0976
CA-2015-166604,5/15/2015,Anna Häberlin,South,Office Supplies,17.94,3,0,8.7906
CA-2017-120719,3/23/2017,Sanjit Jacobs,West,Office Supplies,34.76,5,0.2,11.297
CA-2017-127117,4/14/2017,Harry Marie,East,Furniture,74.45,5,0,20.1015
CA-2015-104241,1/4/2015,Andrew Gjertsen,South,Furniture,192.22,14,0,69.1992
CA-2017-168179,11/2/2017,Joy Bell-,West,Office Supplies,19.44,3,0,9.3312
CA-2017-142342,7/17/2017,Anthony Johnson,West,Office Supplies,32.4,5,0,15.552
CA-2017-142342,7/17/2017,Anthony Johnson,West,Office Supplies,57.9,5,0,28.95
CA-2017-142342,7/17/2017,Anthony Johnson,West,Office Supplies,10.56,2,0,0
CA-2017-142342,7/17/2017,Anthony Johnson,West,Furniture,1194.165,5,0.15,210.735
CA-2017-109099,10/6/2017,Muhammed MacIntyre,East,Office Supplies,40.99,1,0,20.0851
US-2014-134187,11/4/2014,Tiffany House,West,Office Supplies,2.94,1,0,0.7938
CA-2016-145261,12/18/2016,Adrian Hane,West,Office Supplies,45.24,4,0.7,-30.16
CA-2016-145261,12/18/2016,Adrian Hane,West,Office Supplies,18.688,4,0.2,2.336
CA-2016-145261,12/18/2016,Adrian Hane,West,Office Supplies,11.648,2,0.2,3.7856
CA-2016-145261,12/18/2016,Adrian Hane,West,Technology,112.776,3,0.2,-8.4582
CA-2016-145261,12/18/2016,Adrian Hane,West,Furniture,377.45,5,0.5,-264.215
CA-2016-145261,12/18/2016,Adrian Hane,West,Office Supplies,15.936,4,0.2,5.1792
CA-2016-145261,12/18/2016,Adrian Hane,West,Technology,28.68,3,0.2,-7.17
CA-2016-108875,9/24/2016,Craig Leslie,West,Furniture,21.44,2,0.2,7.504
CA-2016-108875,9/24/2016,Craig Leslie,West,Office Supplies,511.056,9,0.2,-95.823
CA-2016-141957,7/21/2016,Jason Gross,East,Office Supplies,18.656,2,0.2,1.3992
CA-2016-141957,7/21/2016,Jason Gross,East,Office Supplies,11.088,7,0.7,-8.1312
CA-2016-141957,7/21/2016,Jason Gross,East,Office Supplies,66.688,1,0.2,4.168
CA-2016-141957,7/21/2016,Jason Gross,East,Office Supplies,99.488,2,0.2,8.7052
CA-2016-142405,6/11/2016,Sanjit Engle,West,Office Supplies,14.62,2,0,6.8714
CA-2016-142405,6/11/2016,Sanjit Engle,West,Office Supplies,53.984,14,0.2,17.5448
CA-2016-142405,6/11/2016,Sanjit Engle,West,Technology,389.97,3,0,132.5898
CA-2015-141012,6/9/2015,Trudy Glocke,West,Furniture,355.36,4,0,92.3936
CA-2015-141012,6/9/2015,Trudy Glocke,West,Technology,140.376,3,0.2,8.7735
CA-2017-127922,10/27/2017,Sally Hughsby,Central,Office Supplies,15.84,2,0.2,5.544
CA-2017-127922,10/27/2017,Sally Hughsby,Central,Office Supplies,8.448,2,0.2,2.64
CA-2016-146318,1/22/2016,Marc Crier,West,Office Supplies,12.96,2,0,6.2208
CA-2014-135993,5/28/2014,Patrick Jones,West,Technology,57.408,6,0.2,5.7408
CA-2014-135993,5/28/2014,Patrick Jones,West,Technology,27.6,4,0,2.208
CA-2014-126802,12/29/2014,Zuschuss Carroll,Central,Furniture,38.976,3,0.6,-50.6688
CA-2016-143924,7/28/2016,Steve Carroll,Central,Office Supplies,20.44,7,0,9.198
CA-2016-143924,7/28/2016,Steve Carroll,Central,Office Supplies,109.92,2,0,53.8608
CA-2016-141551,9/24/2016,Benjamin Patterson,Central,Office Supplies,6.38,1,0,2.9348
CA-2016-141551,9/24/2016,Benjamin Patterson,Central,Office Supplies,6.48,1,0,3.1104
CA-2014-164315,4/2/2014,Rob Dowd,South,Office Supplies,15.84,3,0,7.128
CA-2014-164315,4/2/2014,Rob Dowd,South,Technology,1049.93,7,0,293.9804
CA-2014-164315,4/2/2014,Rob Dowd,South,Office Supplies,154.9,5,0,40.274
CA-2015-131072,11/5/2015,Ken Lonsdale,West,Office Supplies,98.352,3,0.2,35.6526
CA-2014-131541,7/28/2014,Chloris Kastensmidt,South,Office Supplies,14.32,5,0.2,5.191
CA-2014-131541,7/28/2014,Chloris Kastensmidt,South,Furniture,129.888,6,0.2,12.9888
CA-2014-131541,7/28/2014,Chloris Kastensmidt,South,Office Supplies,48.944,7,0.2,16.5186
CA-2015-119550,12/26/2015,Roger Barcio,Central,Furniture,275.058,3,0.3,-90.3762
US-2015-138093,12/10/2015,Kalyca Meade,East,Office Supplies,27.36,9,0,9.3024
US-2015-138093,12/10/2015,Kalyca Meade,East,Office Supplies,44.75,5,0,20.585
US-2015-138093,12/10/2015,Kalyca Meade,East,Technology,134.99,1,0,36.4473
US-2015-138093,12/10/2015,Kalyca Meade,East,Office Supplies,26.4,5,0,12.672
US-2015-138093,12/10/2015,Kalyca Meade,East,Furniture,542.94,3,0,141.1644
CA-2016-126165,5/5/2016,Amy Hunt,West,Furniture,71.088,2,0.2,-1.7772
CA-2017-126123,10/14/2017,Anthony Garverick,Central,Office Supplies,27.396,9,0.8,-42.4638
CA-2017-126123,10/14/2017,Anthony Garverick,Central,Office Supplies,13.456,1,0.8,-23.548
CA-2016-143441,11/5/2016,Evan Bailliet,Central,Office Supplies,11.84,1,0.2,4.44
CA-2017-148320,11/3/2017,Paul Gonzalez,West,Office Supplies,35.88,6,0,17.5812
CA-2016-125661,11/24/2016,Cathy Armstrong,East,Office Supplies,40.752,3,0.2,15.282
CA-2016-125661,11/24/2016,Cathy Armstrong,East,Technology,139.96,5,0.2,-22.7435
US-2014-123519,12/14/2014,Sung Shariari,East,Office Supplies,2.624,1,0.2,0.2952
US-2014-123519,12/14/2014,Sung Shariari,East,Furniture,136.53,1,0.4,-52.3365
US-2014-123519,12/14/2014,Sung Shariari,East,Technology,263.96,1,0.2,42.8935
CA-2014-155593,11/3/2014,Resi Pölking,East,Office Supplies,11.64,3,0,3.3756
CA-2017-136000,9/22/2017,Shaun Chance,East,Office Supplies,40.176,3,0.2,14.5638
US-2015-160857,5/8/2015,Natalie Webber,East,Furniture,79.44,3,0,30.1872
US-2015-160857,5/8/2015,Natalie Webber,East,Office Supplies,357.93,3,0,7.1586
US-2015-160857,5/8/2015,Natalie Webber,East,Furniture,127.764,2,0.1,21.294
US-2015-160857,5/8/2015,Natalie Webber,East,Technology,2799.944,7,0.2,1014.9797
US-2015-160857,5/8/2015,Natalie Webber,East,Office Supplies,19.44,3,0,9.3312
CA-2017-115805,7/31/2017,Katrina Willman,Central,Technology,36.792,1,0.2,4.1391
US-2014-143707,3/1/2014,Hallie Redmond,East,Technology,5.94,3,0,1.6038
CA-2017-116939,9/25/2017,Arthur Gainer,South,Office Supplies,177.55,5,0,47.9385
CA-2015-124107,10/9/2015,Brian Moss,Central,Technology,619.95,5,0,111.591
CA-2015-124107,10/9/2015,Brian Moss,Central,Technology,29.16,3,0,8.4564
CA-2015-124107,10/9/2015,Brian Moss,Central,Office Supplies,57.96,7,0,27.2412
CA-2015-124107,10/9/2015,Brian Moss,Central,Office Supplies,29.403,3,0.1,5.2272
CA-2017-126550,3/29/2017,Roger Demir,Central,Office Supplies,81.4,5,0,21.164
CA-2015-138674,11/14/2015,Ken Black,West,Office Supplies,8.72,5,0.2,2.289
CA-2015-138674,11/14/2015,Ken Black,West,Technology,91.176,3,0.2,4.5588
CA-2015-138674,11/14/2015,Ken Black,West,Technology,159.968,4,0.2,29.994
CA-2016-165820,9/26/2016,Dorothy Wardle,West,Office Supplies,12.96,2,0,6.2208
CA-2014-103191,9/22/2014,Vivek Grady,Central,Office Supplies,331.536,3,0.2,-82.884
CA-2015-103933,9/25/2015,Dan Reichenbach,East,Technology,899.91,9,0,395.9604
CA-2015-110548,5/4/2015,Anna Häberlin,Central,Technology,946.344,7,0.2,118.293
CA-2017-117324,12/8/2017,Jeremy Pistek,Central,Technology,178.11,3,0,32.0598
CA-2017-117324,12/8/2017,Jeremy Pistek,Central,Office Supplies,1089.75,3,0,305.13
CA-2017-117324,12/8/2017,Jeremy Pistek,Central,Office Supplies,61.06,2,0,28.0876
CA-2017-117324,12/8/2017,Jeremy Pistek,Central,Furniture,459.92,4,0,41.3928
CA-2017-117324,12/8/2017,Jeremy Pistek,Central,Office Supplies,27.52,4,0,12.6592
CA-2017-143574,6/29/2017,Dan Reichenbach,East,Furniture,638.82,9,0,185.2578
CA-2017-143574,6/29/2017,Dan Reichenbach,East,Office Supplies,30.69,3,0,7.9794
CA-2017-143574,6/29/2017,Dan Reichenbach,East,Furniture,25.16,2,0,8.5544
CA-2014-111773,6/29/2014,Jim Karlsson,East,Office Supplies,13.92,3,0.2,4.872
CA-2014-148614,1/20/2014,Mark Van Huff,West,Office Supplies,19.36,2,0,9.2928
CA-2014-148614,1/20/2014,Mark Van Huff,West,Furniture,19.3,2,0,5.79
CA-2017-156139,12/31/2016,Becky Pak,West,Office Supplies,38.376,3,0.2,13.4316
US-2017-147886,3/28/2017,Dave Hallsten,West,Office Supplies,12.96,2,0,6.3504
US-2017-147886,3/28/2017,Dave Hallsten,West,Furniture,26.48,1,0,10.0624
US-2017-147886,3/28/2017,Dave Hallsten,West,Technology,532.72,2,0.2,53.272
US-2017-147886,3/28/2017,Dave Hallsten,West,Office Supplies,26.72,4,0,12.8256
US-2017-147886,3/28/2017,Dave Hallsten,West,Office Supplies,20.04,3,0,9.6192
US-2017-147886,3/28/2017,Dave Hallsten,West,Office Supplies,795.48,7,0,7.9548
US-2017-147886,3/28/2017,Dave Hallsten,West,Furniture,21.56,7,0,6.8992
CA-2016-113733,12/8/2016,Lena Hernandez,South,Technology,249.584,2,0.2,31.198
CA-2016-113733,12/8/2016,Lena Hernandez,South,Technology,68.112,3,0.2,17.8794
CA-2016-113733,12/8/2016,Lena Hernandez,South,Technology,16.56,3,0.2,-2.484
CA-2017-104913,11/18/2017,Dave Kipp,East,Technology,74.95,5,0,36.7255
CA-2014-145800,5/30/2014,Shahid Shariari,Central,Furniture,355.455,3,0.5,-184.8366
CA-2016-125850,1/22/2016,Frank Preis,West,Office Supplies,44.4,3,0,22.2
CA-2016-125850,1/22/2016,Frank Preis,West,Office Supplies,20.65,5,0,9.499
CA-2016-118514,2/3/2016,Liz Carlisle,South,Furniture,866.4,4,0,225.264
CA-2015-150749,3/29/2015,Alan Shonely,South,Office Supplies,5.56,2,0,1.4456
CA-2014-163748,10/14/2014,Hunter Glantz,Central,Office Supplies,3.16,4,0.8,-8.532
CA-2014-163748,10/14/2014,Hunter Glantz,Central,Technology,1999.96,5,0.2,624.9875
CA-2015-119634,8/11/2015,Barry Weirich,South,Furniture,46.152,3,0.2,12.1149
CA-2015-149300,11/22/2015,Brosina Hoffman,South,Technology,32.985,3,0.5,-1.9791
US-2016-111528,12/30/2016,Julie Prescott,West,Office Supplies,481.32,4,0,125.1432
US-2016-111528,12/30/2016,Julie Prescott,West,Office Supplies,6.384,1,0.2,2.1546
CA-2017-158169,8/12/2017,Justin MacKendrick,West,Office Supplies,542.94,3,0,152.0232
CA-2017-158169,8/12/2017,Justin MacKendrick,West,Furniture,54.92,4,0,19.7712
CA-2015-162047,11/3/2015,Fred Hopkins,East,Furniture,1448.82,10,0.1,209.274
CA-2015-117772,9/10/2015,Matt Collins,West,Office Supplies,353.88,6,0,17.694
US-2014-126340,11/8/2014,Emily Burns,West,Technology,333.576,3,0.2,25.0182
CA-2016-149685,10/8/2016,Peter McVee,Central,Office Supplies,60.144,6,0.2,20.2986
CA-2017-126396,9/8/2017,Alex Russell,Central,Technology,85.2,6,0.2,20.235
CA-2015-154900,2/25/2015,Sung Shariari,East,Office Supplies,3.15,1,0,1.512
CA-2015-154900,2/25/2015,Sung Shariari,East,Office Supplies,22.72,4,0,10.224
CA-2015-103835,9/24/2015,Shaun Chance,West,Furniture,14.91,3,0,4.6221
CA-2015-103835,9/24/2015,Shaun Chance,West,Office Supplies,1158.12,4,0,335.8548
CA-2015-158939,11/26/2015,Erin Ashbrook,Central,Technology,599.99,1,0,233.9961
CA-2016-117408,8/31/2016,Theone Pippenger,Central,Office Supplies,23.968,2,0.2,2.3968
CA-2016-142398,4/12/2016,Beth Paige,West,Furniture,638.288,7,0.2,-31.9144
CA-2016-142398,4/12/2016,Beth Paige,West,Office Supplies,13.208,1,0.2,4.6228
CA-2016-105277,12/4/2016,Liz MacKendrick,East,Office Supplies,15.528,3,0.2,5.823
CA-2016-112060,12/4/2016,Kean Takahito,West,Office Supplies,104.85,1,0,50.328
CA-2014-105270,11/11/2014,Arthur Prichep,West,Office Supplies,30.48,3,0,7.9248
CA-2014-105270,11/11/2014,Arthur Prichep,West,Furniture,112.648,1,0.2,11.2648
US-2015-159513,4/2/2015,John Dryer,West,Technology,71.976,3,0.2,24.2919
CA-2015-155586,12/12/2015,Xylona Preis,West,Office Supplies,2.21,1,0,0.5967
CA-2015-155586,12/12/2015,Xylona Preis,West,Office Supplies,15.52,4,0,7.4496
CA-2015-155586,12/12/2015,Xylona Preis,West,Office Supplies,36.44,4,0,16.398
CA-2017-141117,10/2/2017,Juliana Krohn,West,Furniture,217.764,6,0.7,-384.7164
CA-2017-141117,10/2/2017,Juliana Krohn,West,Office Supplies,39.072,6,0.2,4.3956
CA-2017-141117,10/2/2017,Juliana Krohn,West,Office Supplies,22.638,7,0.7,-16.6012
CA-2017-141117,10/2/2017,Juliana Krohn,West,Office Supplies,95.144,7,0.2,10.7037
CA-2017-115070,4/10/2017,Mitch Gastineau,South,Furniture,12.32,5,0.2,1.848
CA-2017-115070,4/10/2017,Mitch Gastineau,South,Office Supplies,4.419,3,0.7,-3.0933
CA-2017-140186,9/29/2017,Patrick Gardner,West,Office Supplies,35,7,0,16.8
CA-2017-140186,9/29/2017,Patrick Gardner,West,Furniture,72.784,1,0.2,0
CA-2017-140186,9/29/2017,Patrick Gardner,West,Office Supplies,97.84,2,0,25.4384
CA-2017-140186,9/29/2017,Patrick Gardner,West,Furniture,51.75,1,0,15.525
CA-2017-140186,9/29/2017,Patrick Gardner,West,Office Supplies,46.672,2,0.2,16.3352
CA-2014-124856,9/29/2014,Lisa DeCherney,East,Office Supplies,1395.54,9,0,362.8404
CA-2014-124856,9/29/2014,Lisa DeCherney,East,Furniture,117.36,4,0,36.3816
CA-2014-124856,9/29/2014,Lisa DeCherney,East,Office Supplies,18.9,3,0,8.694
CA-2014-124856,9/29/2014,Lisa DeCherney,East,Office Supplies,77.52,2,0,37.9848
CA-2014-166716,8/20/2014,Craig Reiter,Central,Furniture,421.372,2,0.3,-6.0196
CA-2014-123225,7/11/2014,Michael Nguyen,Central,Technology,575.968,4,0.2,43.1976
CA-2014-123225,7/11/2014,Michael Nguyen,Central,Office Supplies,10.368,2,0.2,3.6288
CA-2015-163440,3/22/2015,Ruben Dartt,West,Technology,15.984,2,0.2,1.1988
US-2017-106796,5/12/2017,Julie Prescott,East,Office Supplies,10.272,3,0.2,1.1556
CA-2017-113873,11/13/2017,Katrina Edelman,Central,Office Supplies,61.792,4,0.2,6.1792
CA-2017-113873,11/13/2017,Katrina Edelman,Central,Furniture,205.9992,3,0.32,-27.2646
CA-2016-149783,9/4/2016,Delfina Latchford,South,Office Supplies,12.192,3,0.2,4.1148
CA-2016-149783,9/4/2016,Delfina Latchford,South,Office Supplies,87.168,2,0.2,8.7168
CA-2016-149783,9/4/2016,Delfina Latchford,South,Office Supplies,31.744,2,0.2,8.3328
CA-2016-125017,2/6/2016,Karen Bern,South,Furniture,132.224,4,0.2,-18.1808
US-2015-163279,3/22/2015,Justin Deggeller,West,Office Supplies,105.52,4,0,48.5392
US-2015-163279,3/22/2015,Justin Deggeller,West,Furniture,91.96,2,0,15.6332
US-2015-163279,3/22/2015,Justin Deggeller,West,Technology,1487.976,3,0.2,185.997
CA-2015-150196,7/2/2015,Steven Roelle,East,Office Supplies,19.44,3,0,9.3312
US-2015-106495,6/15/2015,Amy Cox,South,Technology,11.672,1,0.2,-0.7295
CA-2014-124730,11/26/2014,Lynn Smith,East,Technology,279.96,4,0,78.3888
CA-2014-124730,11/26/2014,Lynn Smith,East,Office Supplies,12.912,3,0.2,4.6806
CA-2014-124730,11/26/2014,Lynn Smith,East,Office Supplies,17.088,4,0.2,5.7672
CA-2014-124730,11/26/2014,Lynn Smith,East,Office Supplies,93.15,9,0,44.712
CA-2014-124730,11/26/2014,Lynn Smith,East,Office Supplies,11.52,4,0,5.6448
CA-2017-117632,5/12/2017,Charles Sheldon,West,Office Supplies,238.62,2,0,4.7724
CA-2017-117632,5/12/2017,Charles Sheldon,West,Office Supplies,7.77,1,0,2.0979
CA-2017-117632,5/12/2017,Charles Sheldon,West,Furniture,285.48,5,0.2,-10.7055
CA-2017-117632,5/12/2017,Charles Sheldon,West,Office Supplies,19.168,4,0.2,6.4692
CA-2014-115056,5/2/2014,Andrew Roberts,East,Office Supplies,26.136,3,0.2,1.9602
CA-2017-161067,9/3/2017,Katrina Bavinger,East,Office Supplies,419.4,4,0,201.312
CA-2017-161067,9/3/2017,Katrina Bavinger,East,Furniture,90.801,1,0.1,14.1246
CA-2017-161067,9/3/2017,Katrina Bavinger,East,Furniture,181.764,2,0.1,-8.0784
CA-2017-161067,9/3/2017,Katrina Bavinger,East,Office Supplies,5.56,2,0,2.224
CA-2016-122063,12/3/2016,Michael Moore,Central,Furniture,581.96,2,0,104.7528
CA-2016-122063,12/3/2016,Michael Moore,Central,Furniture,29.98,1,0,8.0946
CA-2015-111206,7/18/2015,Roland Fjeld,West,Technology,519.96,4,0,176.7864
CA-2016-142895,7/21/2016,Beth Paige,South,Office Supplies,6.264,3,0.2,2.0358
CA-2016-142895,7/21/2016,Beth Paige,South,Furniture,363.92,5,0.2,0
CA-2015-101868,6/9/2015,Max Jones,South,Office Supplies,64.2,5,0.7,-42.8
CA-2015-101868,6/9/2015,Max Jones,South,Office Supplies,38.52,3,0.7,-26.964
CA-2015-101868,6/9/2015,Max Jones,South,Technology,72.6,5,0.2,-8.1675
CA-2017-133207,11/27/2017,Doug O'Connell,West,Technology,57.568,4,0.2,5.7568
CA-2015-132948,3/27/2015,Mark Van Huff,West,Office Supplies,83.7,5,0,3.348
CA-2015-134992,9/22/2015,Michael Grace,South,Office Supplies,32.4,5,0,15.552
CA-2015-134992,9/22/2015,Michael Grace,South,Furniture,47.98,2,0,11.0354
CA-2015-126725,11/17/2015,Brian Stugart,West,Technology,415.968,4,0.2,51.996
CA-2015-126725,11/17/2015,Brian Stugart,West,Office Supplies,304.9,5,0,6.098
CA-2015-126725,11/17/2015,Brian Stugart,West,Furniture,80.96,4,0,29.1456
CA-2015-126725,11/17/2015,Brian Stugart,West,Office Supplies,777.21,7,0,54.4047
CA-2015-126725,11/17/2015,Brian Stugart,West,Office Supplies,32.4,5,0,15.552
CA-2015-126725,11/17/2015,Brian Stugart,West,Furniture,225.568,2,0.2,2.8196
CA-2015-126725,11/17/2015,Brian Stugart,West,Furniture,36.6,3,0,15.372
CA-2015-121783,11/10/2015,Philisse Overcash,Central,Office Supplies,715.64,2,0,178.91
CA-2015-121783,11/10/2015,Philisse Overcash,Central,Office Supplies,795.51,3,0,143.1918
CA-2015-121783,11/10/2015,Philisse Overcash,Central,Technology,549.99,1,0,274.995
CA-2015-121783,11/10/2015,Philisse Overcash,Central,Office Supplies,74.76,3,0,34.3896
CA-2015-121783,11/10/2015,Philisse Overcash,Central,Furniture,29.22,3,0,12.8568
US-2014-138835,9/10/2014,Dianna Arnett,South,Office Supplies,9.64,2,0,4.7236
CA-2015-112214,8/5/2015,Anna Häberlin,Central,Office Supplies,33.488,7,0.2,-1.2558
CA-2015-112214,8/5/2015,Anna Häberlin,Central,Office Supplies,23.04,3,0.2,-4.896
CA-2015-112214,8/5/2015,Anna Häberlin,Central,Office Supplies,1.362,1,0.8,-2.1792
CA-2015-112214,8/5/2015,Anna Häberlin,Central,Furniture,14.76,5,0.6,-11.439
US-2017-153255,9/3/2017,Joe Kamberova,West,Furniture,239.666,2,0.15,14.098
CA-2015-108119,11/1/2015,MaryBeth Skach,South,Furniture,301.96,2,0,45.294
CA-2015-157434,4/29/2015,Jim Kriz,East,Office Supplies,7.968,2,0.2,2.8884
CA-2016-101525,5/1/2016,Chris McAfee,South,Office Supplies,109.92,2,0,53.8608
CA-2016-101525,5/1/2016,Chris McAfee,South,Office Supplies,19.44,3,0,9.3312
CA-2016-101525,5/1/2016,Chris McAfee,South,Office Supplies,11.16,2,0,4.3524
US-2014-117968,8/5/2014,Ricardo Sperren,East,Office Supplies,79.47,3,0,22.2516
US-2014-117968,8/5/2014,Ricardo Sperren,East,Office Supplies,4.56,2,0,2.0064
US-2014-117968,8/5/2014,Ricardo Sperren,East,Furniture,1133.35,5,0,294.671
CA-2016-158211,1/4/2016,Ben Peterman,East,Office Supplies,4.672,1,0.2,0.584
CA-2016-158211,1/4/2016,Ben Peterman,East,Office Supplies,104.58,6,0.7,-80.178
CA-2016-152247,11/7/2016,Michelle Arnett,West,Furniture,1603.136,4,0.2,100.196
CA-2016-128223,6/14/2016,Ed Braxton,West,Furniture,1293.488,7,0.2,80.843
CA-2016-154235,9/24/2016,Ruben Dartt,Central,Furniture,127.95,3,0,21.7515
CA-2017-129910,3/30/2017,Maria Etezadi,South,Office Supplies,59.76,1,0,16.7328
CA-2017-133095,6/4/2017,Erica Hernandez,South,Office Supplies,108.08,7,0,54.04
CA-2017-133095,6/4/2017,Erica Hernandez,South,Office Supplies,9.54,3,0,4.3884
CA-2015-130554,4/7/2015,Frank Merwin,East,Office Supplies,11.736,3,0.2,1.0269
CA-2014-152443,5/21/2014,Frank Gastineau,East,Office Supplies,447.86,7,0,219.4514
CA-2014-152443,5/21/2014,Frank Gastineau,East,Office Supplies,17.94,3,0,8.7906
CA-2014-152443,5/21/2014,Frank Gastineau,East,Office Supplies,245.88,6,0,68.8464
CA-2016-133319,9/5/2016,Mark Van Huff,East,Office Supplies,192.16,4,0,92.2368
CA-2016-133935,9/18/2016,Jane Waco,West,Furniture,801.568,2,0.2,50.098
CA-2016-133935,9/18/2016,Jane Waco,West,Office Supplies,368.91,9,0,180.7659
CA-2016-133935,9/18/2016,Jane Waco,West,Furniture,885.528,9,0.2,-99.6219
CA-2016-136301,3/13/2016,Edward Hooks,West,Furniture,28.28,2,0,7.3528
CA-2016-136301,3/13/2016,Edward Hooks,West,Office Supplies,4912.59,3,0,196.5036
US-2014-109456,10/16/2014,Lynn Smith,West,Office Supplies,14.352,3,0.2,5.0232
US-2014-109456,10/16/2014,Lynn Smith,West,Technology,179.97,3,0,86.3856
CA-2017-151596,10/8/2017,Barry Pond,East,Office Supplies,42.76,1,0,11.1176
CA-2015-147879,5/7/2015,Chris Cortes,South,Office Supplies,45.68,2,0,21.0128
CA-2016-166625,4/14/2016,Jill Matthias,East,Office Supplies,25.06,2,0,11.7782
CA-2016-146157,11/21/2016,Roger Demir,Central,Office Supplies,38.432,1,0.2,13.4512
CA-2016-146157,11/21/2016,Roger Demir,Central,Office Supplies,21.568,2,0.2,1.6176
CA-2016-146157,11/21/2016,Roger Demir,Central,Technology,81.576,3,0.2,2.0394
CA-2017-159954,9/10/2017,Shahid Shariari,South,Office Supplies,2.78,1,0,1.3622
CA-2017-100825,9/9/2017,Keith Dawkins,West,Office Supplies,99.87,3,0,23.9688
CA-2014-168305,11/1/2014,Paul Lucas,West,Office Supplies,44.4,3,0,22.2
CA-2014-168305,11/1/2014,Paul Lucas,West,Office Supplies,21.4,5,0,9.63
CA-2016-167682,4/3/2016,Zuschuss Donatelli,Central,Furniture,71.12,4,0,22.0472
CA-2016-167682,4/3/2016,Zuschuss Donatelli,Central,Technology,259.96,4,0,124.7808
CA-2017-108000,1/12/2017,Linda Southworth,West,Office Supplies,9.78,1,0,4.89
CA-2015-146465,11/20/2015,Patrick Bzostek,West,Office Supplies,24.192,9,0.2,7.56
CA-2016-159639,11/27/2016,Pamela Coakley,East,Furniture,31.56,3,0,10.4148
US-2017-153948,11/6/2017,Frank Merwin,West,Office Supplies,59.94,3,0,28.1718
US-2017-153948,11/6/2017,Frank Merwin,West,Office Supplies,45.36,4,0,22.2264
US-2017-153948,11/6/2017,Frank Merwin,West,Office Supplies,26.4,5,0,12.672
US-2017-153948,11/6/2017,Frank Merwin,West,Office Supplies,41.4,4,0,19.872
US-2017-153948,11/6/2017,Frank Merwin,West,Technology,16.95,1,0,1.017
US-2016-113985,12/2/2016,Keith Dawkins,West,Office Supplies,24.704,2,0.2,9.264
US-2016-113985,12/2/2016,Keith Dawkins,West,Office Supplies,59.7,3,0,26.865
US-2016-113985,12/2/2016,Keith Dawkins,West,Furniture,14.52,3,0,5.6628
US-2016-113985,12/2/2016,Keith Dawkins,West,Office Supplies,104.184,3,0.2,33.8598
CA-2016-155383,12/17/2016,Steve Carroll,West,Office Supplies,46.53,3,0,13.0284
CA-2014-120432,8/24/2014,Dorothy Wardle,South,Office Supplies,25.5,3,0,6.63
US-2015-126977,9/17/2015,Peter Fuller,East,Office Supplies,14.9,5,0,1.043
US-2015-126977,9/17/2015,Peter Fuller,East,Office Supplies,87.71,7,0,41.2237
US-2015-126977,9/17/2015,Peter Fuller,East,Furniture,199.764,2,0.1,8.8784
US-2015-126977,9/17/2015,Peter Fuller,East,Office Supplies,94.6,4,0,27.434
US-2015-126977,9/17/2015,Peter Fuller,East,Furniture,4228.704,6,0.2,158.5764
US-2015-126977,9/17/2015,Peter Fuller,East,Furniture,2003.92,5,0.2,-25.049
US-2015-126977,9/17/2015,Peter Fuller,East,Technology,209.97,3,0,58.7916
US-2015-126977,9/17/2015,Peter Fuller,East,Technology,659.9,2,0,217.767
US-2015-126977,9/17/2015,Peter Fuller,East,Office Supplies,110.96,2,0,53.2608
US-2015-126977,9/17/2015,Peter Fuller,East,Technology,67.8,4,0,1.356
CA-2016-130288,11/26/2016,Dean Katz,East,Furniture,313.176,2,0.4,-120.0508
CA-2017-146458,11/19/2017,Richard Bierner,South,Office Supplies,22.96,7,0,6.6584
CA-2017-150420,6/3/2017,Giulietta Dortch,West,Technology,1099.5,10,0,362.835
US-2014-118997,4/8/2014,Ruben Ausman,South,Furniture,1215.92,8,0,316.1392
CA-2014-114314,10/11/2014,Dorothy Badders,South,Office Supplies,7.31,1,0,3.4357
CA-2014-114314,10/11/2014,Dorothy Badders,South,Furniture,8.92,4,0,3.9248
US-2017-169551,7/7/2017,Rob Lucas,East,Furniture,87.21,3,0.5,-45.3492
US-2017-169551,7/7/2017,Rob Lucas,East,Office Supplies,15.552,3,0.2,5.4432
US-2017-169551,7/7/2017,Rob Lucas,East,Technology,683.988,2,0.4,-113.998
US-2017-169551,7/7/2017,Rob Lucas,East,Office Supplies,13.392,3,0.2,1.0044
US-2017-169551,7/7/2017,Rob Lucas,East,Technology,16.776,3,0.2,4.8231
US-2017-169551,7/7/2017,Rob Lucas,East,Technology,527.92,2,0.2,85.787
CA-2016-103107,7/4/2016,Rick Bensley,West,Furniture,25.4,5,0,8.636
CA-2016-103107,7/4/2016,Rick Bensley,West,Technology,177.48,3,0.2,19.9665
CA-2016-103107,7/4/2016,Rick Bensley,West,Technology,71.976,3,0.2,8.997
CA-2017-122077,5/19/2017,Jason Fortune-,Central,Technology,95.992,1,0.2,9.5992
CA-2017-122077,5/19/2017,Jason Fortune-,Central,Office Supplies,13.216,4,0.2,4.2952
CA-2017-112431,10/12/2017,Robert Waldorf,West,Technology,435.84,12,0,130.752
CA-2017-112431,10/12/2017,Robert Waldorf,West,Office Supplies,5.88,2,0,1.5876
CA-2016-151092,8/6/2016,Vivek Gonzalez,West,Technology,211.168,4,0.2,18.4772
CA-2014-104178,8/25/2014,Janet Molinari,West,Furniture,6.28,1,0,2.6376
CA-2014-104178,8/25/2014,Janet Molinari,West,Technology,95.1,5,0,30.432
CA-2014-104178,8/25/2014,Janet Molinari,West,Office Supplies,25.92,4,0,12.4416
CA-2014-104178,8/25/2014,Janet Molinari,West,Office Supplies,48.84,4,0,13.1868
CA-2015-115924,9/14/2015,Brad Eason,Central,Office Supplies,25.9,5,0,12.691
CA-2017-161046,3/5/2017,Claudia Bergmann,South,Office Supplies,42.68,4,0,19.6328
CA-2017-161046,3/5/2017,Claudia Bergmann,South,Technology,299.97,3,0,125.9874
CA-2017-161046,3/5/2017,Claudia Bergmann,South,Office Supplies,262.24,2,0,78.672
CA-2017-161046,3/5/2017,Claudia Bergmann,South,Office Supplies,234.36,6,0,112.4928
US-2017-141698,4/15/2017,Shirley Daniels,Central,Office Supplies,20.736,4,0.2,7.2576
US-2014-105151,3/30/2014,Susan Gilcrest,East,Office Supplies,10.5,5,0,2.94
CA-2014-155796,11/11/2014,Tom Stivers,East,Furniture,23.968,2,0.2,7.7896
CA-2014-155796,11/11/2014,Tom Stivers,East,Furniture,521.96,4,0.5,-250.5408
CA-2016-127138,3/12/2016,Dean Katz,West,Office Supplies,676.55,5,0,6.7655
CA-2016-127138,3/12/2016,Dean Katz,West,Office Supplies,154.9,5,0,40.274
CA-2016-127138,3/12/2016,Dean Katz,West,Office Supplies,30.56,4,0,14.9744
CA-2016-127138,3/12/2016,Dean Katz,West,Furniture,770.352,3,0.2,77.0352
CA-2017-150602,2/9/2017,Marina Lichtenstein,West,Furniture,21.12,4,0,6.5472
CA-2014-140732,11/11/2014,Matt Abelman,West,Technology,575.928,9,0.2,57.5928
CA-2014-140732,11/11/2014,Matt Abelman,West,Office Supplies,7.78,2,0,2.0228
CA-2014-140732,11/11/2014,Matt Abelman,West,Office Supplies,123.92,4,0,55.764
CA-2017-119011,8/20/2017,Lisa Ryan,West,Office Supplies,17.22,3,0,5.166
CA-2017-119011,8/20/2017,Lisa Ryan,West,Office Supplies,226.56,6,0,63.4368
CA-2017-119011,8/20/2017,Lisa Ryan,West,Technology,107.88,3,0.2,10.788
CA-2016-166912,1/15/2016,Bill Eplett,East,Office Supplies,81.98,2,0,40.1702
CA-2014-141726,7/20/2014,Charles Crestani,West,Office Supplies,104.85,1,0,50.328
CA-2014-141726,7/20/2014,Charles Crestani,West,Office Supplies,8.704,2,0.2,3.1552
CA-2014-141726,7/20/2014,Charles Crestani,West,Office Supplies,19.92,4,0,9.7608
CA-2014-141726,7/20/2014,Charles Crestani,West,Furniture,43.02,3,0,15.4872
CA-2017-115105,2/6/2017,Bryan Davis,East,Furniture,240.784,1,0.2,30.098
CA-2015-143980,12/25/2015,Jim Kriz,East,Office Supplies,414.96,2,0,124.488
CA-2016-135636,10/8/2016,Doug Bickford,South,Office Supplies,387.72,5,0.2,-67.851
CA-2017-102155,7/13/2017,Rick Reed,Central,Office Supplies,360.38,2,0,93.6988
CA-2017-102155,7/13/2017,Rick Reed,Central,Office Supplies,13.56,2,0,6.2376
CA-2017-116953,4/24/2017,Susan Vittorini,West,Technology,552,10,0.2,34.5
CA-2014-117765,9/7/2014,Rick Bensley,Central,Furniture,429.9,5,0,111.774
CA-2014-117765,9/7/2014,Rick Bensley,Central,Office Supplies,32.06,2,0,15.3888
CA-2014-117765,9/7/2014,Rick Bensley,Central,Furniture,161.96,2,0,45.3488
CA-2014-117765,9/7/2014,Rick Bensley,Central,Office Supplies,19.86,2,0,5.7594
CA-2016-114895,11/21/2016,Mike Vittorini,East,Office Supplies,12.96,2,0,6.3504
CA-2017-112984,9/16/2017,Evan Henry,East,Office Supplies,20.544,6,0.2,6.42
CA-2016-163776,7/19/2016,Joy Smith,South,Furniture,185.58,6,0,76.0878
CA-2016-163776,7/19/2016,Joy Smith,South,Office Supplies,77.56,2,0,35.6776
CA-2016-163776,7/19/2016,Joy Smith,South,Office Supplies,87.92,4,0,0.8792
CA-2016-163776,7/19/2016,Joy Smith,South,Office Supplies,245.94,6,0,120.5106
CA-2016-163776,7/19/2016,Joy Smith,South,Office Supplies,8.6,1,0,4.042
CA-2016-163776,7/19/2016,Joy Smith,South,Furniture,504.9,5,0,126.225
US-2017-163300,9/15/2017,Erica Smith,West,Office Supplies,2357.488,7,0.2,884.058
US-2017-163300,9/15/2017,Erica Smith,West,Technology,369.544,7,0.2,32.3351
US-2017-163300,9/15/2017,Erica Smith,West,Furniture,184.752,3,0.2,-20.7846
CA-2016-162187,12/11/2016,Noel Staavos,East,Office Supplies,64.96,5,0.2,-4.06
CA-2016-162187,12/11/2016,Noel Staavos,East,Office Supplies,13.52,2,0.2,1.69
CA-2016-162187,12/11/2016,Noel Staavos,East,Furniture,458.43,5,0.3,-137.529
CA-2016-162187,12/11/2016,Noel Staavos,East,Office Supplies,387.136,4,0.2,24.196
CA-2016-162187,12/11/2016,Noel Staavos,East,Furniture,328.59,3,0.4,-147.8655
US-2014-112991,12/10/2014,Sally Hughsby,West,Furniture,338.352,3,0.2,4.2294
US-2014-112991,12/10/2014,Sally Hughsby,West,Office Supplies,25.92,4,0,12.4416
US-2014-112991,12/10/2014,Sally Hughsby,West,Office Supplies,91.36,4,0,42.0256
CA-2014-124079,12/13/2014,Randy Ferguson,West,Furniture,87.96,3,0.2,7.6965
CA-2014-124079,12/13/2014,Randy Ferguson,West,Office Supplies,5.214,2,0.7,-4.1712
US-2017-146878,9/21/2017,Dan Lawera,South,Office Supplies,12.294,1,0.7,-8.6058
CA-2017-107244,9/7/2017,Allen Goldenen,West,Furniture,19.76,4,0,8.2992
CA-2015-100657,11/2/2015,Scot Wooten,East,Furniture,109.764,2,0.1,8.5372
CA-2017-129581,12/11/2017,Katherine Nockton,East,Technology,128.85,3,0,3.8655
CA-2017-129028,4/1/2017,George Bell,South,Furniture,127.95,3,0,21.7515
CA-2015-135580,12/30/2015,Clay Ludtke,West,Office Supplies,68.52,3,0,31.5192
CA-2015-135580,12/30/2015,Clay Ludtke,West,Office Supplies,74.94,3,0,14.2386
CA-2015-135580,12/30/2015,Clay Ludtke,West,Technology,2548.56,6,0.2,286.713
CA-2015-135580,12/30/2015,Clay Ludtke,West,Office Supplies,271.44,3,0,122.148
CA-2015-135580,12/30/2015,Clay Ludtke,West,Technology,287.88,3,0.2,35.985
CA-2016-159016,3/10/2016,Karen Ferguson,West,Office Supplies,14.9,5,0,7.152
CA-2016-159016,3/10/2016,Karen Ferguson,West,Technology,4158.912,8,0.2,363.9048
CA-2014-102652,4/6/2014,Andy Yotov,West,Furniture,91.96,2,0,15.6332
CA-2014-102652,4/6/2014,Andy Yotov,West,Furniture,33.11,7,0,12.9129
CA-2014-102652,4/6/2014,Andy Yotov,West,Office Supplies,19.44,3,0,9.3312
CA-2014-102652,4/6/2014,Andy Yotov,West,Office Supplies,55.48,1,0,26.6304
CA-2014-152422,10/5/2014,Brian Derr,East,Office Supplies,91.92,5,0.2,11.49
US-2016-156692,8/13/2016,Hunter Glantz,South,Office Supplies,17.34,2,0,4.6818
US-2016-156692,8/13/2016,Hunter Glantz,South,Technology,71.98,2,0,15.1158
CA-2014-130869,11/17/2014,Cassandra Brandow,Central,Office Supplies,7.08,3,0.2,2.478
US-2017-128832,4/24/2017,Linda Southworth,East,Technology,69.98,2,0,4.8986
CA-2017-139717,8/24/2017,Darrin Martin,East,Office Supplies,646.272,8,0.2,64.6272
CA-2017-139717,8/24/2017,Darrin Martin,East,Office Supplies,10.368,2,0.2,3.7584
CA-2017-136007,2/23/2017,Ann Chong,West,Office Supplies,8.4,5,0,0.336
CA-2017-136007,2/23/2017,Ann Chong,West,Technology,71.96,5,0.2,25.186
CA-2016-157364,11/19/2016,Liz Thompson,South,Office Supplies,18.48,2,0.2,6.006
US-2016-112970,11/14/2016,Tim Brockman,West,Office Supplies,9.84,3,0,2.8536
US-2017-152492,7/6/2017,Angele Hood,South,Furniture,239.24,1,0.2,23.924
CA-2016-101168,12/25/2016,Saphhira Shifley,East,Furniture,21.12,4,0,6.5472
CA-2017-104010,4/23/2017,Tamara Dahlen,East,Office Supplies,54.9,5,0,15.372
CA-2015-130253,12/14/2015,Paul Prost,West,Furniture,15.24,3,0,5.1816
US-2015-155369,4/19/2015,Patrick Gardner,Central,Office Supplies,19.568,2,0.8,-52.8336
US-2015-155369,4/19/2015,Patrick Gardner,Central,Office Supplies,310.392,4,0.8,-512.1468
CA-2016-131205,9/4/2016,Anna Andreadi,South,Furniture,42.6,3,0,16.614
CA-2016-131205,9/4/2016,Anna Andreadi,South,Office Supplies,113.94,6,0,54.6912
CA-2016-131205,9/4/2016,Anna Andreadi,South,Office Supplies,129.92,4,0,5.1968
CA-2016-131205,9/4/2016,Anna Andreadi,South,Office Supplies,5.28,3,0,2.5344
CA-2017-122364,9/24/2017,Frank Atkinson,West,Technology,859.2,3,0.2,75.18
CA-2017-122364,9/24/2017,Frank Atkinson,West,Technology,506.28,3,0.2,177.198
CA-2016-117912,2/4/2016,Tracy Blumstein,West,Furniture,14.368,2,0.2,3.9512
CA-2017-145702,5/19/2017,Adam Hart,South,Furniture,314.352,3,0.2,-35.3646
CA-2017-145702,5/19/2017,Adam Hart,South,Office Supplies,27.888,7,0.2,10.1094
CA-2015-113215,9/3/2015,Cathy Prescott,West,Furniture,238.152,3,0.2,89.307
CA-2016-154662,6/9/2016,Benjamin Farhat,Central,Furniture,692.94,3,0,173.235
CA-2015-105571,11/7/2015,Christine Phan,South,Office Supplies,16.146,9,0.7,-12.9168
CA-2015-105571,11/7/2015,Christine Phan,South,Office Supplies,1345.485,5,0.7,-1031.5385
CA-2016-152765,6/15/2016,Lynn Smith,Central,Office Supplies,173.488,7,0.2,54.215
CA-2015-153878,4/25/2015,Trudy Schmidt,Central,Office Supplies,57.75,5,0,16.17
CA-2015-153878,4/25/2015,Trudy Schmidt,Central,Office Supplies,272.4,5,0,76.272
CA-2016-124016,9/23/2016,Joni Sundaresam,East,Office Supplies,11.952,3,0.2,4.0338
CA-2016-124016,9/23/2016,Joni Sundaresam,East,Furniture,28,4,0.2,7.7
CA-2016-124016,9/23/2016,Joni Sundaresam,East,Office Supplies,12.201,7,0.7,-9.7608
CA-2016-113551,8/18/2016,Natalie Fritzler,Central,Office Supplies,2.068,1,0.8,-3.4122
CA-2016-113551,8/18/2016,Natalie Fritzler,Central,Office Supplies,83.84,8,0.2,30.392
CA-2014-107524,3/2/2014,Kristina Nunn,East,Office Supplies,11.36,2,0,5.3392
CA-2014-107524,3/2/2014,Kristina Nunn,East,Office Supplies,36.4,5,0,17.472
CA-2014-138072,12/30/2014,Guy Armstrong,East,Technology,27.968,2,0.2,6.992
CA-2015-134201,4/10/2015,Eugene Hildebrand,East,Office Supplies,142.04,4,0,38.3508
CA-2015-134201,4/10/2015,Eugene Hildebrand,East,Office Supplies,14.67,3,0,6.0147
CA-2015-111780,12/25/2015,Ralph Arnett,West,Technology,1199.96,5,0.2,224.9925
CA-2015-111780,12/25/2015,Ralph Arnett,West,Office Supplies,12.6,3,0,6.174
CA-2015-111780,12/25/2015,Ralph Arnett,West,Office Supplies,17.94,3,0,8.073
CA-2015-119942,4/5/2015,Ted Trevino,East,Office Supplies,23.904,6,0.2,7.7688
CA-2015-151547,1/17/2015,Amy Hunt,South,Office Supplies,88.96,8,0.2,10.008
CA-2017-166695,5/20/2017,Chuck Clark,West,Furniture,518.272,8,0.2,-97.176
CA-2017-166695,5/20/2017,Chuck Clark,West,Furniture,6.98,1,0,3.3504
CA-2017-166695,5/20/2017,Chuck Clark,West,Technology,343.2,1,0.2,38.61
CA-2017-167542,8/13/2017,Keith Dawkins,East,Office Supplies,17.544,3,0.2,5.9211
CA-2015-120901,12/31/2015,Barry Gonzalez,Central,Office Supplies,152.688,2,0.2,-26.7204
CA-2015-120901,12/31/2015,Barry Gonzalez,Central,Office Supplies,3.488,2,0.2,0.5668
CA-2015-120901,12/31/2015,Barry Gonzalez,Central,Office Supplies,5.888,2,0.2,-1.3248
CA-2017-121398,12/25/2017,Fred Hopkins,West,Office Supplies,153.552,3,0.2,51.8238
CA-2017-121398,12/25/2017,Fred Hopkins,West,Office Supplies,270.62,2,0,2.7062
CA-2016-151561,9/1/2016,Patrick Gardner,East,Technology,468.9,6,0,206.316
CA-2016-151561,9/1/2016,Patrick Gardner,East,Technology,72.48,2,0,30.4416
CA-2016-151561,9/1/2016,Patrick Gardner,East,Office Supplies,10.95,3,0,3.285
CA-2016-151561,9/1/2016,Patrick Gardner,East,Furniture,191.82,3,0,61.3824
CA-2017-154676,8/5/2017,Nick Zandusky,Central,Office Supplies,151.056,9,0.2,7.5528
US-2014-165589,2/18/2014,Troy Blackwell,Central,Furniture,25.16,5,0.6,-11.322
US-2016-132577,11/22/2016,Jeremy Ellison,Central,Office Supplies,6.216,6,0.8,-9.6348
US-2016-132577,11/22/2016,Jeremy Ellison,Central,Office Supplies,23.616,9,0.2,2.6568
US-2016-132577,11/22/2016,Jeremy Ellison,Central,Technology,24.032,2,0.2,-0.6008
US-2016-132577,11/22/2016,Jeremy Ellison,Central,Office Supplies,2.088,1,0.2,0.6786
US-2016-132577,11/22/2016,Jeremy Ellison,Central,Office Supplies,4.488,6,0.8,-6.732
CA-2015-114048,12/14/2015,Eric Hoffmann,West,Furniture,29.22,3,0,12.8568
CA-2015-137281,6/13/2015,Barbara Fisher,South,Office Supplies,6.48,1,0,3.1104
US-2017-162068,12/28/2017,Pamela Coakley,West,Office Supplies,1.188,2,0.7,-0.99
CA-2017-100111,9/20/2017,Seth Vernon,East,Furniture,272.646,3,0.1,18.1764
CA-2017-100111,9/20/2017,Seth Vernon,East,Technology,212.8,2,0,95.76
CA-2017-100111,9/20/2017,Seth Vernon,East,Office Supplies,38.52,9,0,18.1044
CA-2017-100111,9/20/2017,Seth Vernon,East,Technology,72.64,2,0,21.792
CA-2017-100111,9/20/2017,Seth Vernon,East,Office Supplies,45.4,4,0,12.712
CA-2017-100111,9/20/2017,Seth Vernon,East,Office Supplies,13.76,2,0,6.3296
CA-2017-100111,9/20/2017,Seth Vernon,East,Furniture,80.991,1,0.1,8.0991
CA-2017-100111,9/20/2017,Seth Vernon,East,Office Supplies,11.784,3,0.2,3.9771
CA-2017-100111,9/20/2017,Seth Vernon,East,Office Supplies,4.36,2,0,1.7876
CA-2017-100111,9/20/2017,Seth Vernon,East,Furniture,2888.127,11,0.1,609.7157
CA-2017-100111,9/20/2017,Seth Vernon,East,Technology,1299.66,2,0,350.9082
CA-2017-100111,9/20/2017,Seth Vernon,East,Furniture,2254.41,5,0.1,375.735
CA-2017-100111,9/20/2017,Seth Vernon,East,Technology,104.85,3,0,28.3095
CA-2017-100111,9/20/2017,Seth Vernon,East,Technology,59.97,3,0,20.3898
US-2017-132381,8/22/2017,Dean percer,East,Furniture,314.532,2,0.4,-83.8752
CA-2015-147011,6/18/2015,Harold Ryan,South,Office Supplies,13.632,4,0.2,3.5784
CA-2014-120852,12/20/2014,William Brown,Central,Office Supplies,19.432,2,0.8,-49.5516
CA-2014-120852,12/20/2014,William Brown,Central,Technology,65.44,5,0.2,-8.18
CA-2016-150007,9/11/2016,Adam Shillingsburg,Central,Office Supplies,6,2,0.2,2.1
CA-2016-150007,9/11/2016,Adam Shillingsburg,Central,Office Supplies,1.908,3,0.8,-3.2436
CA-2016-124590,11/12/2016,Susan Pistek,East,Furniture,1474.802,7,0.3,-21.0686
CA-2016-124590,11/12/2016,Susan Pistek,East,Office Supplies,110.096,2,0.2,33.0288
CA-2016-124590,11/12/2016,Susan Pistek,East,Office Supplies,16.752,6,0.2,5.4444
CA-2016-124590,11/12/2016,Susan Pistek,East,Furniture,1537.074,9,0.3,0
CA-2016-124590,11/12/2016,Susan Pistek,East,Furniture,449.372,2,0.3,-12.8392
CA-2016-133802,3/14/2016,Stephanie Phelps,West,Office Supplies,41.904,6,0.2,14.1426
US-2016-113677,11/13/2016,Corinna Mitchell,East,Technology,2279.96,4,0,592.7896
US-2016-113677,11/13/2016,Corinna Mitchell,East,Office Supplies,14.94,3,0,6.8724
CA-2017-143378,9/19/2017,Justin Ritter,West,Technology,191.976,3,0.2,19.1976
CA-2017-143378,9/19/2017,Justin Ritter,West,Office Supplies,23.832,3,0.2,6.5538
CA-2017-143378,9/19/2017,Justin Ritter,West,Furniture,409.216,8,0.2,61.3824
CA-2017-143378,9/19/2017,Justin Ritter,West,Furniture,72.588,2,0.7,-128.2388
CA-2017-152660,12/4/2017,Christy Brittain,Central,Office Supplies,61.568,2,0.2,4.6176
CA-2015-142139,8/31/2015,Shirley Daniels,Central,Office Supplies,20.96,4,0.2,6.812
CA-2017-145772,6/3/2017,Saphhira Shifley,West,Technology,44.75,5,0,8.5025
CA-2017-145772,6/3/2017,Saphhira Shifley,West,Office Supplies,11.96,2,0,5.382
CA-2017-145772,6/3/2017,Saphhira Shifley,West,Office Supplies,3.912,1,0.2,1.2714
CA-2016-124100,3/31/2016,Erica Hackney,East,Furniture,327.996,6,0.1,54.666
US-2014-158400,10/25/2014,Aaron Hawkins,West,Office Supplies,49.408,4,0.2,18.528
CA-2017-162033,3/26/2017,Evan Minnotte,South,Technology,53.25,3,0,20.7675
CA-2017-162033,3/26/2017,Evan Minnotte,South,Office Supplies,3.76,2,0,1.316
CA-2014-163447,12/27/2014,Thomas Brumley,East,Furniture,767.214,14,0.1,161.9674
CA-2017-145737,9/15/2017,Alan Barnes,South,Office Supplies,163.96,5,0.2,59.4355
CA-2016-148096,8/16/2016,Anthony O'Donnell,West,Furniture,161.28,2,0.2,12.096
CA-2016-146766,11/4/2016,Thomas Thornton,West,Office Supplies,192.8,4,0,55.912
CA-2015-105613,10/18/2015,Kristina Nunn,Central,Technology,27.696,3,0.2,3.462
CA-2015-105613,10/18/2015,Kristina Nunn,Central,Office Supplies,73.164,6,0.8,-186.5682
US-2016-142251,10/31/2016,Frank Olsen,South,Office Supplies,32.064,6,0.2,11.2224
CA-2014-131247,3/30/2014,Guy Armstrong,West,Furniture,205.666,2,0.15,-12.098
US-2015-113593,4/18/2015,Nathan Cano,West,Office Supplies,115.44,3,0,30.0144
CA-2017-121083,7/9/2017,Jamie Frazer,East,Office Supplies,274.8,5,0,134.652
CA-2017-121083,7/9/2017,Jamie Frazer,East,Office Supplies,195.64,4,0,3.9128
CA-2017-121083,7/9/2017,Jamie Frazer,East,Technology,257.98,2,0,74.8142
CA-2017-121083,7/9/2017,Jamie Frazer,East,Office Supplies,119.04,6,0,48.8064
CA-2017-151190,6/27/2017,Greg Tran,Central,Office Supplies,20.07,3,0,9.2322
CA-2014-133543,12/22/2014,Khloe Miller,West,Office Supplies,11.76,4,0,3.1752
CA-2017-105130,11/21/2017,Patrick Jones,West,Office Supplies,11.76,4,0,3.1752
CA-2017-105130,11/21/2017,Patrick Jones,West,Office Supplies,40.736,2,0.2,14.7668
CA-2016-161928,6/27/2016,Anna Chung,West,Technology,201.584,2,0.2,12.599
CA-2017-101322,12/28/2017,Jason Gross,West,Furniture,340.704,6,0.2,-34.0704
US-2016-106600,4/8/2016,Raymond Messe,South,Furniture,354.9,5,0,88.725
CA-2014-111871,3/18/2014,Eileen Kiefer,West,Furniture,1198.33,10,0.15,70.49
CA-2017-139437,7/3/2017,Rob Dowd,West,Office Supplies,87.92,4,0,0.8792
CA-2017-151484,4/20/2017,Cynthia Voltz,East,Furniture,51.968,2,0.2,10.3936
CA-2017-151484,4/20/2017,Cynthia Voltz,East,Office Supplies,51.336,3,0.2,5.7753
CA-2017-151484,4/20/2017,Cynthia Voltz,East,Office Supplies,332.704,1,0.2,33.2704
CA-2017-151484,4/20/2017,Cynthia Voltz,East,Furniture,42.408,3,0.2,9.5418
CA-2016-104150,8/3/2016,Alex Grayson,Central,Office Supplies,81.54,3,0,38.3238
CA-2016-104150,8/3/2016,Alex Grayson,Central,Technology,167.28,12,0,23.4192
CA-2016-161025,12/3/2016,Gary McGarr,West,Office Supplies,772.68,4,0,108.1752
CA-2014-103989,3/19/2014,Matt Connell,South,Technology,323.976,3,0.2,28.3479
CA-2014-103989,3/19/2014,Matt Connell,South,Office Supplies,11.808,4,0.2,3.9852
CA-2014-103989,3/19/2014,Matt Connell,South,Office Supplies,26.16,3,0.2,1.962
CA-2014-103989,3/19/2014,Matt Connell,South,Office Supplies,33.57,5,0.7,-25.737
CA-2014-103989,3/19/2014,Matt Connell,South,Furniture,4.992,3,0.2,1.3728
CA-2014-103989,3/19/2014,Matt Connell,South,Furniture,20.016,3,0.2,5.5044
CA-2014-103989,3/19/2014,Matt Connell,South,Technology,170.24,2,0.2,53.2
CA-2015-142433,4/20/2015,Erica Smith,Central,Office Supplies,117.456,3,0.2,44.046
CA-2015-132815,9/19/2015,Rick Wilson,West,Office Supplies,22.96,2,0,11.2504
CA-2014-101266,8/27/2014,Michael Moore,South,Office Supplies,13.36,2,0,6.4128
CA-2016-141523,12/19/2016,Mark Haberlin,East,Office Supplies,34.248,3,0.2,11.5587
CA-2016-141523,12/19/2016,Mark Haberlin,East,Office Supplies,3.52,2,0,1.0208
US-2014-106299,8/2/2014,Nick Zandusky,Central,Office Supplies,26.7,5,0,12.549
US-2014-106299,8/2/2014,Nick Zandusky,Central,Technology,21.2,2,0,9.116
US-2014-106299,8/2/2014,Nick Zandusky,Central,Office Supplies,838.38,2,0,226.3626
CA-2015-158421,9/21/2015,Giulietta Baptist,South,Furniture,1690.04,4,0,422.51
CA-2015-158421,9/21/2015,Giulietta Baptist,South,Office Supplies,85.96,7,0,24.0688
CA-2015-158421,9/21/2015,Giulietta Baptist,South,Office Supplies,121.96,2,0,57.3212
CA-2015-158421,9/21/2015,Giulietta Baptist,South,Office Supplies,23.92,4,0,11.7208
CA-2015-158421,9/21/2015,Giulietta Baptist,South,Office Supplies,63.96,2,0,6.396
CA-2015-158421,9/21/2015,Giulietta Baptist,South,Technology,629.95,5,0,176.386
CA-2015-158421,9/21/2015,Giulietta Baptist,South,Technology,113.73,3,0,32.9817
CA-2015-158421,9/21/2015,Giulietta Baptist,South,Office Supplies,14.6,2,0,6.862
CA-2015-158421,9/21/2015,Giulietta Baptist,South,Office Supplies,887.84,8,0,17.7568
CA-2016-143609,12/11/2016,Deborah Brumfield,West,Furniture,403.92,5,0.2,25.245
CA-2015-138331,8/7/2015,Jim Karlsson,East,Office Supplies,106.8,10,0.2,10.68
CA-2015-138954,11/15/2015,Maya Herman,East,Office Supplies,70.95,3,0,20.5755
CA-2015-138954,11/15/2015,Maya Herman,East,Office Supplies,34.944,6,0.2,11.7936
CA-2015-138954,11/15/2015,Maya Herman,East,Office Supplies,119.04,6,0,35.712
CA-2017-157903,4/4/2017,Anne McFarland,Central,Technology,383.84,4,0.2,47.98
CA-2016-157259,12/24/2016,Jessica Myrick,East,Furniture,799.56,9,0,207.8856
CA-2017-107986,12/13/2017,Mitch Webber,West,Office Supplies,31.44,3,0,8.4888
CA-2017-104927,12/22/2017,Alex Grayson,Central,Office Supplies,25.92,5,0.2,9.072
CA-2017-104927,12/22/2017,Alex Grayson,Central,Office Supplies,6.33,5,0.8,-9.8115
CA-2017-104927,12/22/2017,Alex Grayson,Central,Office Supplies,75.88,5,0.2,26.558
CA-2017-113453,10/21/2017,Charles McCrossin,East,Technology,329.988,2,0.4,-76.9972
CA-2017-113453,10/21/2017,Charles McCrossin,East,Office Supplies,71.376,3,0.2,-4.461
CA-2015-149909,11/13/2015,Russell Applegate,Central,Office Supplies,63.77,7,0,28.6965
CA-2015-149909,11/13/2015,Russell Applegate,Central,Technology,50.97,3,0,13.2522
CA-2015-149909,11/13/2015,Russell Applegate,Central,Office Supplies,96.08,2,0,46.1184
CA-2015-146675,4/16/2015,Sarah Brown,Central,Technology,1439.968,4,0.2,485.9892
CA-2015-146675,4/16/2015,Sarah Brown,Central,Technology,43.56,3,0.2,-4.9005
CA-2016-118332,12/16/2016,Pete Kriz,West,Furniture,563.92,5,0.2,7.049
CA-2016-133669,10/21/2016,Susan Vittorini,East,Technology,235.152,8,0.4,-47.0304
CA-2017-145660,12/1/2017,Matthew Grinstein,East,Furniture,7.712,2,0.2,1.7352
CA-2016-133697,10/20/2016,Chuck Magee,Central,Office Supplies,51.016,7,0.2,15.9425
CA-2016-133697,10/20/2016,Chuck Magee,Central,Office Supplies,25.248,4,0.2,7.89
CA-2016-133697,10/20/2016,Chuck Magee,Central,Furniture,56.686,1,0.3,-14.5764
CA-2017-148138,9/29/2017,Michelle Ellison,East,Office Supplies,51.168,2,0.2,-6.396
CA-2017-119809,8/18/2017,Yana Sorensen,West,Office Supplies,2793.528,9,0.2,942.8157
CA-2017-119809,8/18/2017,Yana Sorensen,West,Office Supplies,1000.02,7,0,290.0058
CA-2017-119809,8/18/2017,Yana Sorensen,West,Furniture,65.94,3,0,22.4196
CA-2017-149944,11/12/2017,Maria Bertelson,West,Office Supplies,18.24,3,0,9.12
CA-2017-149944,11/12/2017,Maria Bertelson,West,Office Supplies,76.12,2,0,22.0748
CA-2014-128538,10/11/2014,Alan Shonely,West,Office Supplies,7.64,1,0,3.7436
CA-2015-161711,11/28/2015,Mark Cousins,East,Furniture,68.16,3,0,27.9456
CA-2015-161711,11/28/2015,Mark Cousins,East,Office Supplies,62.24,8,0,29.2528
US-2015-129553,7/27/2015,Patrick Gardner,South,Technology,29.97,3,0,0.2997
CA-2016-160220,10/20/2016,Joy Smith,Central,Technology,125.7,6,0,35.196
CA-2016-160220,10/20/2016,Joy Smith,Central,Technology,191.98,2,0,51.8346
CA-2016-160220,10/20/2016,Joy Smith,Central,Office Supplies,20.86,7,0,1.4602
US-2017-157224,9/14/2017,Joy Bell-,West,Office Supplies,56.7,9,0,26.082
CA-2017-140627,12/23/2017,Darren Koutras,South,Furniture,72.704,4,0.2,19.0848
CA-2017-140627,12/23/2017,Darren Koutras,South,Office Supplies,12.264,7,0.2,1.0731
CA-2017-140627,12/23/2017,Darren Koutras,South,Office Supplies,218.352,3,0.2,-54.588
CA-2015-133445,10/5/2015,Jeremy Farry,West,Furniture,66.294,1,0.7,-103.8606
CA-2015-133445,10/5/2015,Jeremy Farry,West,Furniture,291.168,4,0.2,-14.5584
CA-2014-148782,11/2/2014,Patrick O'Brill,Central,Technology,88.776,3,0.2,7.7679
CA-2016-148208,1/22/2016,Bradley Talbott,East,Technology,110.376,4,0.4,-20.2356
CA-2016-148208,1/22/2016,Bradley Talbott,East,Technology,55.176,3,0.2,15.8631
CA-2017-127656,7/11/2017,Natalie Webber,Central,Office Supplies,30.32,4,0,11.8248
US-2017-142188,9/11/2017,Jennifer Ferguson,West,Furniture,177.568,2,0.2,8.8784
US-2017-142188,9/11/2017,Jennifer Ferguson,West,Office Supplies,19.44,3,0,9.3312
US-2017-142188,9/11/2017,Jennifer Ferguson,West,Office Supplies,71.28,11,0,34.2144
US-2017-142188,9/11/2017,Jennifer Ferguson,West,Office Supplies,1471.96,5,0.2,459.9875
US-2017-142188,9/11/2017,Jennifer Ferguson,West,Technology,79.96,5,0.2,-17.991
CA-2016-144400,2/23/2016,Alyssa Crouse,East,Office Supplies,57.576,3,0.2,21.591
US-2016-155180,1/22/2016,Toby Braunhardt,East,Office Supplies,26.336,4,0.2,9.2176
CA-2015-134075,12/12/2015,Helen Abelman,West,Furniture,166.5,3,0,21.645
CA-2015-134075,12/12/2015,Helen Abelman,West,Office Supplies,360.38,2,0,93.6988
US-2016-131912,10/29/2016,Logan Haushalter,West,Office Supplies,11.744,1,0.2,3.8168
CA-2017-141572,5/28/2017,Lori Olson,East,Furniture,247.44,8,0,101.4504
CA-2014-134621,12/21/2014,Dennis Pardue,South,Office Supplies,18.24,2,0.7,-14.592
CA-2016-165561,11/24/2016,Clay Rozendal,West,Office Supplies,25.35,3,0,7.605
CA-2015-112305,11/20/2015,Katrina Bavinger,West,Office Supplies,119.04,6,0,30.9504
CA-2015-112305,11/20/2015,Katrina Bavinger,West,Furniture,22.14,3,0,6.4206
CA-2015-112305,11/20/2015,Katrina Bavinger,West,Technology,13.98,2,0,6.0114
CA-2017-121580,5/29/2017,Maris LaWare,Central,Office Supplies,43.41,1,0,19.9686
CA-2017-121580,5/29/2017,Maris LaWare,Central,Furniture,6.24,3,0,2.6208
CA-2017-121580,5/29/2017,Maris LaWare,Central,Office Supplies,465.16,2,0,120.9416
CA-2017-121580,5/29/2017,Maris LaWare,Central,Office Supplies,7.98,1,0,3.99
CA-2014-101147,12/2/2014,Matt Collins,Central,Office Supplies,2.394,1,0.8,-6.3441
CA-2014-165806,4/7/2014,Valerie Mitchum,South,Office Supplies,58.32,9,0,27.9936
CA-2014-165806,4/7/2014,Valerie Mitchum,South,Technology,200.97,3,0,50.2425
CA-2015-151624,9/8/2015,Victoria Wilson,South,Furniture,21.36,8,0,8.1168
CA-2017-139444,9/9/2017,Grace Kelly,Central,Office Supplies,9.856,4,0.2,3.4496
CA-2015-133977,9/6/2015,Alyssa Tate,South,Office Supplies,3.444,1,0.7,-2.5256
CA-2017-141425,11/2/2017,Anthony Rawles,East,Office Supplies,384.592,2,0.2,-81.7258
CA-2015-133536,3/28/2015,John Huston,East,Office Supplies,22.92,3,0,11.2308
CA-2015-150441,8/13/2015,Ralph Arnett,Central,Office Supplies,11.36,4,0,5.5664
CA-2015-162607,5/12/2015,Rose O'Brian,West,Office Supplies,14.592,3,0.2,4.9248
CA-2017-103506,7/23/2017,Lisa Ryan,East,Office Supplies,41.4,4,0,19.872
CA-2016-132479,9/24/2016,Michael Kennedy,Central,Office Supplies,442.372,7,0.8,-729.9138
CA-2017-160724,5/5/2017,Yana Sorensen,South,Office Supplies,34.5,3,0,15.525
US-2016-115952,10/6/2016,Jonathan Howell,Central,Office Supplies,28.85,5,0,14.425
CA-2014-146731,11/3/2014,Annie Thurman,South,Office Supplies,3.488,2,0.2,1.1772
CA-2014-146731,11/3/2014,Annie Thurman,South,Office Supplies,143.856,9,0.2,48.5514
CA-2015-115392,10/1/2015,Robert Marley,East,Technology,311.98,2,0,93.594
CA-2015-115392,10/1/2015,Robert Marley,East,Office Supplies,22.45,5,0,10.327
CA-2017-102379,12/2/2017,Brenda Bowman,West,Technology,39.992,1,0.2,-7.9984
CA-2017-102379,12/2/2017,Brenda Bowman,West,Furniture,1159.056,9,0.2,43.4646
CA-2017-102379,12/2/2017,Brenda Bowman,West,Office Supplies,179.9,5,0,44.975
CA-2017-149706,12/11/2017,Alejandro Savely,Central,Technology,116.312,7,0.2,23.2624
US-2016-139087,7/17/2016,Dennis Kane,West,Furniture,12.42,3,0,4.4712
US-2016-139087,7/17/2016,Dennis Kane,West,Technology,428.4,3,0,89.964
US-2016-139087,7/17/2016,Dennis Kane,West,Furniture,24.75,5,0,10.89
US-2016-139087,7/17/2016,Dennis Kane,West,Office Supplies,87.71,7,0,41.2237
US-2016-139087,7/17/2016,Dennis Kane,West,Office Supplies,69.52,2,0,17.38
US-2016-139087,7/17/2016,Dennis Kane,West,Technology,20.784,2,0.2,-4.6764
US-2016-139087,7/17/2016,Dennis Kane,West,Office Supplies,12.816,3,0.2,4.1652
CA-2017-152226,5/12/2017,Jonathan Howell,East,Office Supplies,5.904,2,0.2,1.9926
CA-2015-116484,11/20/2015,Jamie Kunitz,East,Furniture,63.824,2,0.2,9.5736
CA-2015-116484,11/20/2015,Jamie Kunitz,East,Office Supplies,141.552,3,0.2,-26.541
CA-2016-100944,9/24/2016,Edward Hooks,West,Office Supplies,304.9,5,0,143.303
CA-2016-100944,9/24/2016,Edward Hooks,West,Furniture,563.24,5,0.2,56.324
CA-2016-125080,10/21/2016,Victoria Wilson,East,Furniture,661.176,2,0.4,-231.4116
CA-2016-121020,10/24/2016,Catherine Glotzbach,South,Technology,239.976,3,0.2,17.9982
CA-2014-100090,7/8/2014,Ed Braxton,West,Furniture,502.488,3,0.2,-87.9354
CA-2014-100090,7/8/2014,Ed Braxton,West,Office Supplies,196.704,6,0.2,68.8464
US-2015-139675,3/13/2015,Nicole Fjeld,West,Furniture,915.136,4,0.2,102.9528
US-2015-139675,3/13/2015,Nicole Fjeld,West,Furniture,327.76,8,0,91.7728
CA-2017-143756,12/2/2017,Max Engle,South,Furniture,701.96,2,0,168.4704
CA-2015-151253,4/22/2015,Annie Zypern,West,Technology,88.776,3,0.2,7.7679
CA-2015-151253,4/22/2015,Annie Zypern,West,Office Supplies,64.14,3,0,16.6764
CA-2014-141152,9/16/2014,Randy Ferguson,East,Office Supplies,33.552,1,0.2,12.582
CA-2014-141313,12/28/2014,Anthony Jacobs,East,Office Supplies,1737.18,6,0,503.7822
CA-2014-141313,12/28/2014,Anthony Jacobs,East,Office Supplies,704.25,5,0,84.51
CA-2014-141313,12/28/2014,Anthony Jacobs,East,Office Supplies,141.76,4,0,66.6272
CA-2014-169852,10/21/2014,Sylvia Foulston,West,Office Supplies,36.36,3,0.2,12.2715
CA-2017-107314,11/30/2017,Maria Zettner,West,Furniture,25.83,3,0,9.5571
US-2014-161305,6/6/2014,Sarah Bern,Central,Office Supplies,24.588,3,0.8,-38.1114
US-2014-161305,6/6/2014,Sarah Bern,Central,Office Supplies,13.984,2,0.2,4.7196
CA-2017-166919,11/23/2017,Alan Hwang,Central,Technology,195.96,5,0.2,19.596
CA-2017-162712,6/18/2017,Neil Knudson,Central,Office Supplies,74.352,3,0.2,23.235
CA-2017-107552,5/5/2017,Arianne Irving,East,Office Supplies,6.68,1,0,3.2064
CA-2016-163328,11/4/2016,Tracy Poddar,West,Office Supplies,17.584,7,0.2,-4.1762
CA-2016-163328,11/4/2016,Tracy Poddar,West,Furniture,104.784,1,0.2,-14.4078
CA-2016-163328,11/4/2016,Tracy Poddar,West,Office Supplies,47.952,3,0.2,16.7832
CA-2016-163328,11/4/2016,Tracy Poddar,West,Furniture,650.352,3,0.2,-97.5528
CA-2016-163328,11/4/2016,Tracy Poddar,West,Office Supplies,629.184,8,0.2,228.0792
CA-2016-163328,11/4/2016,Tracy Poddar,West,Office Supplies,15.176,1,0.2,5.3116
CA-2014-112837,9/11/2014,Liz Willingham,West,Furniture,127.95,3,0,21.7515
CA-2017-120019,2/16/2017,Nat Gilpin,East,Office Supplies,579.51,3,0,81.1314
CA-2017-120019,2/16/2017,Nat Gilpin,East,Technology,14.99,1,0,7.3451
CA-2014-100762,11/24/2014,Nat Gilpin,Central,Office Supplies,151.92,4,0,45.576
CA-2014-100762,11/24/2014,Nat Gilpin,Central,Office Supplies,196.62,2,0,96.3438
CA-2014-100762,11/24/2014,Nat Gilpin,Central,Office Supplies,144.12,3,0,69.1776
CA-2014-100762,11/24/2014,Nat Gilpin,Central,Office Supplies,15.96,2,0,7.98
CA-2017-161459,11/25/2017,Edward Becker,West,Technology,39.96,5,0.2,3.4965
CA-2017-161459,11/25/2017,Edward Becker,West,Office Supplies,34.08,6,0,15.336
CA-2017-160017,9/28/2017,Sung Pak,South,Office Supplies,10.368,2,0.2,3.6288
CA-2014-123316,10/13/2014,Sibella Parks,East,Office Supplies,7.752,3,0.2,2.8101
CA-2014-141299,6/3/2014,Ross Baird,Central,Office Supplies,15.28,2,0,7.4872
CA-2014-104402,6/17/2014,Duane Benoit,East,Technology,65.97,3,0,31.0059
CA-2015-110289,10/29/2015,Nona Balk,West,Office Supplies,33.4,5,0,16.032
CA-2015-110289,10/29/2015,Nona Balk,West,Office Supplies,210.84,4,0,103.3116
CA-2014-167927,1/20/2014,Xylona Preis,Central,Office Supplies,13.98,1,0,4.0542
CA-2014-167927,1/20/2014,Xylona Preis,Central,Furniture,272.94,3,0,30.0234
CA-2014-167927,1/20/2014,Xylona Preis,Central,Office Supplies,19.05,5,0,8.9535
CA-2014-167927,1/20/2014,Xylona Preis,Central,Office Supplies,247.716,4,0.1,93.5816
CA-2014-167927,1/20/2014,Xylona Preis,Central,Office Supplies,66.58,2,0,15.9792
CA-2014-167927,1/20/2014,Xylona Preis,Central,Office Supplies,43.92,3,0,12.7368
CA-2014-167927,1/20/2014,Xylona Preis,Central,Furniture,14.73,3,0,4.8609
CA-2014-167927,1/20/2014,Xylona Preis,Central,Office Supplies,29.7,5,0,13.365
CA-2014-133305,7/11/2014,Mark Hamilton,East,Office Supplies,49.12,4,0,23.0864
CA-2014-133305,7/11/2014,Mark Hamilton,East,Office Supplies,18.28,5,0.2,6.398
CA-2016-165995,8/30/2016,Bruce Geld,West,Furniture,47.04,4,0,15.9936
CA-2016-165995,8/30/2016,Bruce Geld,West,Technology,339.96,5,0.2,42.495
CA-2017-143112,10/5/2017,Todd Sumrall,East,Technology,87.8,4,0,43.9
CA-2017-143112,10/5/2017,Todd Sumrall,East,Furniture,221.382,2,0.1,2.4598
CA-2017-143112,10/5/2017,Todd Sumrall,East,Technology,5199.96,4,0,1351.9896
US-2017-105830,12/31/2016,Duane Benoit,East,Office Supplies,156.512,4,0.2,-35.2152
CA-2015-146255,3/7/2015,Eugene Moren,East,Technology,119.85,3,0,52.734
CA-2015-146255,3/7/2015,Eugene Moren,East,Office Supplies,30.44,2,0,14.9156
CA-2015-146255,3/7/2015,Eugene Moren,East,Office Supplies,69.28,2,0,33.2544
CA-2015-146255,3/7/2015,Eugene Moren,East,Technology,587.97,3,0,170.5113
CA-2017-104822,10/20/2017,Rick Bensley,East,Office Supplies,24.55,5,0,12.0295
CA-2015-104486,5/1/2015,Patrick O'Brill,West,Office Supplies,12.176,1,0.2,4.4138
CA-2015-104486,5/1/2015,Patrick O'Brill,West,Office Supplies,37.32,3,0,10.4496
CA-2015-104486,5/1/2015,Patrick O'Brill,West,Office Supplies,35.06,2,0,10.518
CA-2017-161557,9/3/2017,Arthur Gainer,Central,Furniture,108.4,5,0.6,-105.69
CA-2017-161130,11/3/2017,Beth Fritzler,South,Technology,361.376,2,0.2,27.1032
US-2015-161347,9/13/2015,Harry Greene,East,Office Supplies,2.412,1,0.7,-2.01
US-2015-109015,9/6/2015,Brendan Sweed,East,Office Supplies,8.39,1,0,2.0975
US-2015-109015,9/6/2015,Brendan Sweed,East,Technology,337.98,2,0,101.394
CA-2014-110611,10/6/2014,Joy Daniels,East,Office Supplies,83.92,5,0.2,-13.637
CA-2017-139080,1/23/2017,Chris Selesnick,West,Office Supplies,19.68,5,0.2,6.888
CA-2017-139080,1/23/2017,Chris Selesnick,West,Office Supplies,25.92,4,0,12.4416
CA-2017-139080,1/23/2017,Chris Selesnick,West,Office Supplies,6.48,1,0,3.1104
CA-2017-139080,1/23/2017,Chris Selesnick,West,Technology,86.352,6,0.2,8.6352
CA-2015-115693,12/10/2015,Frank Carlisle,West,Office Supplies,56.3,2,0,15.764
US-2014-107993,11/25/2014,Sanjit Engle,West,Office Supplies,51.016,7,0.2,8.2901
CA-2017-110443,11/21/2017,Chloris Kastensmidt,West,Office Supplies,150.8,5,0.2,56.55
CA-2017-110443,11/21/2017,Chloris Kastensmidt,West,Technology,1039.992,1,0.2,103.9992
CA-2017-110443,11/21/2017,Chloris Kastensmidt,West,Office Supplies,51.84,8,0,24.8832
CA-2017-144848,4/4/2017,Darrin Sayre,East,Technology,41.22,1,0,11.1294
CA-2017-144848,4/4/2017,Darrin Sayre,East,Office Supplies,240.37,1,0,7.2111
CA-2017-144848,4/4/2017,Darrin Sayre,East,Technology,119.02,2,0,33.3256
US-2017-147998,5/19/2017,Sue Ann Reed,West,Office Supplies,133.12,5,0.2,49.92
CA-2016-103919,10/3/2016,Tracy Poddar,Central,Furniture,38.08,5,0.6,-29.512
CA-2016-113425,11/21/2016,Julie Kriz,East,Furniture,113.568,2,0.2,12.7764
CA-2017-143035,10/3/2017,Chuck Clark,East,Furniture,83.92,4,0,21.8192
CA-2017-143035,10/3/2017,Chuck Clark,East,Office Supplies,6.63,3,0,3.1161
CA-2017-143035,10/3/2017,Chuck Clark,East,Technology,371.97,3,0,66.9546
CA-2014-107811,4/29/2014,Laura Armstrong,South,Furniture,561.584,2,0.2,70.198
CA-2014-107811,4/29/2014,Laura Armstrong,South,Office Supplies,99.92,5,0.2,-1.249
CA-2016-163216,10/7/2016,Arthur Wiediger,East,Office Supplies,4.928,2,0.2,1.7248
US-2016-116442,12/15/2016,Benjamin Patterson,West,Furniture,14.76,2,0,4.2804
CA-2017-150623,4/10/2017,Dennis Bolton,East,Technology,99.99,1,0,41.9958
CA-2017-150623,4/10/2017,Dennis Bolton,East,Office Supplies,286.15,5,0,71.5375
US-2014-163797,4/8/2014,Pauline Chand,West,Office Supplies,49.792,8,0.2,-11.8256
CA-2016-127236,3/29/2016,Troy Blackwell,East,Furniture,299.975,5,0.5,-167.986
CA-2016-127236,3/29/2016,Troy Blackwell,East,Technology,158.376,4,0.4,-36.9544
US-2017-104661,1/15/2017,Tim Brockman,Central,Office Supplies,32.784,4,0.8,-52.4544
US-2017-104661,1/15/2017,Tim Brockman,Central,Technology,47.984,2,0.2,14.3952
US-2017-104661,1/15/2017,Tim Brockman,Central,Technology,62.592,8,0.2,13.3008
US-2017-104661,1/15/2017,Tim Brockman,Central,Office Supplies,4.276,1,0.8,-6.6278
CA-2014-134103,1/30/2014,Mike Vittorini,Central,Office Supplies,10.56,2,0,4.752
CA-2014-134103,1/30/2014,Mike Vittorini,Central,Office Supplies,229.94,2,0,6.8982
CA-2015-147529,2/7/2015,Damala Kotsonis,South,Office Supplies,311.15,5,0,146.2405
CA-2015-147529,2/7/2015,Damala Kotsonis,South,Office Supplies,12.96,2,0,6.3504
CA-2016-129126,12/14/2016,Pete Kriz,East,Office Supplies,14.62,2,0,6.7252
CA-2016-129126,12/14/2016,Pete Kriz,East,Office Supplies,5.76,2,0,2.8224
CA-2016-129126,12/14/2016,Pete Kriz,East,Office Supplies,21.48,6,0,10.5252
CA-2016-129126,12/14/2016,Pete Kriz,East,Furniture,396.92,4,0,198.46
CA-2016-129126,12/14/2016,Pete Kriz,East,Office Supplies,17.15,1,0,4.6305
CA-2016-129126,12/14/2016,Pete Kriz,East,Office Supplies,23.12,2,0.2,7.803
CA-2017-131632,10/31/2017,Adrian Hane,Central,Office Supplies,5.248,2,0.2,0.5904
CA-2017-151981,8/6/2017,Gary Mitchum,East,Technology,824.95,5,0,247.485
CA-2017-151981,8/6/2017,Gary Mitchum,East,Office Supplies,24.64,8,0,11.8272
CA-2017-151981,8/6/2017,Gary Mitchum,East,Office Supplies,227.88,6,0,68.364
CA-2017-125472,5/30/2017,Bruce Degenhardt,South,Furniture,241.96,2,0,33.8744
CA-2017-125472,5/30/2017,Bruce Degenhardt,South,Office Supplies,3.89,1,0,1.8672
CA-2017-125472,5/30/2017,Bruce Degenhardt,South,Furniture,8.01,3,0,3.0438
CA-2015-156328,11/30/2015,Raymond Messe,South,Technology,177.48,3,0.2,19.9665
CA-2017-154074,8/31/2017,Bart Watters,West,Furniture,569.568,2,0.2,7.1196
CA-2017-154074,8/31/2017,Bart Watters,West,Office Supplies,149.73,7,0,43.4217
CA-2017-161774,5/14/2017,Greg Tran,Central,Furniture,899.43,5,0.3,-12.849
CA-2017-161774,5/14/2017,Greg Tran,Central,Office Supplies,46.2,5,0.2,5.775
CA-2017-161774,5/14/2017,Greg Tran,Central,Office Supplies,47.952,3,0.2,16.1838
CA-2017-161774,5/14/2017,Greg Tran,Central,Technology,7.992,1,0.2,0.6993
CA-2017-161774,5/14/2017,Greg Tran,Central,Office Supplies,76.864,2,0.2,26.9024
CA-2017-151211,8/17/2017,Adrian Hane,South,Office Supplies,102.93,3,0,48.3771
CA-2017-151211,8/17/2017,Adrian Hane,South,Technology,98.16,6,0,9.816
CA-2017-142671,11/10/2017,Daniel Raglin,South,Office Supplies,11.52,5,0.7,-7.68
CA-2017-144750,8/21/2017,Dionis Lloyd,West,Office Supplies,83.88,1,0.2,29.358
CA-2016-111976,3/8/2016,Brian DeCherney,East,Technology,108.576,4,0.4,-25.3344
CA-2016-111976,3/8/2016,Brian DeCherney,East,Office Supplies,5.984,2,0.2,-1.3464
CA-2016-140130,10/31/2016,Helen Wasserman,Central,Office Supplies,21.96,2,0,6.1488
CA-2016-140130,10/31/2016,Helen Wasserman,Central,Furniture,368.97,3,0,81.1734
CA-2016-140130,10/31/2016,Helen Wasserman,Central,Office Supplies,12.39,3,0,3.4692
CA-2016-140130,10/31/2016,Helen Wasserman,Central,Office Supplies,332.94,3,0,9.9882
CA-2014-159121,7/26/2014,Jack O'Briant,West,Technology,111.93,7,0,34.6983
CA-2015-149650,10/24/2015,Robert Dilbeck,West,Furniture,454.272,8,0.2,-73.8192
CA-2017-115777,8/19/2017,Doug O'Connell,East,Office Supplies,19.44,3,0,9.3312
CA-2016-143714,5/23/2016,Christopher Conant,East,Technology,8399.976,4,0.4,1119.9968
CA-2016-143714,5/23/2016,Christopher Conant,East,Office Supplies,6.294,1,0.7,-4.196
CA-2016-143714,5/23/2016,Christopher Conant,East,Office Supplies,10.368,2,0.2,3.6288
CA-2016-143714,5/23/2016,Christopher Conant,East,Technology,122.382,3,0.4,-24.4764
CA-2014-165764,11/3/2014,Shahid Hopkins,South,Office Supplies,25.984,2,0.2,-1.624
CA-2014-165764,11/3/2014,Shahid Hopkins,South,Furniture,945.036,6,0.4,-299.2614
CA-2014-165764,11/3/2014,Shahid Hopkins,South,Office Supplies,14.301,7,0.7,-10.4874
CA-2014-165764,11/3/2014,Shahid Hopkins,South,Furniture,410.352,3,0.2,-51.294
CA-2015-121405,3/30/2015,Fred Chung,Central,Office Supplies,23.52,5,0.2,8.526
CA-2015-121405,3/30/2015,Fred Chung,Central,Technology,180.96,5,0.2,13.572
US-2017-116897,5/27/2017,James Galang,West,Furniture,35,4,0,14.7
US-2017-116897,5/27/2017,James Galang,West,Office Supplies,477.15,5,0,28.629
US-2017-116897,5/27/2017,James Galang,West,Technology,302.376,3,0.2,22.6782
US-2017-113992,12/14/2017,Lena Creighton,Central,Furniture,974.988,4,0.3,-97.4988
CA-2014-166891,10/4/2014,Chris Cortes,East,Furniture,589.41,5,0.1,-6.549
CA-2016-101161,10/13/2016,Bart Watters,East,Office Supplies,34.7,5,0,12.492
CA-2016-101161,10/13/2016,Bart Watters,East,Office Supplies,99.87,3,0,23.9688
CA-2016-101161,10/13/2016,Bart Watters,East,Office Supplies,37.94,2,0,18.2112
CA-2016-101161,10/13/2016,Bart Watters,East,Office Supplies,24.9,5,0,11.454
CA-2016-101161,10/13/2016,Bart Watters,East,Furniture,82.26,3,0,33.7266
CA-2015-151785,3/5/2015,Jennifer Jackson,Central,Office Supplies,7.104,6,0.2,2.4864
US-2017-119816,3/4/2017,Tonja Turnell,Central,Furniture,103.5,5,0.6,-77.625
US-2017-119816,3/4/2017,Tonja Turnell,Central,Office Supplies,2.464,1,0.2,0.8624
US-2017-119816,3/4/2017,Tonja Turnell,Central,Office Supplies,8.72,1,0.2,0.654
CA-2015-156510,9/25/2015,Erica Hackney,East,Office Supplies,10.76,2,0,5.1648
CA-2015-156510,9/25/2015,Erica Hackney,East,Office Supplies,45.68,2,0,21.0128
CA-2015-156510,9/25/2015,Erica Hackney,East,Office Supplies,6.7,1,0,2.211
US-2015-110261,12/19/2015,Patrick Ryan,Central,Technology,158.376,3,0.2,13.8579
CA-2015-125710,10/8/2015,Brian Thompson,Central,Office Supplies,3.44,2,0.2,0.559
CA-2017-161102,7/31/2017,Erin Creighton,West,Office Supplies,56.56,2,0,15.2712
CA-2017-161102,7/31/2017,Erin Creighton,West,Furniture,36.96,7,0,11.4576
CA-2014-110065,8/5/2014,Stephanie Phelps,East,Technology,135.99,1,0,36.7173
CA-2014-110065,8/5/2014,Stephanie Phelps,East,Office Supplies,15.96,7,0,7.0224
US-2017-133361,5/14/2017,Anthony Jacobs,East,Office Supplies,3.76,2,0,1.0904
US-2017-133361,5/14/2017,Anthony Jacobs,East,Office Supplies,14.7,5,0,6.615
US-2017-133361,5/14/2017,Anthony Jacobs,East,Office Supplies,37.2,5,0,9.3
US-2017-133361,5/14/2017,Anthony Jacobs,East,Technology,89.97,3,0,18.8937
US-2017-133361,5/14/2017,Anthony Jacobs,East,Furniture,261.96,2,0,23.5764
US-2017-133361,5/14/2017,Anthony Jacobs,East,Office Supplies,74,5,0,37
US-2016-155404,9/22/2016,Ann Steele,South,Furniture,13.28,2,0,6.3744
CA-2015-114503,11/13/2015,Allen Armold,South,Office Supplies,84.96,6,0.2,6.372
CA-2017-153080,5/22/2017,Eric Hoffmann,West,Technology,68.46,7,0,25.3302
CA-2016-163804,12/2/2016,Deborah Brumfield,East,Office Supplies,2079.4,5,0,582.232
CA-2016-163804,12/2/2016,Deborah Brumfield,East,Technology,629.95,5,0,176.386
CA-2016-163804,12/2/2016,Deborah Brumfield,East,Furniture,72.42,6,0,23.8986
CA-2015-108532,8/29/2015,Chad Cunningham,Central,Technology,131.98,2,0,35.6346
CA-2015-108532,8/29/2015,Chad Cunningham,Central,Technology,114.52,7,0,11.452
CA-2014-151897,6/6/2014,Valerie Takahito,Central,Office Supplies,100.24,10,0.2,33.831
CA-2016-113292,3/18/2016,Dave Brooks,South,Office Supplies,871.8,3,0.2,87.18
CA-2014-149524,1/14/2014,Brendan Sweed,East,Furniture,61.96,4,0.5,-53.2856
CA-2017-140872,6/3/2017,Nick Radford,South,Office Supplies,4.554,3,0.7,-3.4914
CA-2017-140872,6/3/2017,Nick Radford,South,Office Supplies,5.2,2,0.2,0.585
CA-2017-140872,6/3/2017,Nick Radford,South,Technology,205.992,1,0.2,-2.5749
CA-2017-140872,6/3/2017,Nick Radford,South,Office Supplies,15.552,3,0.2,5.4432
CA-2017-140872,6/3/2017,Nick Radford,South,Technology,503.96,5,0.2,50.396
CA-2017-140872,6/3/2017,Nick Radford,South,Office Supplies,24.472,7,0.2,1.8354
CA-2017-140872,6/3/2017,Nick Radford,South,Furniture,241.568,2,0.2,0
CA-2017-140872,6/3/2017,Nick Radford,South,Technology,110.4,2,0.2,-4.14
CA-2017-113908,6/3/2017,Katherine Nockton,East,Furniture,384.768,2,0.4,-115.4304
CA-2017-113908,6/3/2017,Katherine Nockton,East,Technology,78.66,6,0,36.1836
CA-2017-113908,6/3/2017,Katherine Nockton,East,Office Supplies,45.36,4,0,22.2264
CA-2015-120621,3/21/2015,Julia West,South,Office Supplies,962.08,4,0.2,156.338
CA-2015-120621,3/21/2015,Julia West,South,Office Supplies,12.843,3,0.7,-9.8463
CA-2015-120621,3/21/2015,Julia West,South,Office Supplies,295.456,14,0.2,96.0232
US-2017-148866,9/19/2017,Jessica Myrick,East,Office Supplies,32.4,5,0,15.552
CA-2014-149594,9/15/2014,Monica Federle,East,Furniture,103.936,4,0.2,16.8896
CA-2016-113845,11/20/2016,Frank Atkinson,South,Furniture,289.568,2,0.2,10.8588
CA-2016-113845,11/20/2016,Frank Atkinson,South,Office Supplies,39.72,5,0.2,4.4685
CA-2016-113845,11/20/2016,Frank Atkinson,South,Technology,244.768,4,0.2,24.4768
CA-2017-111262,10/28/2017,Keith Herrera,Central,Technology,24,2,0.2,-2.7
CA-2017-111262,10/28/2017,Keith Herrera,Central,Office Supplies,15.552,3,0.2,5.4432
CA-2017-111262,10/28/2017,Keith Herrera,Central,Technology,26.176,2,0.2,-3.272
CA-2015-103135,7/24/2015,Shirley Schmidt,South,Furniture,20.94,3,0,6.0726
CA-2015-103135,7/24/2015,Shirley Schmidt,South,Office Supplies,135.09,9,0,62.1414
CA-2015-103135,7/24/2015,Shirley Schmidt,South,Technology,279.86,14,0,64.3678
CA-2015-103135,7/24/2015,Shirley Schmidt,South,Office Supplies,90.06,6,0,41.4276
CA-2014-129147,11/2/2014,Liz Carlisle,East,Technology,539.964,6,0.4,-107.9928
CA-2014-129147,11/2/2014,Liz Carlisle,East,Technology,50.232,7,0.4,-10.0464
CA-2014-129147,11/2/2014,Liz Carlisle,East,Office Supplies,19.242,3,0.7,-13.4694
CA-2017-128265,11/17/2017,Victoria Wilson,East,Office Supplies,1247.64,3,0,349.3392
CA-2016-152331,6/26/2016,Lela Donovan,Central,Office Supplies,5.304,3,0.2,0.4641
US-2016-128909,10/9/2016,Sibella Parks,East,Office Supplies,19.136,4,0.2,5.98
US-2016-128909,10/9/2016,Sibella Parks,East,Furniture,332.832,4,0.2,-24.9624
CA-2017-102197,12/20/2017,David Kendrick,East,Office Supplies,279.9,5,0,137.151
CA-2017-102197,12/20/2017,David Kendrick,East,Office Supplies,50.352,3,0.2,17.6232
CA-2017-102197,12/20/2017,David Kendrick,East,Office Supplies,34.02,3,0,16.6698
CA-2017-167640,3/6/2017,Frank Carlisle,West,Office Supplies,23.88,6,0,8.1192
CA-2017-167640,3/6/2017,Frank Carlisle,West,Office Supplies,11.52,4,0,5.6448
CA-2017-167640,3/6/2017,Frank Carlisle,West,Office Supplies,286.93,7,0,140.5957
CA-2017-167640,3/6/2017,Frank Carlisle,West,Technology,206.384,2,0.2,23.2182
US-2017-116652,9/15/2017,Rick Duston,West,Furniture,218.352,3,0.2,0
US-2017-116652,9/15/2017,Rick Duston,West,Furniture,529.9,5,0,105.98
US-2017-116652,9/15/2017,Rick Duston,West,Office Supplies,99.3,10,0,41.706
US-2017-116652,9/15/2017,Rick Duston,West,Office Supplies,108.96,2,0,30.5088
US-2017-116652,9/15/2017,Rick Duston,West,Office Supplies,2.688,1,0.2,0.84
CA-2017-138289,1/16/2017,Andy Reiter,Central,Office Supplies,5443.96,4,0,2504.2216
CA-2017-138289,1/16/2017,Andy Reiter,Central,Furniture,302.67,3,0,72.6408
CA-2017-138289,1/16/2017,Andy Reiter,Central,Office Supplies,56.07,7,0,25.2315
CA-2016-129308,7/7/2016,Chad Cunningham,East,Office Supplies,10.08,2,0.2,3.276
CA-2016-129308,7/7/2016,Chad Cunningham,East,Technology,59.994,1,0.4,-12.9987
CA-2016-129308,7/7/2016,Chad Cunningham,East,Office Supplies,5.715,5,0.7,-4.7625
CA-2016-129308,7/7/2016,Chad Cunningham,East,Office Supplies,9.42,5,0.7,-7.85
CA-2016-157791,12/23/2016,Carol Adams,East,Technology,1999.96,4,0,899.982
CA-2014-146864,12/22/2014,Bradley Talbott,East,Office Supplies,216.4,4,0,56.264
CA-2014-103744,2/23/2014,Michael Grace,Central,Office Supplies,6.936,3,0.2,2.3409
CA-2014-103744,2/23/2014,Michael Grace,Central,Office Supplies,4.428,3,0.8,-6.8634
US-2017-107384,12/4/2017,Theone Pippenger,Central,Office Supplies,8.8,5,0,2.552
US-2017-107384,12/4/2017,Theone Pippenger,Central,Technology,142.8,1,0,29.988
US-2017-107384,12/4/2017,Theone Pippenger,Central,Technology,399.95,5,0,143.982
CA-2014-128209,11/17/2014,Greg Tran,East,Office Supplies,2152.776,3,0.2,726.5619
CA-2014-128209,11/17/2014,Greg Tran,East,Furniture,4007.84,10,0.2,-50.098
CA-2014-169684,10/20/2014,Fred Hopkins,South,Furniture,328.59,3,0.4,-147.8655
CA-2014-169684,10/20/2014,Fred Hopkins,South,Office Supplies,98.352,3,0.2,-24.588
CA-2015-109862,10/25/2015,Heather Kirkland,East,Technology,158.99,1,0,41.3374
CA-2015-109862,10/25/2015,Heather Kirkland,East,Furniture,291.1,5,0,75.686
US-2017-107888,11/16/2017,Chris Cortes,West,Office Supplies,73.68,6,0,34.6296
US-2017-107888,11/16/2017,Chris Cortes,West,Furniture,139.92,2,0,23.7864
US-2017-107888,11/16/2017,Chris Cortes,West,Technology,107.88,3,0.2,10.788
US-2017-107888,11/16/2017,Chris Cortes,West,Office Supplies,33.29,1,0,7.9896
US-2017-154872,5/14/2017,Darren Powers,East,Office Supplies,58.17,5,0.7,-46.536
US-2017-154872,5/14/2017,Darren Powers,East,Office Supplies,5.04,2,0.2,1.764
US-2017-154872,5/14/2017,Darren Powers,East,Office Supplies,24.784,1,0.2,7.745
CA-2014-113880,3/1/2014,Vicky Freymann,Central,Furniture,634.116,6,0.3,-172.1172
CA-2014-113880,3/1/2014,Vicky Freymann,Central,Office Supplies,17.472,3,0.2,5.6784
US-2015-164966,7/30/2015,Gary Hansen,Central,Furniture,155.88,6,0,38.97
CA-2015-126739,11/1/2015,Justin Hirsh,East,Furniture,327.564,4,0.1,21.8376
CA-2017-161578,12/16/2017,Rick Bensley,West,Office Supplies,13.36,2,0,6.4128
CA-2017-161578,12/16/2017,Rick Bensley,West,Office Supplies,158.9,5,0,7.945
CA-2014-137092,10/20/2014,Lindsay Shagiari,Central,Technology,319.968,4,0.2,71.9928
CA-2014-137092,10/20/2014,Lindsay Shagiari,Central,Office Supplies,505.32,3,0.2,31.5825
CA-2014-137092,10/20/2014,Lindsay Shagiari,Central,Office Supplies,3.808,1,0.2,1.2376
CA-2014-137092,10/20/2014,Lindsay Shagiari,Central,Office Supplies,8.682,1,0.8,-14.7594
CA-2014-137092,10/20/2014,Lindsay Shagiari,Central,Office Supplies,24.424,1,0.2,7.9378
CA-2015-166947,6/5/2015,Edward Becker,East,Furniture,1522.638,9,0.1,169.182
CA-2016-160941,7/21/2016,Damala Kotsonis,West,Office Supplies,419.9,5,0,197.353
CA-2016-160941,7/21/2016,Damala Kotsonis,West,Office Supplies,3.15,1,0,1.512
CA-2017-144680,3/31/2017,Scott Cohen,Central,Office Supplies,33.62,5,0.8,-90.774
CA-2014-166086,5/7/2014,Carol Triggs,East,Office Supplies,16.14,3,0,7.9086
CA-2014-166086,5/7/2014,Carol Triggs,East,Furniture,194.25,2,0.3,-38.85
CA-2014-166086,5/7/2014,Carol Triggs,East,Office Supplies,8.64,3,0,2.5056
CA-2014-166086,5/7/2014,Carol Triggs,East,Furniture,872.32,4,0,244.2496
CA-2017-131282,2/5/2017,Cassandra Brandow,Central,Office Supplies,243.992,4,0.8,-426.986
CA-2017-131282,2/5/2017,Cassandra Brandow,Central,Office Supplies,7.12,5,0.2,0.712
CA-2014-100678,4/18/2014,Kunst Miller,Central,Office Supplies,2.688,2,0.2,1.008
CA-2014-100678,4/18/2014,Kunst Miller,Central,Furniture,317.058,3,0.3,-18.1176
CA-2014-100678,4/18/2014,Kunst Miller,Central,Office Supplies,149.352,3,0.2,50.4063
CA-2014-100678,4/18/2014,Kunst Miller,Central,Technology,227.976,3,0.2,28.497
CA-2016-161543,5/10/2016,Roger Demir,West,Office Supplies,11.96,2,0,5.8604
CA-2016-160535,11/25/2016,Barry Pond,East,Office Supplies,563.4,4,0,67.608
CA-2016-160535,11/25/2016,Barry Pond,East,Technology,319.92,8,0,118.3704
CA-2017-123085,3/3/2017,Ed Jacobs,West,Technology,1049.44,8,0,440.7648
CA-2017-123085,3/3/2017,Ed Jacobs,West,Furniture,170.352,3,0.2,-17.0352
CA-2015-153752,12/6/2015,Rose O'Brian,South,Technology,173.94,6,0,50.4426
CA-2014-103660,8/25/2014,Mitch Webber,West,Technology,1007.944,7,0.2,75.5958
CA-2016-169887,10/22/2016,MaryBeth Skach,West,Office Supplies,6.68,1,0,3.2064
CA-2016-169887,10/22/2016,MaryBeth Skach,West,Office Supplies,8.34,3,0,2.2518
CA-2016-169887,10/22/2016,MaryBeth Skach,West,Furniture,101.94,3,0,30.582
CA-2016-148516,8/7/2016,Dorothy Wardle,West,Technology,179.97,3,0,86.3856
CA-2017-104731,7/21/2017,Anne McFarland,South,Office Supplies,101.94,6,0,29.5626
CA-2017-104731,7/21/2017,Anne McFarland,South,Technology,271.96,4,0,67.99
CA-2017-104731,7/21/2017,Anne McFarland,South,Furniture,8.8,5,0,3.872
CA-2017-104731,7/21/2017,Anne McFarland,South,Office Supplies,19.68,6,0,5.7072
CA-2017-104731,7/21/2017,Anne McFarland,South,Furniture,302.94,3,0,69.6762
CA-2017-104731,7/21/2017,Anne McFarland,South,Office Supplies,14.94,3,0,7.1712
CA-2017-104731,7/21/2017,Anne McFarland,South,Office Supplies,231.72,2,0,11.586
CA-2014-164749,3/23/2014,Bruce Geld,South,Office Supplies,9.912,3,0.2,3.2214
CA-2015-103716,4/30/2015,Ken Black,West,Office Supplies,34.65,3,0,9.702
CA-2015-103716,4/30/2015,Ken Black,West,Technology,19.8,5,0.2,1.7325
CA-2016-126795,6/13/2016,Greg Tran,East,Office Supplies,33.568,2,0.2,11.7488
CA-2015-146290,5/4/2015,Stuart Van,Central,Office Supplies,125.93,7,0,35.2604
CA-2017-157112,4/23/2017,Greg Guthrie,East,Office Supplies,11.76,5,0.7,-7.84
CA-2017-157112,4/23/2017,Greg Guthrie,East,Office Supplies,5.344,1,0.2,1.8704
CA-2014-169257,6/6/2014,Stewart Visinsky,South,Office Supplies,1.365,1,0.7,-0.91
CA-2014-169257,6/6/2014,Stewart Visinsky,South,Office Supplies,62.016,2,0.2,22.4808
CA-2014-154095,12/2/2014,Odella Nelson,East,Furniture,60.72,3,0,23.6808
CA-2014-154095,12/2/2014,Odella Nelson,East,Office Supplies,146.82,3,0,73.41
CA-2014-154095,12/2/2014,Odella Nelson,East,Furniture,239.84,8,0,64.7568
CA-2014-154095,12/2/2014,Odella Nelson,East,Office Supplies,15.66,6,0,7.2036
CA-2017-146346,6/17/2017,Ryan Akin,West,Office Supplies,146.352,3,0.2,-32.9292
CA-2016-148852,5/26/2016,Stewart Visinsky,West,Office Supplies,5.94,3,0,0
CA-2016-148852,5/26/2016,Stewart Visinsky,West,Office Supplies,45.36,7,0,21.7728
CA-2016-148852,5/26/2016,Stewart Visinsky,West,Technology,211.168,4,0.2,23.7564
CA-2016-148852,5/26/2016,Stewart Visinsky,West,Furniture,484.704,6,0.2,-84.8232
CA-2016-148852,5/26/2016,Stewart Visinsky,West,Technology,371.976,3,0.2,116.2425
US-2015-118906,3/10/2015,Ken Black,East,Office Supplies,89.82,6,0,25.1496
CA-2016-168921,10/20/2016,Andrew Gjertsen,West,Office Supplies,19.296,3,0.2,6.03
CA-2015-107678,4/21/2015,Juliana Krohn,South,Furniture,191.96,2,0,51.8292
CA-2015-107678,4/21/2015,Juliana Krohn,South,Office Supplies,21.3,3,0,9.798
CA-2015-107678,4/21/2015,Juliana Krohn,South,Technology,469.95,5,0,131.586
CA-2015-107678,4/21/2015,Juliana Krohn,South,Furniture,209.88,3,0,35.6796
CA-2016-123512,6/17/2016,Mike Vittorini,West,Furniture,239.666,2,0.15,14.098
CA-2016-123512,6/17/2016,Mike Vittorini,West,Office Supplies,22.5,6,0,10.8
CA-2016-123512,6/17/2016,Mike Vittorini,West,Office Supplies,219.84,4,0,107.7216
US-2017-167402,1/13/2017,Cathy Prescott,Central,Office Supplies,32.4,5,0,15.552
US-2017-167402,1/13/2017,Cathy Prescott,Central,Office Supplies,209.94,6,0,54.5844
US-2017-167402,1/13/2017,Cathy Prescott,Central,Office Supplies,4164.05,5,0,83.281
US-2017-167402,1/13/2017,Cathy Prescott,Central,Furniture,212.94,3,0,53.235
CA-2014-130449,9/6/2014,Victoria Pisteka,West,Furniture,41.88,6,0,12.1452
CA-2014-130449,9/6/2014,Victoria Pisteka,West,Office Supplies,58.48,8,0,27.4856
CA-2015-141250,1/19/2015,Paul MacIntyre,Central,Furniture,102.438,1,0.3,-13.1706
CA-2015-141250,1/19/2015,Paul MacIntyre,Central,Furniture,199.304,4,0.3,-8.5416
CA-2014-145541,12/14/2014,Tom Boeckenhauer,East,Technology,6999.96,4,0,2239.9872
CA-2014-138513,5/23/2014,Erica Hackney,West,Office Supplies,12.96,2,0,6.2208
CA-2015-135489,9/19/2015,Giulietta Weimer,East,Technology,279.86,14,0,134.3328
CA-2015-125696,10/2/2015,Nora Pelletier,South,Office Supplies,7.38,5,0.7,-5.412
CA-2016-105081,12/25/2016,Joe Elijah,West,Furniture,698.352,3,0.2,52.3764
CA-2016-105081,12/25/2016,Joe Elijah,West,Furniture,1747.25,5,0,629.01
US-2016-146857,5/6/2016,Brad Eason,Central,Office Supplies,54.48,1,0,15.2544
CA-2016-166275,10/24/2016,Sonia Sunley,West,Technology,199.99,1,0,85.9957
CA-2017-144498,5/6/2017,Mick Brown,South,Office Supplies,68.541,11,0.7,-52.5481
CA-2017-144498,5/6/2017,Mick Brown,South,Technology,627.168,4,0.2,70.5564
CA-2017-144498,5/6/2017,Mick Brown,South,Office Supplies,122.12,5,0.2,39.689
CA-2017-103352,11/27/2017,Resi Pölking,East,Office Supplies,6.99,3,0,2.0271
CA-2017-103352,11/27/2017,Resi Pölking,East,Office Supplies,107.424,6,0.2,36.2556
CA-2014-108609,10/31/2014,Anthony Jacobs,East,Furniture,1421.664,8,0.4,-734.5264
CA-2017-128328,8/5/2017,Patrick O'Donnell,Central,Office Supplies,125.88,6,0,60.4224
CA-2017-128328,8/5/2017,Patrick O'Donnell,Central,Technology,79.78,2,0,29.5186
CA-2017-128328,8/5/2017,Patrick O'Donnell,Central,Office Supplies,133.2,9,0,66.6
US-2015-156496,8/10/2015,William Brown,West,Technology,438.368,4,0.2,38.3572
US-2015-156496,8/10/2015,William Brown,West,Technology,139.944,7,0.2,-31.4874
US-2015-156496,8/10/2015,William Brown,West,Office Supplies,133.472,4,0.2,15.0156
US-2016-127334,12/15/2016,Mike Pelletier,West,Furniture,564.195,3,0.5,-304.6653
US-2016-127334,12/15/2016,Mike Pelletier,West,Office Supplies,87.168,2,0.2,8.7168
US-2017-124779,9/8/2017,Barry Französisch,Central,Office Supplies,42.616,7,0.8,-68.1856
US-2017-124779,9/8/2017,Barry Französisch,Central,Technology,319.984,2,0.2,107.9946
US-2017-124779,9/8/2017,Barry Französisch,Central,Office Supplies,45.92,5,0.2,15.498
US-2017-124779,9/8/2017,Barry Französisch,Central,Furniture,21.184,2,0.6,-11.6512
US-2017-124779,9/8/2017,Barry Französisch,Central,Office Supplies,20.736,4,0.2,7.2576
US-2017-124779,9/8/2017,Barry Französisch,Central,Furniture,213.43,5,0.3,-39.637
CA-2017-135937,2/20/2017,Katherine Murray,West,Technology,333.576,3,0.2,25.0182
CA-2017-135937,2/20/2017,Katherine Murray,West,Technology,31.992,1,0.2,4.7988
CA-2017-135937,2/20/2017,Katherine Murray,West,Office Supplies,51.168,2,0.2,-6.396
CA-2017-135937,2/20/2017,Katherine Murray,West,Office Supplies,10.64,5,0.2,3.857
CA-2017-135937,2/20/2017,Katherine Murray,West,Furniture,68.704,2,0.2,16.3172
CA-2017-135937,2/20/2017,Katherine Murray,West,Furniture,386.91,9,0.5,-185.7168
CA-2015-129322,8/8/2015,Denny Blanton,East,Office Supplies,39.66,2,0,11.898
CA-2015-129322,8/8/2015,Denny Blanton,East,Office Supplies,113.92,2,0,33.0368
CA-2015-129322,8/8/2015,Denny Blanton,East,Office Supplies,447.86,7,0,210.4942
CA-2017-162173,10/26/2017,Olvera Toch,South,Furniture,356.85,5,0,60.6645
CA-2017-162173,10/26/2017,Olvera Toch,South,Office Supplies,251.58,7,0,113.211
CA-2016-115483,7/14/2016,John Stevenson,Central,Office Supplies,219.84,5,0.2,79.692
CA-2017-122175,5/12/2017,Cynthia Arntzen,East,Furniture,42.85,5,0,15.426
CA-2017-122175,5/12/2017,Cynthia Arntzen,East,Office Supplies,6.16,2,0,2.9568
CA-2017-122175,5/12/2017,Cynthia Arntzen,East,Office Supplies,17,2,0,4.42
CA-2017-122175,5/12/2017,Cynthia Arntzen,East,Technology,87.4,5,0,34.96
CA-2017-161088,5/25/2017,Mick Hernandez,South,Office Supplies,29.84,2,0,13.428
CA-2014-154837,8/23/2014,Robert Barroso,West,Office Supplies,49.568,2,0.2,17.3488
CA-2015-153794,9/11/2015,Sean Braxton,West,Office Supplies,265.86,7,0,79.758
CA-2015-135510,9/5/2015,Tamara Willingham,South,Furniture,67.96,4,0,12.2328
CA-2015-109337,11/21/2015,Denise Leinenbach,Central,Office Supplies,10.92,6,0,4.914
CA-2015-109337,11/21/2015,Denise Leinenbach,Central,Technology,83.9,2,0,22.653
CA-2015-109337,11/21/2015,Denise Leinenbach,Central,Office Supplies,19.75,5,0,5.135
CA-2015-109337,11/21/2015,Denise Leinenbach,Central,Technology,393.54,3,0,165.2868
CA-2014-150329,10/10/2014,Shirley Daniels,West,Furniture,46.872,7,0.2,3.5154
CA-2017-145037,9/2/2017,Ted Butterfield,East,Office Supplies,10.9,1,0,2.834
CA-2017-145037,9/2/2017,Ted Butterfield,East,Office Supplies,79.92,4,0,37.5624
CA-2017-145037,9/2/2017,Ted Butterfield,East,Office Supplies,146.82,3,0,73.41
CA-2017-154466,1/1/2017,Dennis Pardue,Central,Office Supplies,3.6,2,0,1.728
CA-2014-109134,11/5/2014,Deanra Eno,West,Furniture,20.04,6,0,8.8176
US-2015-129637,12/17/2015,Mick Crebagga,Central,Office Supplies,180.016,1,0.2,-15.7514
US-2015-129637,12/17/2015,Mick Crebagga,Central,Furniture,41.552,2,0.6,-19.7372
US-2015-129637,12/17/2015,Mick Crebagga,Central,Office Supplies,13.12,5,0.2,1.476
CA-2015-165162,5/14/2015,Hunter Glantz,West,Office Supplies,1117.92,4,0,55.896
CA-2017-140494,3/10/2017,Candace McMahon,West,Technology,111.96,4,0,21.2724
CA-2017-104108,12/2/2017,Roy Phan,Central,Office Supplies,12.16,5,0.2,2.128
US-2017-165869,7/31/2017,Luke Schmidt,Central,Office Supplies,17.52,4,0,8.4096
US-2017-165869,7/31/2017,Luke Schmidt,Central,Office Supplies,155.88,6,0,54.558
CA-2017-160899,8/11/2017,Daniel Raglin,South,Office Supplies,477.51,11,0,219.6546
CA-2017-144225,9/30/2017,Cindy Chapman,East,Office Supplies,164.88,3,0,80.7912
US-2016-163538,8/26/2016,Shirley Schmidt,Central,Technology,47.97,3,0,14.8707
US-2016-155103,12/2/2016,Jamie Frazer,East,Office Supplies,415.176,3,0.2,134.9322
US-2016-155103,12/2/2016,Jamie Frazer,East,Office Supplies,35.232,3,0.2,11.4504
US-2016-155103,12/2/2016,Jamie Frazer,East,Office Supplies,54.96,1,0,26.9304
CA-2017-145429,7/21/2017,Shaun Weien,West,Office Supplies,16.34,2,0,7.6798
CA-2017-145429,7/21/2017,Shaun Weien,West,Furniture,225.296,2,0.2,22.5296
CA-2017-145429,7/21/2017,Shaun Weien,West,Office Supplies,50.352,3,0.2,17.6232
CA-2015-153535,5/20/2015,Sheri Gordon,South,Furniture,163.136,4,0.2,20.392
CA-2015-153535,5/20/2015,Sheri Gordon,South,Office Supplies,6.408,4,0.7,-4.9128
CA-2015-139164,6/23/2015,Christine Sundaresam,West,Technology,217.584,2,0.2,19.0386
CA-2015-139164,6/23/2015,Christine Sundaresam,West,Office Supplies,5.43,3,0,1.7919
CA-2015-139164,6/23/2015,Christine Sundaresam,West,Technology,143.976,3,0.2,8.9985
CA-2016-112277,9/10/2016,Steve Chapman,South,Technology,519.68,7,0.2,58.464
CA-2014-167724,4/13/2014,Ben Ferrer,East,Office Supplies,7.83,3,0,3.6018
CA-2015-123141,11/14/2015,Gary Zandusky,West,Furniture,883.84,4,0.2,99.432
CA-2015-123141,11/14/2015,Gary Zandusky,West,Furniture,230.352,3,0.2,20.1558
CA-2016-149503,12/9/2016,Stephanie Phelps,West,Office Supplies,273.92,8,0.2,99.296
CA-2017-163069,8/18/2017,Pauline Johnson,East,Office Supplies,9.912,3,0.2,1.239
CA-2017-107629,12/14/2017,Dave Brooks,Central,Furniture,266.352,6,0.6,-292.9872
CA-2017-107629,12/14/2017,Dave Brooks,Central,Furniture,56.328,3,0.6,-26.7558
CA-2017-107629,12/14/2017,Dave Brooks,Central,Technology,39.264,3,0.2,-4.908
CA-2017-107629,12/14/2017,Dave Brooks,Central,Office Supplies,95.232,6,0.2,24.9984
CA-2016-134789,4/8/2016,Christine Kargatis,South,Office Supplies,30,6,0,14.4
CA-2016-134789,4/8/2016,Christine Kargatis,South,Office Supplies,25.92,4,0,12.7008
CA-2016-134789,4/8/2016,Christine Kargatis,South,Furniture,159.92,4,0,31.984
CA-2016-130442,12/16/2016,Sandra Flanagan,South,Office Supplies,34.944,3,0.2,3.0576
CA-2017-102974,9/19/2017,Dave Poirier,West,Technology,149.95,5,0,31.4895
CA-2017-102974,9/19/2017,Dave Poirier,West,Office Supplies,23.32,2,0,6.0632
CA-2017-102974,9/19/2017,Dave Poirier,West,Office Supplies,16.74,3,0,4.8546
US-2017-166394,9/4/2017,Vivian Mathis,East,Office Supplies,14.82,6,0,6.9654
CA-2016-128811,9/12/2016,Sarah Foster,West,Office Supplies,10.47,3,0,4.8162
CA-2016-128811,9/12/2016,Sarah Foster,West,Office Supplies,11.07,3,0,5.2029
CA-2016-128811,9/12/2016,Sarah Foster,West,Office Supplies,20.704,4,0.2,7.764
CA-2017-145443,8/10/2017,Steve Chapman,Central,Office Supplies,177.2,5,0,83.284
CA-2016-165827,11/4/2016,Maureen Fritzler,South,Furniture,50.496,6,0.2,8.2056
CA-2015-156734,6/18/2015,Benjamin Venier,South,Office Supplies,6.129,3,0.7,-4.4946
CA-2015-156734,6/18/2015,Benjamin Venier,South,Furniture,643.136,4,0.2,56.2744
CA-2015-156734,6/18/2015,Benjamin Venier,South,Office Supplies,20.736,4,0.2,7.2576
CA-2014-120096,7/4/2014,Katrina Edelman,West,Office Supplies,177.536,4,0.2,62.1376
CA-2014-120096,7/4/2014,Katrina Edelman,West,Office Supplies,32.432,2,0.2,3.2432
CA-2015-141754,12/20/2015,Evan Minnotte,South,Office Supplies,11.696,2,0.2,3.9474
CA-2016-123358,4/10/2016,Brian Thompson,West,Office Supplies,113.76,3,0,44.3664
CA-2016-123358,4/10/2016,Brian Thompson,West,Office Supplies,579.51,3,0,81.1314
CA-2016-123358,4/10/2016,Brian Thompson,West,Office Supplies,150.66,9,0,6.0264
CA-2016-123358,4/10/2016,Brian Thompson,West,Office Supplies,48.032,4,0.2,15.6104
CA-2014-144029,5/26/2014,Michelle Moray,Central,Office Supplies,102.624,3,0.2,7.6968
CA-2014-144029,5/26/2014,Michelle Moray,Central,Furniture,359.772,2,0.3,-5.1396
CA-2014-144029,5/26/2014,Michelle Moray,Central,Office Supplies,13.392,3,0.2,3.1806
US-2017-101784,7/6/2017,Patrick O'Brill,West,Furniture,122.136,3,0.2,-13.7403
CA-2015-156923,2/16/2015,Sung Pak,East,Office Supplies,35.88,6,0,16.146
CA-2017-111269,6/16/2017,Christine Sundaresam,East,Technology,479.952,6,0.2,107.9892
CA-2017-111269,6/16/2017,Christine Sundaresam,East,Office Supplies,23.92,5,0.2,1.794
CA-2017-159156,11/13/2017,Ken Brennan,East,Technology,629.95,5,0,163.787
CA-2017-100230,12/11/2017,Allen Armold,East,Office Supplies,14.952,1,0.2,5.0463
CA-2017-100230,12/11/2017,Allen Armold,East,Office Supplies,17.94,3,0,8.073
CA-2017-100230,12/11/2017,Allen Armold,East,Technology,116.98,2,0,29.245
CA-2016-154767,6/28/2016,Becky Pak,East,Furniture,121.96,2,0,20.7332
CA-2016-154767,6/28/2016,Becky Pak,East,Office Supplies,8.74,2,0,2.2724
CA-2016-154767,6/28/2016,Becky Pak,East,Office Supplies,61.96,2,0,27.882
CA-2016-154767,6/28/2016,Becky Pak,East,Office Supplies,7.96,2,0,3.7412
CA-2016-154767,6/28/2016,Becky Pak,East,Office Supplies,275.24,4,0,121.1056
CA-2017-124205,9/15/2017,Theresa Coyne,East,Furniture,47.4,5,0,18.96
CA-2017-124205,9/15/2017,Theresa Coyne,East,Furniture,512.96,4,0,143.6288
CA-2017-124205,9/15/2017,Theresa Coyne,East,Technology,395.94,6,0,102.9444
CA-2017-124205,9/15/2017,Theresa Coyne,East,Office Supplies,81.96,2,0,0
CA-2017-165715,12/2/2017,Barry Gonzalez,South,Office Supplies,32.776,1,0.2,2.4582
CA-2017-100636,6/26/2017,Denny Ordway,East,Office Supplies,272.94,3,0,0
CA-2016-162943,7/24/2016,Darren Budd,East,Furniture,253.764,2,0.1,31.0156
CA-2016-144764,9/2/2016,Rob Lucas,Central,Office Supplies,29.24,5,0.2,9.8685
CA-2016-144764,9/2/2016,Rob Lucas,Central,Office Supplies,35.168,2,0.2,-8.3524
CA-2016-144764,9/2/2016,Rob Lucas,Central,Technology,1362.9,3,0.3,-19.47
CA-2017-100615,4/20/2017,Sarah Jordon,Central,Furniture,317.058,3,0.3,-18.1176
CA-2017-100615,4/20/2017,Sarah Jordon,Central,Office Supplies,15.76,2,0.2,3.546
CA-2017-100615,4/20/2017,Sarah Jordon,Central,Furniture,14.56,5,0.6,-6.188
CA-2014-109302,8/12/2014,Charles Sheldon,East,Office Supplies,196.21,7,0,98.105
CA-2017-139787,9/19/2017,Julie Prescott,South,Office Supplies,35.4,5,0,13.452
CA-2017-139402,12/9/2017,Nick Crebassa,West,Office Supplies,419.4,5,0.2,146.79
CA-2017-139402,12/9/2017,Nick Crebassa,West,Office Supplies,13.005,3,0.7,-9.9705
CA-2016-119018,11/4/2016,Carl Weiss,West,Office Supplies,7.712,2,0.2,2.7956
CA-2016-119018,11/4/2016,Carl Weiss,West,Office Supplies,4.176,1,0.2,1.305
CA-2016-119018,11/4/2016,Carl Weiss,West,Office Supplies,38.88,6,0,18.6624
CA-2015-105361,3/29/2015,Chad McGuire,East,Office Supplies,17.64,4,0,8.1144
US-2016-152373,9/5/2016,Pete Takahito,Central,Office Supplies,93.456,3,0.2,-17.523
US-2017-166037,1/28/2017,Craig Leslie,East,Technology,449.91,9,0,157.4685
US-2016-147711,9/3/2016,Herbert Flentye,East,Furniture,344.94,3,0,31.0446
US-2016-147711,9/3/2016,Herbert Flentye,East,Furniture,14.76,2,0,4.2804
US-2016-147711,9/3/2016,Herbert Flentye,East,Office Supplies,12.76,2,0,5.8696
US-2016-147711,9/3/2016,Herbert Flentye,East,Office Supplies,58.48,8,0,27.4856
CA-2017-121293,7/25/2017,John Castell,East,Furniture,20.096,4,0.2,3.0144
CA-2017-121293,7/25/2017,John Castell,East,Office Supplies,37.752,3,0.2,4.2471
CA-2017-121293,7/25/2017,John Castell,East,Furniture,138.588,1,0.4,-34.647
CA-2017-121293,7/25/2017,John Castell,East,Office Supplies,259.92,5,0.2,-25.992
CA-2017-121293,7/25/2017,John Castell,East,Office Supplies,20.736,4,0.2,7.2576
CA-2015-118843,9/13/2015,Jonathan Howell,South,Furniture,129.93,3,0,12.993
CA-2015-118843,9/13/2015,Jonathan Howell,South,Office Supplies,69.93,7,0,31.4685
CA-2015-161445,9/7/2015,Corey Catlett,South,Office Supplies,140.736,4,0.2,12.3144
CA-2016-124527,11/16/2016,Ionia McGrath,West,Office Supplies,8.32,5,0.2,2.808
CA-2016-162348,11/10/2016,Ben Ferrer,West,Furniture,9.98,1,0,2.7944
CA-2014-141005,8/15/2014,Christine Sundaresam,East,Office Supplies,62.94,3,0,30.2112
CA-2015-145394,11/16/2015,Matt Connell,Central,Office Supplies,21.488,2,0.2,1.6116
CA-2015-145394,11/16/2015,Matt Connell,Central,Technology,239.976,3,0.2,26.9973
CA-2015-145394,11/16/2015,Matt Connell,Central,Furniture,34.504,2,0.6,-15.5268
CA-2015-168809,8/25/2015,Mick Crebagga,Central,Furniture,20.104,2,0.6,-16.5858
CA-2015-168809,8/25/2015,Mick Crebagga,Central,Office Supplies,3.798,1,0.8,-6.0768
CA-2015-168809,8/25/2015,Mick Crebagga,Central,Furniture,7.88,5,0.6,-3.94
CA-2016-109827,12/25/2016,Laurel Workman,West,Furniture,35.445,1,0.5,-24.1026
CA-2016-109827,12/25/2016,Laurel Workman,West,Technology,269.97,2,0.7,-386.957
CA-2016-109827,12/25/2016,Laurel Workman,West,Technology,45.12,3,0.2,-7.896
CA-2016-109827,12/25/2016,Laurel Workman,West,Technology,100.8,2,0.2,21.42
CA-2016-109827,12/25/2016,Laurel Workman,West,Furniture,47.968,2,0.2,4.1972
CA-2014-152233,10/5/2014,Keith Herrera,West,Technology,99.98,2,0,34.993
CA-2014-125682,11/22/2014,Robert Barroso,South,Office Supplies,9.96,2,0,4.8804
CA-2017-162880,12/25/2017,Giulietta Dortch,West,Office Supplies,3.856,1,0.2,1.3978
CA-2015-128125,3/31/2015,Ed Braxton,Central,Office Supplies,98.376,3,0.2,35.6613
CA-2015-128125,3/31/2015,Ed Braxton,Central,Furniture,22.38,3,0.6,-7.833
CA-2017-156237,9/14/2017,Pamela Stobb,East,Office Supplies,3.882,2,0.7,-2.588
CA-2017-156237,9/14/2017,Pamela Stobb,East,Technology,12.585,1,0.7,-18.0385
CA-2017-156237,9/14/2017,Pamela Stobb,East,Furniture,113.372,2,0.3,-29.1528
CA-2017-156237,9/14/2017,Pamela Stobb,East,Office Supplies,18.312,4,0.7,-12.208
CA-2017-156237,9/14/2017,Pamela Stobb,East,Furniture,127.936,8,0.2,4.7976
CA-2017-156237,9/14/2017,Pamela Stobb,East,Technology,241.17,2,0.7,-168.819
CA-2014-144414,6/17/2014,Gary Hwang,West,Furniture,6.24,3,0,2.6208
CA-2014-144414,6/17/2014,Gary Hwang,West,Office Supplies,17.9,5,0,8.95
CA-2014-144414,6/17/2014,Gary Hwang,West,Office Supplies,3266.376,3,0.2,1061.5722
CA-2017-163860,12/28/2017,Lori Olson,Central,Office Supplies,1.68,5,0.8,-2.688
CA-2017-163860,12/28/2017,Lori Olson,Central,Furniture,7.968,3,0.6,-2.3904
CA-2017-163860,12/28/2017,Lori Olson,Central,Furniture,113.372,2,0.3,-3.2392
CA-2017-163860,12/28/2017,Lori Olson,Central,Furniture,2.96,2,0.6,-1.406
US-2017-115609,11/2/2017,Cindy Stewart,West,Office Supplies,168.1,5,0,43.706
CA-2015-154291,7/25/2015,Yana Sorensen,South,Office Supplies,98.46,9,0,49.23
CA-2015-154291,7/25/2015,Yana Sorensen,South,Furniture,358.58,2,0,39.4438
CA-2016-118689,10/2/2016,Tamara Chand,Central,Office Supplies,32.48,2,0,4.872
CA-2016-118689,10/2/2016,Tamara Chand,Central,Technology,17499.95,5,0,8399.976
CA-2016-118689,10/2/2016,Tamara Chand,Central,Office Supplies,735.98,2,0,331.191
CA-2016-118689,10/2/2016,Tamara Chand,Central,Office Supplies,34.37,7,0,16.8413
CA-2016-118689,10/2/2016,Tamara Chand,Central,Office Supplies,33.96,2,0,9.5088
CA-2016-140438,12/24/2016,Pauline Webber,East,Technology,197.97,3,0,53.4519
US-2017-123204,7/21/2017,Cari Schnelling,East,Office Supplies,17.48,4,0,4.5448
CA-2015-112522,10/10/2015,David Philippe,Central,Office Supplies,8.016,3,0.2,1.002
CA-2016-153101,9/8/2016,Pauline Johnson,West,Furniture,146.04,1,0.2,-12.7785
CA-2016-142615,11/20/2016,Brendan Murry,West,Technology,27.88,2,0,3.9032
CA-2017-142643,10/15/2017,Dionis Lloyd,West,Office Supplies,152.65,5,0,70.219
CA-2017-142643,10/15/2017,Dionis Lloyd,West,Furniture,22.72,1,0,9.3152
CA-2015-116260,7/6/2015,Barbara Fisher,East,Office Supplies,11.12,4,0,2.8912
CA-2017-107517,2/5/2017,Fred Chung,West,Office Supplies,1640.7,5,0,459.396
CA-2017-107517,2/5/2017,Fred Chung,West,Technology,371.2,5,0.2,41.76
CA-2015-166338,12/6/2015,Mike Pelletier,East,Office Supplies,14.832,3,0.7,-10.3824
CA-2016-123946,9/12/2016,Anthony Johnson,South,Technology,20.7,3,0,1.656
CA-2016-123946,9/12/2016,Anthony Johnson,South,Office Supplies,11.34,3,0,5.2164
CA-2016-123946,9/12/2016,Anthony Johnson,South,Office Supplies,67.9,5,0,0.679
CA-2016-123946,9/12/2016,Anthony Johnson,South,Furniture,1059.12,4,0,307.1448
CA-2014-147543,7/6/2014,Becky Castell,West,Furniture,478.48,2,0.2,47.848
US-2016-159093,5/9/2016,Ricardo Sperren,West,Office Supplies,32.04,4,0,14.418
CA-2016-162110,7/18/2016,Nora Paige,West,Technology,55.992,1,0.2,3.4995
US-2016-163461,6/18/2016,Bobby Trafton,Central,Office Supplies,76.864,2,0.2,26.9024
CA-2014-101462,4/20/2014,Benjamin Patterson,West,Furniture,59.92,4,0,27.5632
US-2016-100461,1/8/2016,Jack O'Briant,Central,Furniture,1565.88,6,0,407.1288
US-2016-100461,1/8/2016,Jack O'Briant,Central,Office Supplies,106.05,7,0,49.8435
US-2017-162670,12/23/2017,Monica Federle,South,Office Supplies,62.04,4,0,17.3712
US-2017-162670,12/23/2017,Monica Federle,South,Technology,494.97,3,0,148.491
US-2017-162670,12/23/2017,Monica Federle,South,Office Supplies,367.96,4,0,14.7184
US-2017-162670,12/23/2017,Monica Federle,South,Office Supplies,44.96,2,0,20.6816
US-2017-162670,12/23/2017,Monica Federle,South,Office Supplies,182.94,3,0,85.9818
CA-2017-128965,4/17/2017,Pamela Stobb,West,Office Supplies,28.14,3,0,13.5072
CA-2017-128965,4/17/2017,Pamela Stobb,West,Office Supplies,7.38,2,0,3.4686
CA-2017-128965,4/17/2017,Pamela Stobb,West,Office Supplies,10.9,5,0,3.597
CA-2017-128965,4/17/2017,Pamela Stobb,West,Technology,274.89,11,0,46.7313
CA-2017-128965,4/17/2017,Pamela Stobb,West,Office Supplies,23.04,8,0,11.2896
CA-2017-128965,4/17/2017,Pamela Stobb,West,Furniture,218.352,3,0.2,-19.1058
CA-2017-138618,12/1/2017,Maribeth Yedwab,Central,Office Supplies,10.368,2,0.2,3.6288
US-2016-126452,8/21/2016,Scot Coram,West,Office Supplies,12.672,2,0.2,4.752
US-2016-126452,8/21/2016,Scot Coram,West,Technology,91.96,5,0.2,-20.691
US-2016-126452,8/21/2016,Scot Coram,West,Technology,254.97,3,0,91.7892
US-2016-126452,8/21/2016,Scot Coram,West,Technology,31.984,2,0.2,-7.996
US-2016-126452,8/21/2016,Scot Coram,West,Furniture,2887.056,9,0.2,180.441
US-2016-126452,8/21/2016,Scot Coram,West,Office Supplies,12.96,2,0,6.2208
US-2016-126452,8/21/2016,Scot Coram,West,Office Supplies,47.52,9,0,21.384
CA-2016-145009,12/5/2016,Randy Ferguson,Central,Office Supplies,11.952,3,0.2,3.8844
CA-2015-162544,12/16/2015,Sandra Glassco,West,Office Supplies,4.98,1,0,2.3406
CA-2014-124394,10/17/2014,Tracy Blumstein,Central,Office Supplies,10.78,5,0.8,-17.248
CA-2014-124394,10/17/2014,Tracy Blumstein,Central,Technology,119.976,3,0.2,-17.9964
US-2016-121013,9/5/2016,Michael Moore,South,Office Supplies,25.06,2,0,11.7782
US-2016-121013,9/5/2016,Michael Moore,South,Furniture,1652.94,3,0,314.0586
US-2015-123918,10/15/2015,Claire Gute,Central,Furniture,131.376,6,0.6,-95.2476
US-2015-123918,10/15/2015,Claire Gute,Central,Office Supplies,5.344,1,0.2,1.8704
CA-2015-137113,12/1/2015,Tamara Willingham,West,Furniture,2003.92,5,0.2,125.245
CA-2015-137113,12/1/2015,Tamara Willingham,West,Office Supplies,32.4,5,0,15.552
CA-2015-137113,12/1/2015,Tamara Willingham,West,Furniture,1913.4,9,0,401.814
CA-2015-137113,12/1/2015,Tamara Willingham,West,Office Supplies,146.73,3,0,2.9346
CA-2015-137113,12/1/2015,Tamara Willingham,West,Office Supplies,114.2,5,0,52.532
CA-2015-120677,5/31/2015,Bill Donatelli,Central,Furniture,2567.84,8,0,770.352
CA-2017-123036,9/10/2017,Helen Abelman,East,Technology,37.056,4,0.2,8.8008
CA-2017-123036,9/10/2017,Helen Abelman,East,Technology,259.896,2,0.4,-56.3108
CA-2017-120222,4/25/2017,Lauren Leatherbury,West,Office Supplies,19.05,3,0,8.763
CA-2017-120222,4/25/2017,Lauren Leatherbury,West,Office Supplies,73.344,3,0.2,27.504
CA-2017-164756,9/18/2017,Saphhira Shifley,South,Technology,95.68,8,0,26.7904
CA-2017-164756,9/18/2017,Saphhira Shifley,South,Office Supplies,50.96,7,0,24.4608
CA-2017-164756,9/18/2017,Saphhira Shifley,South,Office Supplies,113.94,3,0,34.182
CA-2017-164756,9/18/2017,Saphhira Shifley,South,Office Supplies,25.92,4,0,12.4416
CA-2017-164756,9/18/2017,Saphhira Shifley,South,Furniture,20.32,4,0,6.9088
CA-2017-164756,9/18/2017,Saphhira Shifley,South,Technology,411.98,2,0,119.4742
CA-2017-164756,9/18/2017,Saphhira Shifley,South,Office Supplies,34.48,2,0,9.9992
CA-2017-164756,9/18/2017,Saphhira Shifley,South,Office Supplies,244.55,5,0,114.9385
CA-2017-122028,8/18/2017,Chloris Kastensmidt,East,Office Supplies,10.782,3,0.7,-7.9068
US-2015-165512,5/24/2015,Vivek Sundaresam,Central,Furniture,602.651,7,0.3,-163.5767
US-2015-165512,5/24/2015,Vivek Sundaresam,Central,Office Supplies,7.656,6,0.8,-13.0152
CA-2015-140557,9/7/2015,Tanja Norvell,East,Technology,559.93,7,0,167.979
US-2017-135013,7/24/2017,Harold Ryan,West,Technology,2399.96,5,0.2,839.986
CA-2017-111220,9/2/2017,Jill Stevenson,Central,Office Supplies,16,4,0.2,5.6
CA-2017-111220,9/2/2017,Jill Stevenson,Central,Office Supplies,5.588,2,0.8,-15.0876
CA-2017-111220,9/2/2017,Jill Stevenson,Central,Office Supplies,235.92,5,0.2,-44.235
US-2017-149006,12/6/2017,Brad Norvell,West,Office Supplies,10.68,1,0,2.8836
CA-2017-149468,5/20/2017,Allen Rosenblatt,Central,Office Supplies,41.28,2,0,19.8144
CA-2016-140249,9/27/2016,Shaun Weien,West,Technology,1001.584,2,0.2,125.198
US-2017-135503,12/10/2017,Justin Ellison,South,Furniture,14.76,2,0,4.2804
CA-2014-126277,9/13/2014,Lena Hernandez,East,Office Supplies,2.502,3,0.7,-2.0016
US-2017-115301,7/29/2017,Vivek Gonzalez,West,Furniture,115.96,2,0,25.5112
CA-2017-168942,8/1/2017,Eric Murdock,West,Office Supplies,186.54,3,0,50.3658
US-2017-128398,5/2/2017,Elizabeth Moffitt,West,Technology,159.56,4,0,59.0372
CA-2015-104115,6/12/2015,Jonathan Howell,South,Technology,55.984,2,0.2,4.1988
CA-2014-142510,12/22/2014,Nora Preis,Central,Office Supplies,132.16,1,0.2,9.912
CA-2014-142510,12/22/2014,Nora Preis,Central,Office Supplies,17.904,6,0.8,-31.332
CA-2014-142510,12/22/2014,Nora Preis,Central,Office Supplies,124.032,4,0.2,44.9616
CA-2014-124247,12/16/2014,Stefanie Holloman,West,Furniture,1403.92,5,0.2,70.196
CA-2016-105473,4/16/2016,Bryan Mills,West,Office Supplies,28.8,3,0,0.864
CA-2015-102806,5/21/2015,Henry Goldwyn,East,Office Supplies,24.588,2,0.7,-18.0312
CA-2017-121706,2/26/2017,Becky Martin,West,Office Supplies,356.79,7,0,99.9012
CA-2017-109211,4/4/2017,Penelope Sewall,East,Office Supplies,16.98,1,0,8.49
CA-2015-134257,3/16/2015,Maurice Satty,South,Office Supplies,491.55,5,0,240.8595
CA-2015-134257,3/16/2015,Maurice Satty,South,Office Supplies,7.38,2,0,3.3948
CA-2015-137925,11/30/2015,Janet Lee,East,Office Supplies,23.66,7,0,10.8836
CA-2015-137925,11/30/2015,Janet Lee,East,Furniture,681.408,12,0.2,42.588
CA-2016-140046,7/28/2016,Khloe Miller,West,Office Supplies,18.9,3,0,8.694
CA-2016-140382,6/23/2016,Ruben Dartt,West,Office Supplies,93.68,4,0,25.2936
CA-2016-140382,6/23/2016,Ruben Dartt,West,Office Supplies,21.93,3,0,10.3071
CA-2016-140382,6/23/2016,Ruben Dartt,West,Technology,862.344,7,0.2,97.0137
CA-2016-140382,6/23/2016,Ruben Dartt,West,Office Supplies,19.98,1,0,9.3906
CA-2014-164182,7/14/2014,Shui Tom,East,Technology,13.494,1,0.4,-2.249
CA-2014-164182,7/14/2014,Shui Tom,East,Technology,23.988,2,0.4,-13.993
CA-2014-164182,7/14/2014,Shui Tom,East,Furniture,31.984,2,0.2,1.1994
CA-2014-164182,7/14/2014,Shui Tom,East,Office Supplies,41.584,2,0.2,4.6782
CA-2017-137365,11/30/2017,Bart Pistole,Central,Technology,95.976,3,0.2,-10.7973
CA-2016-129847,9/2/2016,Tom Ashbrook,Central,Furniture,84.272,2,0.6,-75.8448
CA-2014-126963,6/15/2014,Pamela Stobb,Central,Office Supplies,36.544,2,0.2,11.8768
CA-2016-125094,11/5/2016,Nora Preis,West,Technology,479.72,4,0,52.7692
CA-2017-107132,6/26/2017,Scott Cohen,East,Office Supplies,102.368,2,0.2,37.1084
CA-2017-107132,6/26/2017,Scott Cohen,East,Office Supplies,28.4,5,0,8.236
CA-2017-107132,6/26/2017,Scott Cohen,East,Office Supplies,713.88,4,0,214.164
CA-2017-107132,6/26/2017,Scott Cohen,East,Office Supplies,68.52,3,0,31.5192
CA-2015-139248,7/25/2015,Russell D'Ascenzo,West,Technology,623.96,5,0.2,38.9975
CA-2014-148369,9/23/2014,Thea Hudgings,East,Office Supplies,11.12,4,0,5.4488
CA-2016-106243,9/30/2016,Greg Matthias,East,Furniture,523.92,5,0.2,-26.196
CA-2015-126466,11/9/2015,Jesus Ocampo,West,Office Supplies,2.48,2,0,1.1656
CA-2015-130365,4/25/2015,Zuschuss Carroll,Central,Office Supplies,221.024,2,0.2,-55.256
CA-2015-130365,4/25/2015,Zuschuss Carroll,Central,Furniture,128.058,3,0.3,-23.7822
CA-2017-143021,11/19/2017,Anne Pryor,East,Office Supplies,58.408,7,0.2,18.2525
CA-2017-143021,11/19/2017,Anne Pryor,East,Furniture,79.974,3,0.4,-29.3238
CA-2015-161767,11/20/2015,Grace Kelly,Central,Technology,479.988,2,0.4,55.9986
CA-2015-129917,10/2/2015,Henry MacAllister,West,Office Supplies,11.808,3,0.2,4.1328
CA-2015-129917,10/2/2015,Henry MacAllister,West,Office Supplies,53.568,4,0.2,19.4184
CA-2015-129917,10/2/2015,Henry MacAllister,West,Technology,503.96,5,0.2,50.396
CA-2015-115420,4/25/2015,Linda Southworth,West,Office Supplies,21.34,2,0,9.8164
CA-2016-157588,7/14/2016,Anemone Ratner,South,Office Supplies,36.4,5,0,17.108
CA-2016-157588,7/14/2016,Anemone Ratner,South,Furniture,51.75,1,0,15.525
CA-2015-167255,9/27/2015,Rick Huthwaite,West,Office Supplies,15.51,1,0,4.3428
CA-2015-167255,9/27/2015,Rick Huthwaite,West,Office Supplies,146.82,3,0,73.41
CA-2015-167255,9/27/2015,Rick Huthwaite,West,Office Supplies,12.96,2,0,6.2208
CA-2017-162096,11/10/2017,Thomas Brumley,West,Office Supplies,7.8,3,0,2.106
CA-2016-157161,7/16/2016,Jonathan Doherty,South,Office Supplies,10.2,5,0,4.794
CA-2016-157161,7/16/2016,Jonathan Doherty,South,Office Supplies,22.32,3,0,5.58
CA-2016-157161,7/16/2016,Jonathan Doherty,South,Office Supplies,24.1,5,0,11.086
CA-2016-157161,7/16/2016,Jonathan Doherty,South,Technology,75.98,2,0,18.2352
CA-2016-157161,7/16/2016,Jonathan Doherty,South,Office Supplies,6.46,2,0,3.1654
CA-2016-157161,7/16/2016,Jonathan Doherty,South,Office Supplies,60.12,9,0,28.8576
CA-2015-110765,10/16/2015,Michael Paige,East,Technology,824.97,3,0,214.4922
CA-2016-163937,1/10/2016,Joy Bell-,West,Furniture,24.85,5,0,7.7035
CA-2017-153822,9/19/2017,Adrian Barton,West,Office Supplies,12.624,2,0.2,-2.5248
CA-2017-153822,9/19/2017,Adrian Barton,West,Technology,89.584,2,0.2,4.4792
CA-2017-153822,9/19/2017,Adrian Barton,West,Technology,471.92,2,0.2,29.495
CA-2017-153822,9/19/2017,Adrian Barton,West,Office Supplies,18.18,4,0.7,-13.938
CA-2017-146185,9/15/2017,Charles Crestani,Central,Office Supplies,31.744,2,0.2,8.3328
CA-2015-112144,6/28/2015,Craig Yedwab,West,Office Supplies,5.904,2,0.2,1.9926
CA-2015-112144,6/28/2015,Craig Yedwab,West,Furniture,621.76,4,0.2,46.632
US-2016-119298,11/25/2016,Emily Phan,South,Technology,59.98,2,0,17.994
CA-2017-155159,11/25/2017,Delfina Latchford,South,Office Supplies,48.87,9,0,23.9463
CA-2017-149076,1/14/2017,Sean O'Donnell,West,Office Supplies,154.9,5,0,69.705
CA-2014-146990,11/7/2014,Bart Pistole,East,Office Supplies,5.92,4,0,2.8416
CA-2014-146990,11/7/2014,Bart Pistole,East,Office Supplies,30.18,3,0,13.8828
CA-2016-116526,9/1/2016,Joseph Airdo,Central,Office Supplies,24.1,5,0,11.086
CA-2016-116526,9/1/2016,Joseph Airdo,Central,Technology,8.78,1,0,2.2828
CA-2016-116526,9/1/2016,Joseph Airdo,Central,Office Supplies,376.74,4,0.1,71.162
CA-2016-116526,9/1/2016,Joseph Airdo,Central,Office Supplies,29.52,4,0,14.4648
CA-2016-116526,9/1/2016,Joseph Airdo,Central,Office Supplies,11.96,2,0,2.99
CA-2016-116526,9/1/2016,Joseph Airdo,Central,Office Supplies,26.4,5,0,12.672
CA-2017-158561,11/11/2017,Brenda Bowman,South,Office Supplies,1158.12,5,0.2,130.2885
CA-2017-165099,12/11/2017,Dennis Kane,Central,Office Supplies,1.392,2,0.8,-3.7584
CA-2015-109386,11/8/2015,Rob Haberlin,South,Office Supplies,44.43,3,0,18.6606
CA-2015-109386,11/8/2015,Rob Haberlin,South,Technology,226.2,5,0,58.812
CA-2015-109386,11/8/2015,Rob Haberlin,South,Furniture,186.54,3,0,41.0388
CA-2015-109386,11/8/2015,Rob Haberlin,South,Office Supplies,265.86,7,0,79.758
CA-2015-109386,11/8/2015,Rob Haberlin,South,Office Supplies,27.9,5,0,6.975
CA-2015-166800,11/19/2015,Aleksandra Gannaway,West,Office Supplies,31.08,4,0,8.3916
CA-2017-117443,12/23/2017,Jennifer Braxton,Central,Office Supplies,13.84,4,0.8,-22.144
CA-2017-117443,12/23/2017,Jennifer Braxton,Central,Office Supplies,175.872,4,0.2,63.7536
US-2016-134369,9/16/2016,Becky Castell,West,Office Supplies,12.96,2,0,6.3504
CA-2017-123687,5/26/2017,Kimberly Carter,South,Office Supplies,208.44,3,0,62.532
CA-2017-123687,5/26/2017,Kimberly Carter,South,Office Supplies,25.76,2,0,0.7728
CA-2015-104871,3/30/2015,Daniel Raglin,Central,Furniture,366.744,4,0.3,-110.0232
CA-2014-133158,8/19/2014,David Wiener,West,Furniture,289.24,7,0,26.0316
CA-2014-133158,8/19/2014,David Wiener,West,Office Supplies,69.456,2,0.2,22.5732
CA-2014-126333,12/23/2014,Michelle Ellison,Central,Office Supplies,5.184,1,0.2,1.8144
CA-2015-141740,11/1/2015,Jeremy Farry,East,Furniture,205.164,2,0.1,13.6776
CA-2014-119466,12/15/2014,Sung Pak,Central,Furniture,8.544,2,0.6,-7.476
CA-2015-154823,8/21/2015,Katherine Nockton,East,Office Supplies,12.828,2,0.7,-8.9796
CA-2015-154823,8/21/2015,Katherine Nockton,East,Furniture,598.458,3,0.3,-42.747
CA-2015-154823,8/21/2015,Katherine Nockton,East,Furniture,25.984,1,0.2,-3.8976
US-2014-135881,5/23/2014,Greg Tran,East,Office Supplies,17.96,5,0.2,5.837
US-2014-135881,5/23/2014,Greg Tran,East,Office Supplies,5.04,2,0,0.1512
US-2014-135881,5/23/2014,Greg Tran,East,Office Supplies,208.16,1,0,56.2032
CA-2017-141201,12/9/2017,Daniel Byrd,West,Furniture,148.257,3,0.15,15.6978
CA-2014-114790,3/11/2014,Filia McAdams,South,Office Supplies,146.76,3,0,38.1576
CA-2014-114790,3/11/2014,Filia McAdams,South,Technology,32.96,2,0,14.1728
CA-2014-114790,3/11/2014,Filia McAdams,South,Technology,587.97,3,0,164.6316
CA-2014-114790,3/11/2014,Filia McAdams,South,Office Supplies,14.94,3,0,7.0218
US-2016-154256,6/23/2016,Sally Matthias,East,Office Supplies,25.83,7,0,12.1401
CA-2014-124737,8/23/2014,Arthur Prichep,West,Office Supplies,15.552,3,0.2,5.4432
CA-2014-124737,8/23/2014,Arthur Prichep,West,Office Supplies,6.8,1,0.2,0.51
CA-2014-124737,8/23/2014,Arthur Prichep,West,Furniture,4.224,3,0.2,1.2672
CA-2014-124737,8/23/2014,Arthur Prichep,West,Technology,143.64,9,0.2,10.773
CA-2014-124737,8/23/2014,Arthur Prichep,West,Office Supplies,31.104,6,0.2,10.8864
CA-2014-124737,8/23/2014,Arthur Prichep,West,Office Supplies,223.056,9,0.2,69.705
US-2017-101840,2/6/2017,Sibella Parks,East,Technology,227.46,6,0,65.9634
US-2017-101840,2/6/2017,Sibella Parks,East,Office Supplies,46.24,4,0.2,15.606
CA-2017-131653,1/29/2017,Rob Dowd,East,Office Supplies,5.22,2,0,2.4012
US-2016-157840,12/20/2016,Matt Collins,Central,Office Supplies,33.9,5,0,15.594
CA-2016-145548,11/11/2016,Edward Becker,East,Office Supplies,28.14,3,0,7.8792
CA-2016-145548,11/11/2016,Edward Becker,East,Technology,36,2,0,6.48
CA-2016-145548,11/11/2016,Edward Becker,East,Office Supplies,92.94,3,0,25.0938
CA-2016-145548,11/11/2016,Edward Becker,East,Furniture,245.646,3,0.1,8.1882
CA-2016-145548,11/11/2016,Edward Becker,East,Office Supplies,55.008,3,0.2,17.19
CA-2016-145548,11/11/2016,Edward Becker,East,Office Supplies,35.232,3,0.2,11.4504
CA-2017-119494,11/9/2017,Jim Epp,West,Furniture,523.392,3,0.2,52.3392
CA-2014-124618,5/2/2014,Cari Schnelling,South,Technology,479.984,2,0.2,89.997
CA-2017-161970,9/22/2017,Peter Bühler,South,Office Supplies,12.96,2,0,6.2208
CA-2017-161970,9/22/2017,Peter Bühler,South,Office Supplies,17.94,3,0,6.4584
CA-2017-103443,12/17/2017,Annie Thurman,East,Office Supplies,166.72,2,0,41.68
CA-2017-103443,12/17/2017,Annie Thurman,East,Office Supplies,24.816,3,0.2,8.3754
CA-2017-103443,12/17/2017,Annie Thurman,East,Furniture,124.36,2,0,27.3592
US-2017-165358,7/18/2017,Seth Vernon,East,Technology,599.97,5,0.4,69.9965
US-2017-165358,7/18/2017,Seth Vernon,East,Furniture,198.744,4,0.3,-14.196
US-2017-165358,7/18/2017,Seth Vernon,East,Office Supplies,9.184,2,0.2,1.148
CA-2016-160136,11/3/2016,Patrick Jones,Central,Office Supplies,9.248,2,0.2,3.3524
CA-2014-150581,4/8/2014,Nathan Mautz,West,Furniture,99.592,1,0.2,2.4898
CA-2014-150581,4/8/2014,Nathan Mautz,West,Technology,399.96,4,0,139.986
CA-2016-119515,8/14/2016,Toby Ritter,South,Office Supplies,15.552,3,0.2,5.4432
CA-2014-141355,9/25/2014,Barry Franz,West,Office Supplies,14.576,2,0.2,2.3686
CA-2016-165330,12/11/2016,William Brown,West,Office Supplies,209.6,5,0.2,68.12
CA-2016-165330,12/11/2016,William Brown,West,Office Supplies,23.32,2,0,6.0632
CA-2016-165330,12/11/2016,William Brown,West,Office Supplies,30.98,1,0,13.941
CA-2016-165330,12/11/2016,William Brown,West,Technology,119.96,4,0,25.1916
CA-2016-165330,12/11/2016,William Brown,West,Furniture,363.92,5,0.2,-31.843
CA-2016-165330,12/11/2016,William Brown,West,Office Supplies,35.808,3,0.2,11.19
CA-2016-165330,12/11/2016,William Brown,West,Office Supplies,122.688,9,0.2,39.8736
CA-2016-165330,12/11/2016,William Brown,West,Furniture,892.136,7,0.2,111.517
CA-2016-165330,12/11/2016,William Brown,West,Office Supplies,50.22,3,0,2.0088
CA-2016-165330,12/11/2016,William Brown,West,Office Supplies,83.42,2,0,24.1918
CA-2016-165330,12/11/2016,William Brown,West,Office Supplies,5.872,2,0.2,2.1286
CA-2015-132633,2/3/2015,Ken Heidel,West,Office Supplies,12.144,3,0.2,4.0986
CA-2016-157742,12/29/2016,Ken Lonsdale,West,Office Supplies,27.792,3,0.2,10.422
CA-2017-127712,8/31/2017,Michael Granlund,West,Office Supplies,6.208,2,0.2,0.6984
CA-2017-169474,2/4/2017,Jay Fein,East,Office Supplies,32.67,3,0,8.4942
CA-2014-106726,12/6/2014,Roland Schwarz,West,Office Supplies,1261.33,7,0,327.9458
CA-2016-147473,5/30/2016,Nancy Lomonaco,West,Office Supplies,38.88,6,0,18.6624
CA-2016-114209,5/21/2016,Alejandro Savely,Central,Office Supplies,1.964,2,0.8,-3.2406
CA-2016-114209,5/21/2016,Alejandro Savely,Central,Office Supplies,82.656,9,0.2,30.996
CA-2014-141901,8/9/2014,Gene McClure,West,Office Supplies,5.98,1,0,2.691
CA-2016-164490,9/5/2016,Stephanie Ulpright,Central,Office Supplies,9.248,2,0.2,3.3524
CA-2016-112256,7/23/2016,Chloris Kastensmidt,Central,Office Supplies,4.448,2,0.2,0.3336
CA-2016-112256,7/23/2016,Chloris Kastensmidt,Central,Office Supplies,5.184,1,0.2,1.8144
CA-2016-112256,7/23/2016,Chloris Kastensmidt,Central,Office Supplies,175.92,5,0.2,15.393
CA-2016-112256,7/23/2016,Chloris Kastensmidt,Central,Office Supplies,4.752,4,0.8,-8.316
CA-2016-112256,7/23/2016,Chloris Kastensmidt,Central,Office Supplies,13.344,2,0.2,1.0008
CA-2016-167416,5/12/2016,Jill Matthias,West,Office Supplies,54.9,5,0,26.901
CA-2016-106950,9/2/2016,Joe Elijah,South,Office Supplies,22.911,7,0.7,-17.5651
CA-2016-106950,9/2/2016,Joe Elijah,South,Office Supplies,309.456,9,0.2,34.8138
CA-2016-106950,9/2/2016,Joe Elijah,South,Office Supplies,19.456,4,0.2,3.4048
CA-2016-106950,9/2/2016,Joe Elijah,South,Furniture,472.518,3,0.4,-149.6307
CA-2016-106950,9/2/2016,Joe Elijah,South,Technology,1012.68,3,0.2,303.804
CA-2016-106950,9/2/2016,Joe Elijah,South,Office Supplies,17.22,5,0.7,-12.628
CA-2017-118724,7/21/2017,Anthony Rawles,West,Office Supplies,3.52,2,0,1.6896
CA-2017-118724,7/21/2017,Anthony Rawles,West,Technology,1626.192,9,0.2,121.9644
CA-2017-112004,9/25/2017,Adam Hart,East,Office Supplies,8.595,5,0.7,-6.303
CA-2017-112004,9/25/2017,Adam Hart,East,Office Supplies,190.896,2,0.2,-42.9516
US-2017-143175,8/3/2017,George Ashbrook,West,Office Supplies,99.87,3,0,23.9688
CA-2015-105844,10/25/2015,Jennifer Ferguson,West,Office Supplies,79.36,4,0,23.808
CA-2017-118864,6/15/2017,Kristen Hastings,West,Technology,119.96,1,0.2,7.4975
CA-2015-119480,1/9/2015,Craig Carroll,South,Office Supplies,106.32,3,0,49.9704
CA-2015-119480,1/9/2015,Craig Carroll,South,Office Supplies,163.44,3,0,45.7632
CA-2015-119480,1/9/2015,Craig Carroll,South,Office Supplies,42.76,2,0,11.1176
CA-2015-119480,1/9/2015,Craig Carroll,South,Office Supplies,51.55,5,0,24.2285
US-2015-153374,2/9/2015,Jill Fjeld,Central,Technology,479.952,6,0.2,89.991
CA-2016-101980,8/19/2016,Resi Pölking,East,Office Supplies,146.688,6,0.2,55.008
CA-2016-101980,8/19/2016,Resi Pölking,East,Office Supplies,276.784,2,0.2,89.9548
CA-2016-101980,8/19/2016,Resi Pölking,East,Office Supplies,25.32,5,0.2,9.1785
CA-2017-144596,11/6/2017,Carol Darley,East,Office Supplies,318.96,9,0,149.9112
CA-2015-124933,12/26/2015,David Flashing,East,Office Supplies,212.64,6,0,99.9408
CA-2014-159625,11/23/2014,Sally Matthias,West,Office Supplies,23.472,3,0.2,8.802
CA-2016-144337,8/1/2016,Susan Gilcrest,Central,Office Supplies,19.648,2,0.2,6.6312
CA-2014-117478,9/21/2014,Larry Hughes,East,Office Supplies,6.57,3,0.7,-5.037
CA-2017-147410,9/4/2017,Eva Jacobs,West,Office Supplies,421.1,2,0,105.275
CA-2017-128944,6/19/2017,Katharine Harms,East,Furniture,760.116,6,0.3,-43.4352
CA-2017-128944,6/19/2017,Katharine Harms,East,Furniture,38.784,3,0.2,7.272
CA-2017-128944,6/19/2017,Katharine Harms,East,Technology,122.328,9,0.2,1.5291
CA-2016-109666,4/19/2016,Kunst Miller,East,Technology,25.98,2,0,0.7794
CA-2016-109666,4/19/2016,Kunst Miller,East,Office Supplies,3.28,2,0,1.476
CA-2016-109666,4/19/2016,Kunst Miller,East,Office Supplies,459.88,4,0,13.7964
CA-2016-109666,4/19/2016,Kunst Miller,East,Office Supplies,7.76,2,0,2.2504
CA-2016-109666,4/19/2016,Kunst Miller,East,Office Supplies,71.96,2,0,17.99
CA-2016-109666,4/19/2016,Kunst Miller,East,Office Supplies,54.9,5,0,15.372
CA-2016-109666,4/19/2016,Kunst Miller,East,Office Supplies,9.28,2,0.2,3.248
US-2016-102239,5/5/2016,Lindsay Williams,West,Furniture,1685.88,6,0,320.3172
US-2016-102239,5/5/2016,Lindsay Williams,West,Office Supplies,5.728,2,0.2,2.0048
CA-2014-143168,10/18/2014,Ivan Gibson,West,Office Supplies,61.96,2,0,27.882
CA-2014-143168,10/18/2014,Ivan Gibson,West,Office Supplies,1.344,1,0.2,0.4704
CA-2017-104906,2/13/2017,Jennifer Patt,East,Office Supplies,17.94,3,0,8.7906
CA-2017-118122,11/17/2017,Greg Guthrie,West,Office Supplies,13.904,2,0.2,4.5188
US-2014-147774,1/20/2014,Muhammed MacIntyre,South,Office Supplies,67.194,1,0.7,-51.5154
CA-2017-166926,12/1/2017,Sean O'Donnell,West,Office Supplies,41.86,7,0,18.837
CA-2017-166926,12/1/2017,Sean O'Donnell,West,Furniture,141.96,2,0,41.1684
CA-2015-128013,8/9/2015,Monica Federle,East,Furniture,10.02,3,0,4.4088
CA-2015-128013,8/9/2015,Monica Federle,East,Office Supplies,144.12,3,0,69.1776
CA-2016-123176,9/27/2016,James Galang,South,Office Supplies,17.94,3,0,8.7906
CA-2016-123176,9/27/2016,James Galang,South,Office Supplies,13.89,3,0,4.5837
US-2016-117541,11/14/2016,Justin MacKendrick,East,Office Supplies,16.45,5,0,7.567
US-2016-117541,11/14/2016,Justin MacKendrick,East,Furniture,19.92,4,0,6.5736
CA-2016-166282,4/16/2016,Pete Kriz,South,Technology,35.168,4,0.2,8.3524
CA-2016-166282,4/16/2016,Pete Kriz,South,Office Supplies,123.088,7,0.2,40.0036
CA-2017-141439,11/26/2017,Tonja Turnell,Central,Furniture,257.94,3,0,67.0644
CA-2017-141439,11/26/2017,Tonja Turnell,Central,Technology,1879.96,4,0,545.1884
CA-2017-141439,11/26/2017,Tonja Turnell,Central,Furniture,27.46,2,0,9.8856
CA-2017-141439,11/26/2017,Tonja Turnell,Central,Technology,89.98,2,0,43.1904
CA-2017-141439,11/26/2017,Tonja Turnell,Central,Furniture,828.6,3,0,240.294
CA-2015-163965,11/20/2015,Sung Shariari,South,Office Supplies,7.23,5,0.7,-5.784
CA-2015-163965,11/20/2015,Sung Shariari,South,Office Supplies,17.44,2,0.2,1.308
CA-2015-163965,11/20/2015,Sung Shariari,South,Office Supplies,62.88,4,0.7,-50.304
CA-2015-163965,11/20/2015,Sung Shariari,South,Furniture,290.352,3,0.2,-36.294
CA-2017-128783,9/7/2017,Trudy Glocke,Central,Technology,113.52,4,0,46.5432
CA-2017-128783,9/7/2017,Trudy Glocke,Central,Furniture,135.3,5,0,37.884
CA-2014-122217,11/24/2014,Harold Pawlan,South,Furniture,111.15,5,0,48.906
US-2017-141558,3/11/2017,Marc Harrigan,East,Technology,776.85,5,0.4,-181.265
US-2017-141558,3/11/2017,Marc Harrigan,East,Office Supplies,12.294,1,0.7,-8.6058
US-2017-141558,3/11/2017,Marc Harrigan,East,Furniture,154.764,3,0.4,-46.4292
US-2017-141558,3/11/2017,Marc Harrigan,East,Office Supplies,43.28,1,0.2,3.246
CA-2016-139941,6/12/2016,Christy Brittain,East,Office Supplies,92.94,3,0,41.823
CA-2016-139941,6/12/2016,Christy Brittain,East,Office Supplies,52.56,3,0,18.396
CA-2015-166583,6/26/2015,Valerie Dominguez,Central,Technology,971.88,3,0.2,109.3365
CA-2017-100412,12/22/2017,Sharelle Roach,South,Furniture,141.96,2,0,35.49
CA-2017-142909,12/22/2017,Alex Grayson,West,Furniture,182.55,2,0.5,-135.087
CA-2014-137911,10/9/2014,Bart Pistole,South,Office Supplies,88.768,2,0.2,31.0688
CA-2015-106208,12/10/2015,Julia West,Central,Office Supplies,53.088,7,0.8,-108.8304
US-2015-136749,12/25/2015,Lena Hernandez,South,Furniture,275.88,6,0,46.8996
US-2015-136749,12/25/2015,Lena Hernandez,South,Office Supplies,157.9,5,0,74.213
CA-2017-126718,4/29/2017,Kean Thornton,East,Office Supplies,4.91,1,0,2.4059
CA-2016-131380,3/28/2016,Chris Cortes,West,Office Supplies,87.92,4,0,0.8792
CA-2016-131380,3/28/2016,Chris Cortes,West,Office Supplies,5.98,1,0,2.9302
CA-2015-145835,5/13/2015,Ben Ferrer,Central,Technology,222.384,2,0.2,16.6788
CA-2015-145835,5/13/2015,Ben Ferrer,Central,Office Supplies,16,4,0.2,5.6
CA-2014-138709,7/4/2014,Maxwell Schwartz,South,Office Supplies,21.84,3,0,10.92
CA-2014-138709,7/4/2014,Maxwell Schwartz,South,Office Supplies,15.6,5,0,7.644
CA-2014-122070,4/22/2014,Aaron Hawkins,East,Office Supplies,247.84,8,0,121.4416
CA-2014-122070,4/22/2014,Aaron Hawkins,East,Office Supplies,9.912,3,0.2,3.3453
CA-2016-158610,9/19/2016,Clytie Kelty,East,Office Supplies,69.52,2,0,17.38
CA-2014-117464,7/22/2014,Naresj Patel,West,Office Supplies,11.52,4,0,3.2256
CA-2014-117464,7/22/2014,Naresj Patel,West,Furniture,717.72,3,0.2,71.772
CA-2014-117464,7/22/2014,Naresj Patel,West,Office Supplies,236.5,10,0,68.585
CA-2014-117464,7/22/2014,Naresj Patel,West,Furniture,170.352,3,0.2,19.1646
US-2017-168613,10/8/2017,Gary McGarr,East,Furniture,145.764,2,0.1,3.2392
CA-2017-125381,4/25/2017,Speros Goranitis,West,Technology,107.97,3,0,22.6737
US-2017-141677,3/26/2017,Heather Kirkland,Central,Technology,143.96,5,0.2,1.7995
US-2017-141677,3/26/2017,Heather Kirkland,Central,Technology,2399.96,5,0.2,569.9905
US-2017-141677,3/26/2017,Heather Kirkland,Central,Office Supplies,74.352,3,0.2,23.235
US-2017-141677,3/26/2017,Heather Kirkland,Central,Office Supplies,87.168,8,0.8,-226.6368
US-2017-141677,3/26/2017,Heather Kirkland,Central,Office Supplies,32.232,3,0.2,2.4174
CA-2017-133067,5/4/2017,Muhammed Yedwab,East,Office Supplies,2.202,2,0.7,-1.5414
CA-2017-133067,5/4/2017,Muhammed Yedwab,East,Office Supplies,9.396,3,0.7,-7.5168
US-2016-144351,11/14/2016,Ryan Crowe,East,Technology,89.97,3,0,25.1916
CA-2014-106054,1/6/2014,Jack O'Briant,South,Office Supplies,12.78,3,0,5.2398
CA-2016-138667,12/27/2016,Mitch Webber,East,Technology,40,2,0.2,0.5
CA-2017-150609,4/30/2017,Nick Zandusky,West,Office Supplies,23.24,5,0.2,7.553
CA-2017-128853,4/21/2017,Janet Martin,East,Furniture,908.82,9,0,227.205
CA-2017-133102,8/17/2017,Emily Ducich,Central,Office Supplies,5.552,2,0.2,-1.041
CA-2017-133102,8/17/2017,Emily Ducich,Central,Office Supplies,8.016,3,0.2,1.002
CA-2017-133102,8/17/2017,Emily Ducich,Central,Furniture,74.592,4,0.3,-2.1312
CA-2017-133102,8/17/2017,Emily Ducich,Central,Furniture,16.784,2,0.6,-22.2388
CA-2017-133102,8/17/2017,Emily Ducich,Central,Office Supplies,38.864,4,0.8,-99.1032
CA-2016-164399,11/12/2016,Dianna Wilson,West,Technology,203.976,3,0.2,25.497
CA-2016-164399,11/12/2016,Dianna Wilson,West,Furniture,674.352,3,0.2,-8.4294
CA-2016-116918,10/1/2016,Jamie Kunitz,South,Office Supplies,5.388,4,0.7,-4.49
CA-2016-116918,10/1/2016,Jamie Kunitz,South,Office Supplies,30.976,8,0.2,5.0336
CA-2016-110492,2/12/2016,John Stevenson,South,Office Supplies,1350.12,6,0,175.5156
CA-2016-110492,2/12/2016,John Stevenson,South,Office Supplies,15.92,4,0,7.4824
CA-2016-147683,11/13/2016,Philisse Overcash,West,Furniture,19.54,2,0,7.2298
CA-2014-116785,4/26/2014,Marc Harrigan,West,Office Supplies,21.4,5,0,6.206
CA-2014-116785,4/26/2014,Marc Harrigan,West,Office Supplies,12.6,2,0,5.796
US-2015-156797,8/11/2015,Philisse Overcash,East,Office Supplies,11.96,2,0,3.1096
US-2015-156797,8/11/2015,Philisse Overcash,East,Technology,138,2,0,34.5
CA-2016-104276,11/27/2016,Herbert Flentye,South,Technology,116.76,1,0.2,14.595
CA-2016-104276,11/27/2016,Herbert Flentye,South,Furniture,331.023,7,0.45,-114.3534
CA-2016-120369,10/28/2016,Victoria Brennan,East,Furniture,756.8,5,0,75.68
CA-2014-118276,12/29/2014,Michael Granlund,Central,Furniture,8.736,3,0.6,-4.8048
CA-2015-136658,9/10/2015,Bobby Odegard,East,Office Supplies,6.08,2,0,2.0672
CA-2017-137414,10/2/2017,Chad McGuire,West,Furniture,17.46,2,0,5.9364
CA-2017-137414,10/2/2017,Chad McGuire,West,Technology,369.16,11,0.2,32.3015
CA-2016-143476,9/11/2016,Linda Cazamias,West,Office Supplies,2.912,2,0.2,0.91
CA-2016-143476,9/11/2016,Linda Cazamias,West,Office Supplies,20.736,4,0.2,7.2576
CA-2016-143476,9/11/2016,Linda Cazamias,West,Office Supplies,9.568,2,0.2,2.99
US-2016-119046,6/2/2016,Edward Hooks,West,Office Supplies,30.18,3,0,13.8828
US-2016-119046,6/2/2016,Edward Hooks,West,Office Supplies,51.648,12,0.2,18.7224
US-2016-119046,6/2/2016,Edward Hooks,West,Office Supplies,11.232,3,0.2,3.9312
CA-2017-154949,10/15/2017,Marc Crier,West,Office Supplies,14.73,3,0,7.2177
CA-2015-103072,9/27/2015,Helen Wasserman,Central,Office Supplies,16.4,5,0,4.756
CA-2015-103072,9/27/2015,Helen Wasserman,Central,Office Supplies,25.92,4,0,12.4416
CA-2015-150770,5/3/2015,Lena Cacioppo,West,Office Supplies,8.82,3,0,2.5578
CA-2015-150770,5/3/2015,Lena Cacioppo,West,Office Supplies,62.496,2,0.2,21.8736
CA-2015-150770,5/3/2015,Lena Cacioppo,West,Technology,339.96,4,0,122.3856
CA-2015-150770,5/3/2015,Lena Cacioppo,West,Office Supplies,49.568,2,0.2,17.3488
CA-2017-154760,1/9/2017,Beth Paige,East,Office Supplies,274.491,3,0.7,-228.7425
US-2017-104437,1/27/2017,Toby Gnade,East,Technology,137.94,3,0,35.8644
CA-2017-113075,9/2/2017,Mick Crebagga,Central,Technology,40.68,3,0.2,-7.119
CA-2016-109953,7/14/2016,Raymond Buch,West,Technology,110.376,3,0.2,12.4173
CA-2016-109953,7/14/2016,Raymond Buch,West,Office Supplies,151.62,7,0,50.0346
CA-2016-109953,7/14/2016,Raymond Buch,West,Furniture,30.8,4,0,10.164
CA-2017-127397,2/24/2017,Erin Smith,East,Office Supplies,123.92,5,0.2,38.725
CA-2017-127397,2/24/2017,Erin Smith,East,Technology,1319.8,5,0.2,214.4675
CA-2014-157546,7/20/2014,Roger Demir,West,Office Supplies,89.712,6,0.2,30.2778
CA-2014-157546,7/20/2014,Roger Demir,West,Office Supplies,22.83,3,0,10.7301
CA-2017-153843,3/13/2017,Shahid Collister,East,Office Supplies,30.88,2,0,15.44
CA-2017-153843,3/13/2017,Shahid Collister,East,Office Supplies,465.16,2,0,120.9416
CA-2017-153843,3/13/2017,Shahid Collister,East,Office Supplies,27.12,4,0,12.4752
CA-2016-137337,3/8/2016,Giulietta Baptist,East,Furniture,113.6,8,0,44.304
CA-2016-137337,3/8/2016,Giulietta Baptist,East,Office Supplies,12.96,2,0,6.3504
CA-2016-137337,3/8/2016,Giulietta Baptist,East,Office Supplies,69.456,2,0.2,22.5732
CA-2014-138737,12/7/2014,Frank Preis,West,Office Supplies,8.64,3,0,2.4192
CA-2016-164924,7/10/2016,Erin Ashbrook,East,Technology,341.991,3,0.7,-319.1916
CA-2016-101651,12/24/2016,Sean Christensen,West,Furniture,43.96,7,0,18.4632
CA-2016-101651,12/24/2016,Sean Christensen,West,Office Supplies,39.76,7,0,18.6872
CA-2017-136651,4/23/2017,Jay Fein,West,Furniture,66.36,7,0,26.544
CA-2017-136651,4/23/2017,Jay Fein,West,Office Supplies,92.88,6,0.2,30.186
CA-2017-136651,4/23/2017,Jay Fein,West,Furniture,24.14,2,0,7.9662
CA-2017-118892,8/17/2017,Tom Prescott,East,Furniture,4416.174,9,0.3,-630.882
US-2017-151127,5/22/2017,Rob Lucas,West,Office Supplies,49.56,7,0,18.8328
CA-2017-145807,2/9/2017,Sarah Bern,West,Office Supplies,354.9,5,0,17.745
US-2014-127978,3/3/2014,Jill Stevenson,East,Office Supplies,15.12,3,0.2,4.914
US-2014-127978,3/3/2014,Jill Stevenson,East,Furniture,302.45,5,0.5,-199.617
US-2014-127978,3/3/2014,Jill Stevenson,East,Office Supplies,44.672,8,0.2,-10.0512
CA-2015-158491,6/4/2015,Becky Pak,West,Technology,119.98,2,0,35.994
CA-2015-158491,6/4/2015,Becky Pak,West,Technology,989.97,3,0,395.988
CA-2016-116764,8/27/2016,Elizabeth Moffitt,South,Office Supplies,9.216,4,0.2,3.3408
CA-2016-152457,9/12/2016,Steve Chapman,Central,Office Supplies,68.52,3,0,31.5192
CA-2016-152730,5/30/2016,Eugene Moren,Central,Office Supplies,364.74,3,0,109.422
CA-2016-152730,5/30/2016,Eugene Moren,Central,Furniture,47.4,5,0,21.33
CA-2016-152730,5/30/2016,Eugene Moren,Central,Office Supplies,49.76,4,0,13.9328
CA-2016-152730,5/30/2016,Eugene Moren,Central,Office Supplies,5.56,2,0,1.4456
CA-2016-152730,5/30/2016,Eugene Moren,Central,Office Supplies,629.1,6,0,301.968
CA-2016-152730,5/30/2016,Eugene Moren,Central,Office Supplies,14.7,5,0,3.969
CA-2016-152730,5/30/2016,Eugene Moren,Central,Office Supplies,45.36,7,0,21.7728
CA-2016-152730,5/30/2016,Eugene Moren,Central,Technology,125.99,1,0,35.2772
CA-2017-137001,6/10/2017,George Zrebassa,West,Office Supplies,14.7,7,0,4.116
CA-2017-156363,10/22/2017,Marina Lichtenstein,East,Technology,32.7,5,0.4,-6.54
CA-2017-156363,10/22/2017,Marina Lichtenstein,East,Office Supplies,31.68,4,0.2,11.088
CA-2017-122056,6/13/2017,Paul Gonzalez,South,Office Supplies,181.86,7,0,50.9208
US-2014-143721,11/23/2014,Damala Kotsonis,Central,Furniture,155.372,2,0.3,-35.5136
CA-2017-122987,8/16/2017,Sarah Jordon,South,Office Supplies,13.428,3,0.7,-11.19
CA-2017-122987,8/16/2017,Sarah Jordon,South,Office Supplies,67.136,4,0.2,-0.8392
CA-2016-133368,1/14/2016,Anna Gayman,South,Office Supplies,89.568,2,0.2,32.4684
CA-2016-133368,1/14/2016,Anna Gayman,South,Furniture,315.776,8,0.2,31.5776
CA-2016-123337,9/16/2016,Keith Dawkins,West,Furniture,273.666,2,0.15,-12.8784
CA-2016-123337,9/16/2016,Keith Dawkins,West,Office Supplies,17.48,4,0,4.5448
US-2016-150357,10/10/2016,Erica Bern,South,Office Supplies,20.608,2,0.2,-4.3792
US-2016-150357,10/10/2016,Erica Bern,South,Office Supplies,4.095,3,0.7,-2.73
CA-2015-144519,11/13/2015,Arthur Wiediger,West,Technology,339.96,5,0.2,42.495
CA-2015-144519,11/13/2015,Arthur Wiediger,West,Furniture,63.98,7,0,21.7532
CA-2014-120670,11/2/2014,Julie Kriz,South,Technology,799.92,10,0.2,239.976
CA-2016-157217,7/19/2016,Tracy Collins,West,Technology,35.984,2,0.2,4.498
CA-2016-157217,7/19/2016,Tracy Collins,West,Technology,389.97,3,0,132.5898
CA-2016-108224,5/14/2016,Tiffany House,West,Technology,185.528,7,0.2,48.7011
CA-2015-162782,2/21/2015,Pierre Wener,East,Office Supplies,2541.98,2,0,1270.99
CA-2017-159282,10/16/2017,Gary Hansen,West,Technology,599.985,5,0.7,-479.988
CA-2017-155936,6/22/2017,Joe Kamberova,Central,Office Supplies,3.036,3,0.8,-5.0094
CA-2017-169439,9/9/2017,Logan Currie,East,Office Supplies,25.92,5,0.2,3.888
CA-2017-169439,9/9/2017,Logan Currie,East,Furniture,66.112,2,0.2,-9.0904
CA-2017-151183,10/14/2017,Berenike Kampe,West,Technology,46.36,4,0,15.2988
CA-2016-149965,6/20/2016,Bill Shonely,Central,Technology,6.9,1,0,0.552
CA-2016-149965,6/20/2016,Bill Shonely,Central,Furniture,57.69,3,0,23.6529
CA-2014-158281,9/2/2014,Andy Gerbode,Central,Technology,559.71,3,0.4,-121.2705
CA-2016-153661,1/30/2016,Steven Cartwright,West,Office Supplies,305.01,9,0,76.2525
CA-2016-153661,1/30/2016,Steven Cartwright,West,Office Supplies,50.784,2,0.2,17.7744
CA-2016-153661,1/30/2016,Steven Cartwright,West,Office Supplies,26.01,9,0,12.2247
CA-2017-109183,12/4/2017,Lena Radford,South,Technology,649,2,0.5,-272.58
CA-2016-113656,1/23/2016,Christy Brittain,West,Furniture,59.99,7,0,21.5964
CA-2015-148964,5/26/2015,Ruben Dartt,West,Furniture,20.24,1,0,7.8936
CA-2014-111899,5/4/2014,Nat Carroll,Central,Office Supplies,37.84,2,0.2,2.838
CA-2014-111899,5/4/2014,Nat Carroll,Central,Office Supplies,5.472,6,0.2,1.8468
CA-2015-101126,2/10/2015,Nona Balk,East,Office Supplies,77.24,5,0.2,7.724
CA-2014-163468,11/18/2014,Joe Kamberova,Central,Furniture,292.1,4,0.5,-175.26
CA-2014-163468,11/18/2014,Joe Kamberova,Central,Furniture,8.544,2,0.6,-7.476
CA-2014-163468,11/18/2014,Joe Kamberova,Central,Furniture,424.116,6,0.3,-30.294
CA-2014-163468,11/18/2014,Joe Kamberova,Central,Office Supplies,2.892,3,0.8,-4.9164
CA-2014-163468,11/18/2014,Joe Kamberova,Central,Office Supplies,381.72,5,0.2,-66.801
US-2017-117450,9/4/2017,Doug O'Connell,South,Furniture,97.184,2,0.2,6.074
US-2017-117450,9/4/2017,Doug O'Connell,South,Office Supplies,10.368,2,0.2,3.6288
CA-2014-137274,3/29/2014,Mike Gockenbach,Central,Furniture,890.841,3,0.3,-152.7156
CA-2016-144092,11/5/2016,Logan Haushalter,West,Technology,72,4,0,12.96
CA-2016-144092,11/5/2016,Logan Haushalter,West,Furniture,113.888,2,0.2,9.9652
CA-2016-144092,11/5/2016,Logan Haushalter,West,Office Supplies,158.13,3,0,77.4837
CA-2017-112172,6/10/2017,Muhammed MacIntyre,East,Office Supplies,14.13,3,0,0.7065
CA-2015-121699,8/10/2015,Bill Donatelli,Central,Office Supplies,64.75,5,0,29.1375
CA-2015-162761,10/9/2015,Sonia Cooley,South,Office Supplies,1.872,2,0.7,-1.3104
CA-2015-162761,10/9/2015,Sonia Cooley,South,Office Supplies,11.214,2,0.7,-8.5974
CA-2015-162761,10/9/2015,Sonia Cooley,South,Office Supplies,37.376,8,0.2,7.4752
CA-2016-121377,5/28/2016,Tanja Norvell,Central,Technology,286.4,1,0.2,25.06
CA-2017-115322,5/11/2017,Zuschuss Carroll,East,Office Supplies,43.92,3,0,12.7368
CA-2016-132066,10/16/2016,Nona Balk,East,Furniture,142.182,1,0.4,-37.9152
CA-2017-158120,11/17/2017,Katharine Harms,West,Office Supplies,19.608,3,0.2,6.6177
CA-2017-158120,11/17/2017,Katharine Harms,West,Office Supplies,4.158,7,0.7,-3.465
CA-2017-100097,11/26/2017,Michael Nguyen,East,Technology,979.95,5,0,264.5865
CA-2017-100097,11/26/2017,Michael Nguyen,East,Furniture,135.3,5,0,37.884
CA-2017-167626,9/3/2017,Muhammed Yedwab,Central,Office Supplies,8.904,3,0.2,3.339
CA-2017-167626,9/3/2017,Muhammed Yedwab,Central,Technology,100.8,2,0.2,21.42
US-2017-126053,12/5/2017,Carlos Soltero,East,Furniture,41.96,2,0,10.9096
US-2017-126053,12/5/2017,Carlos Soltero,East,Office Supplies,9.45,3,0,4.536
US-2017-128447,11/10/2017,Michael Chen,West,Office Supplies,400.8,5,0,112.224
US-2017-128447,11/10/2017,Michael Chen,West,Office Supplies,28.792,1,0.2,10.0772
US-2014-131275,3/18/2014,Sample Company A,West,Furniture,111,2,0,14.43
US-2014-131275,3/18/2014,Sample Company A,West,Technology,1279.968,4,0.2,415.9896
US-2014-131275,3/18/2014,Sample Company A,West,Office Supplies,1856.19,7,0,334.1142
CA-2016-149349,11/12/2016,Stephanie Phelps,Central,Furniture,22.752,6,0.6,-8.532
CA-2017-115119,10/26/2017,Shaun Chance,East,Technology,61.542,1,0.4,-13.3341
CA-2017-115119,10/26/2017,Shaun Chance,East,Office Supplies,81.438,7,0.7,-65.1504
CA-2015-125563,4/11/2015,Patrick Ryan,South,Furniture,67.36,2,0.2,10.104
CA-2015-125563,4/11/2015,Patrick Ryan,South,Furniture,54.528,3,0.2,14.3136
CA-2015-113152,12/25/2015,Jim Karlsson,East,Technology,843.9,2,0,371.316
CA-2015-113152,12/25/2015,Jim Karlsson,East,Furniture,449.568,2,0.2,56.196
CA-2017-165155,9/21/2017,Brendan Murry,West,Office Supplies,15.51,1,0,3.8775
CA-2014-163412,12/20/2014,Suzanne McNair,East,Furniture,192.186,3,0.1,36.3018
CA-2015-159590,7/18/2015,Karen Carlisle,East,Office Supplies,5.76,2,0,1.6128
CA-2014-116190,7/26/2014,Sheri Gordon,South,Furniture,67.88,2,0,18.3276
CA-2014-116190,7/26/2014,Sheri Gordon,South,Office Supplies,162.89,13,0,76.5583
CA-2014-116190,7/26/2014,Sheri Gordon,South,Furniture,25.71,3,0,9.2556
CA-2014-168473,12/26/2014,Tracy Blumstein,East,Office Supplies,191.88,6,0,19.188
CA-2017-168389,12/11/2017,Darrin Van Huff,South,Furniture,721.875,6,0.45,-420
CA-2017-168389,12/11/2017,Darrin Van Huff,South,Technology,73.568,4,0.2,-16.5528
CA-2017-168389,12/11/2017,Darrin Van Huff,South,Office Supplies,13.584,1,0.2,1.3584
CA-2017-168389,12/11/2017,Darrin Van Huff,South,Furniture,64.784,1,0.2,-12.147
CA-2014-130421,3/3/2014,Sam Craven,Central,Office Supplies,176.772,3,0.8,-459.6072
CA-2017-142125,10/21/2017,Jennifer Braxton,Central,Office Supplies,38.82,6,0,19.41
CA-2017-142125,10/21/2017,Jennifer Braxton,Central,Office Supplies,21.9,5,0,10.512
CA-2017-141138,11/10/2017,Gary Hwang,West,Technology,111.79,7,0,43.5981
CA-2017-152135,3/16/2017,Matthew Grinstein,East,Technology,445.44,8,0.4,-81.664
CA-2016-151974,9/22/2016,Robert Dilbeck,East,Office Supplies,16.52,5,0.2,5.369
CA-2017-154102,2/6/2017,Skye Norling,West,Office Supplies,29.9,5,0,13.455
CA-2015-139780,12/31/2015,Anna Häberlin,Central,Office Supplies,116.4,8,0,52.38
CA-2016-114748,10/9/2016,Maria Zettner,West,Office Supplies,1.408,1,0.2,0.1584
CA-2016-114748,10/9/2016,Maria Zettner,West,Furniture,169.568,2,0.2,0
US-2014-115189,12/30/2014,Alex Russell,East,Technology,251.964,6,0.4,-50.3928
US-2014-115189,12/30/2014,Alex Russell,East,Furniture,523.764,3,0.4,-192.0468
CA-2016-163594,4/12/2016,Jason Fortune-,West,Office Supplies,19.44,3,0,9.3312
CA-2016-163594,4/12/2016,Jason Fortune-,West,Furniture,194.352,3,0.2,-36.441
CA-2016-163594,4/12/2016,Jason Fortune-,West,Office Supplies,36.624,3,0.2,13.734
CA-2016-127243,11/28/2016,David Smith,East,Technology,340.182,3,0.4,-73.7061
CA-2016-127243,11/28/2016,David Smith,East,Office Supplies,12.672,8,0.2,2.6928
CA-2016-127243,11/28/2016,David Smith,East,Office Supplies,6.888,2,0.7,-5.0512
CA-2016-127243,11/28/2016,David Smith,East,Office Supplies,32.544,2,0.2,-7.7292
CA-2016-127243,11/28/2016,David Smith,East,Furniture,347.802,7,0.3,-24.843
CA-2017-161851,4/15/2017,Bart Pistole,South,Office Supplies,15.57,3,0.7,-11.937
CA-2015-110345,3/9/2015,Toby Gnade,South,Office Supplies,4.608,2,0.2,1.6704
CA-2014-107769,10/28/2014,Bill Tyler,Central,Technology,257.98,2,0,74.8142
US-2017-123862,1/7/2017,Jamie Frazer,West,Office Supplies,153.78,11,0,44.5962
US-2017-123862,1/7/2017,Jamie Frazer,West,Office Supplies,61.02,3,0,0.6102
US-2017-123862,1/7/2017,Jamie Frazer,West,Office Supplies,110.11,7,0,31.9319
US-2017-123862,1/7/2017,Jamie Frazer,West,Office Supplies,7.89,1,0,3.5505
CA-2017-100580,8/13/2017,Michael Kennedy,West,Office Supplies,36.024,3,0.2,11.7078
US-2017-145597,11/2/2017,Greg Guthrie,Central,Office Supplies,54.336,4,0.2,5.4336
CA-2014-132787,9/19/2014,Mike Caudle,West,Office Supplies,92.52,6,0,24.9804
CA-2015-136224,5/31/2015,Muhammed Lee,South,Office Supplies,10.272,3,0.2,1.1556
CA-2016-105732,9/13/2016,Alejandro Grove,Central,Office Supplies,40.74,3,0,0.4074
CA-2016-105732,9/13/2016,Alejandro Grove,Central,Office Supplies,14.4,5,0,7.056
CA-2016-105732,9/13/2016,Alejandro Grove,Central,Technology,149.95,5,0,41.986
CA-2016-105732,9/13/2016,Alejandro Grove,Central,Office Supplies,16.9,2,0,5.07
CA-2016-105732,9/13/2016,Alejandro Grove,Central,Office Supplies,17.61,3,0,8.4528
CA-2016-105732,9/13/2016,Alejandro Grove,Central,Office Supplies,378,2,0,136.08
CA-2016-105732,9/13/2016,Alejandro Grove,Central,Office Supplies,17.64,3,0,8.6436
CA-2016-105732,9/13/2016,Alejandro Grove,Central,Office Supplies,373.08,6,0,100.7316
CA-2016-105732,9/13/2016,Alejandro Grove,Central,Furniture,1336.44,14,0,387.5676
CA-2016-105732,9/13/2016,Alejandro Grove,Central,Technology,29.97,3,0,0.2997
CA-2017-108035,11/29/2017,Ted Trevino,South,Furniture,390.368,2,0.2,48.796
CA-2017-108035,11/29/2017,Ted Trevino,South,Furniture,101.52,5,0.2,19.035
CA-2017-160031,12/4/2017,Larry Tron,East,Office Supplies,74.352,3,0.2,23.235
CA-2017-147844,5/2/2017,Dorothy Dickinson,West,Office Supplies,15.7,5,0,7.065
CA-2017-147844,5/2/2017,Dorothy Dickinson,West,Office Supplies,59.52,3,0,15.4752
CA-2017-147844,5/2/2017,Dorothy Dickinson,West,Office Supplies,34.4,5,0,15.824
CA-2016-110975,12/25/2016,Darren Budd,East,Furniture,313.176,2,0.4,-120.0508
CA-2016-110975,12/25/2016,Darren Budd,East,Furniture,866.646,3,0.1,173.3292
CA-2014-141649,9/30/2014,Dario Medina,East,Office Supplies,795.408,6,0.2,59.6556
CA-2014-124807,7/12/2014,Max Engle,Central,Office Supplies,35.856,9,0.2,12.9978
CA-2014-124807,7/12/2014,Max Engle,Central,Technology,23.84,4,0.2,3.278
CA-2016-110009,9/8/2016,Toby Ritter,West,Furniture,43.13,1,0,14.6642
CA-2016-110009,9/8/2016,Toby Ritter,West,Office Supplies,30.87,7,0,14.2002
CA-2017-168172,8/6/2017,Shahid Hopkins,East,Office Supplies,70.12,4,0,21.036
CA-2015-100146,5/14/2015,Claudia Bergmann,West,Furniture,509.9575,5,0.15,41.9965
CA-2015-100146,5/14/2015,Claudia Bergmann,West,Furniture,122.91,3,0,34.4148
CA-2015-100146,5/14/2015,Claudia Bergmann,West,Furniture,97.568,2,0.2,-6.098
CA-2015-100146,5/14/2015,Claudia Bergmann,West,Furniture,722.352,3,0.2,81.2646
CA-2017-152079,1/20/2017,Maris LaWare,Central,Office Supplies,11.52,5,0.2,4.176
CA-2016-129728,5/30/2016,Jason Gross,West,Furniture,167.84,8,0,11.7488
CA-2014-121769,4/8/2014,John Stevenson,East,Furniture,172.11,1,0.4,-94.6605
CA-2014-103058,7/23/2014,Alejandro Grove,East,Technology,99.98,2,0,7.9984
CA-2017-121125,5/30/2017,Michael Granlund,West,Technology,156.792,1,0.2,17.6391
CA-2017-121125,5/30/2017,Michael Granlund,West,Technology,35.36,2,0.2,-3.094
CA-2017-121125,5/30/2017,Michael Granlund,West,Furniture,13.592,1,0.2,-0.3398
US-2016-114013,3/13/2016,Stewart Carmichael,East,Furniture,386.68,2,0.3,-5.524
US-2016-114013,3/13/2016,Stewart Carmichael,East,Technology,379.96,5,0.2,47.495
US-2016-114013,3/13/2016,Stewart Carmichael,East,Technology,539.91,3,0.4,-116.9805
US-2016-114013,3/13/2016,Stewart Carmichael,East,Office Supplies,41.24,5,0.2,13.9185
US-2016-114013,3/13/2016,Stewart Carmichael,East,Office Supplies,51.897,1,0.7,-41.5176
US-2016-114013,3/13/2016,Stewart Carmichael,East,Office Supplies,552.56,5,0.2,-138.14
US-2016-114013,3/13/2016,Stewart Carmichael,East,Office Supplies,23.16,5,0.7,-15.44
US-2016-114013,3/13/2016,Stewart Carmichael,East,Office Supplies,126.08,2,0.2,-28.368
US-2016-114013,3/13/2016,Stewart Carmichael,East,Technology,449.1,3,0.7,-643.71
CA-2017-135069,4/10/2017,Bruce Stewart,East,Office Supplies,195.104,4,0.2,21.9492
CA-2017-135069,4/10/2017,Bruce Stewart,East,Furniture,36.672,3,0.2,6.4176
CA-2016-101693,6/25/2016,Logan Currie,Central,Furniture,85.246,2,0.3,-6.089
CA-2016-101693,6/25/2016,Logan Currie,Central,Furniture,32.712,2,0.6,-26.1696
US-2014-164763,3/17/2014,Mark Haberlin,South,Office Supplies,11.43,3,0,5.3721
US-2014-164763,3/17/2014,Mark Haberlin,South,Office Supplies,30.44,2,0,14.9156
US-2014-164763,3/17/2014,Mark Haberlin,South,Office Supplies,12.96,2,0,6.3504
US-2014-164763,3/17/2014,Mark Haberlin,South,Office Supplies,16,4,0,7.68
US-2014-164763,3/17/2014,Mark Haberlin,South,Office Supplies,32.67,3,0,8.4942
CA-2014-161249,8/9/2014,Roger Demir,West,Office Supplies,4.464,3,0.2,-0.9486
CA-2014-161249,8/9/2014,Roger Demir,West,Office Supplies,9.345,5,0.7,-6.5415
CA-2015-148180,7/26/2015,Bart Pistole,West,Office Supplies,9.144,3,0.2,3.0861
CA-2015-148180,7/26/2015,Bart Pistole,West,Office Supplies,23.136,6,0.2,8.3868
CA-2015-148180,7/26/2015,Bart Pistole,West,Office Supplies,99.2,5,0,25.792
CA-2014-165568,2/15/2014,Barry Französisch,West,Office Supplies,21.36,5,0.2,7.209
CA-2015-145457,3/24/2015,Cathy Prescott,West,Furniture,46.9,5,0,13.132
US-2017-163657,9/2/2017,Janet Lee,West,Office Supplies,18.72,5,0.2,6.552
US-2017-163657,9/2/2017,Janet Lee,West,Furniture,236.528,2,0.2,-2.9566
CA-2015-120446,11/16/2015,John Grady,West,Office Supplies,18.9,3,0,8.694
CA-2014-109932,12/9/2014,Victoria Pisteka,Central,Office Supplies,10.688,2,0.2,3.7408
CA-2014-109932,12/9/2014,Victoria Pisteka,Central,Office Supplies,237.096,3,0.2,20.7459
CA-2017-127474,2/3/2017,Ross DeVincentis,Central,Office Supplies,5.184,1,0.2,1.8144
CA-2017-127474,2/3/2017,Ross DeVincentis,Central,Office Supplies,65.584,2,0.2,23.7742
CA-2017-127474,2/3/2017,Ross DeVincentis,Central,Furniture,22.2,1,0.6,-26.085
CA-2017-127474,2/3/2017,Ross DeVincentis,Central,Office Supplies,419.4,5,0.2,146.79
CA-2017-115448,11/11/2017,Michelle Huthwaite,South,Furniture,88.92,5,0.2,14.4495
CA-2017-105669,9/17/2017,Sanjit Jacobs,Central,Office Supplies,9.912,3,0.2,3.2214
CA-2017-105669,9/17/2017,Sanjit Jacobs,Central,Furniture,318.43,5,0.3,-77.333
CA-2017-105669,9/17/2017,Sanjit Jacobs,Central,Office Supplies,5.8,5,0.8,-10.15
CA-2017-105669,9/17/2017,Sanjit Jacobs,Central,Technology,1415.76,6,0.2,88.485
CA-2017-134796,6/25/2017,Fred McMath,Central,Technology,148.48,2,0.2,16.704
CA-2016-137743,7/30/2016,Katherine Hughes,Central,Office Supplies,9.248,4,0.2,3.1212
CA-2016-137743,7/30/2016,Katherine Hughes,Central,Office Supplies,1036.624,2,0.2,51.8312
CA-2015-137974,4/16/2015,Lauren Leatherbury,South,Technology,569.64,2,0,148.1064
CA-2015-137974,4/16/2015,Lauren Leatherbury,South,Office Supplies,9.14,1,0,4.57
CA-2015-137974,4/16/2015,Lauren Leatherbury,South,Furniture,1196.86,7,0,119.686
CA-2015-137974,4/16/2015,Lauren Leatherbury,South,Furniture,523.26,9,0,125.5824
US-2015-136987,4/11/2015,Andy Reiter,West,Technology,639.968,4,0.2,215.9892
US-2015-136987,4/11/2015,Andy Reiter,West,Office Supplies,52.76,2,0,24.2696
CA-2015-138485,2/27/2015,Nora Paige,West,Technology,538.92,9,0,80.838
CA-2016-103709,9/8/2016,Liz Preis,West,Office Supplies,14.88,2,0,3.72
CA-2016-103709,9/8/2016,Liz Preis,West,Office Supplies,34.24,8,0,15.408
CA-2016-103709,9/8/2016,Liz Preis,West,Office Supplies,261.74,2,0,65.435
CA-2016-138282,5/19/2016,Anna Häberlin,West,Office Supplies,87.84,8,0,23.7168
CA-2017-148985,11/11/2017,Thomas Brumley,West,Furniture,34.92,4,0,11.8728
CA-2014-138100,9/15/2014,Alex Avila,East,Office Supplies,14.94,3,0,7.0218
CA-2014-138100,9/15/2014,Alex Avila,East,Furniture,14.56,2,0,6.2608
CA-2015-100734,9/15/2015,Ann Chong,East,Office Supplies,3.576,4,0.7,-2.8608
CA-2015-100734,9/15/2015,Ann Chong,East,Office Supplies,147.184,2,0.2,-29.4368
CA-2016-139997,7/1/2016,Eugene Moren,West,Technology,1499.95,5,0,449.985
CA-2016-109652,4/10/2016,Quincy Jones,Central,Office Supplies,13.568,4,0.2,3.2224
CA-2014-167199,1/6/2014,Maria Etezadi,South,Furniture,2573.82,9,0,746.4078
CA-2014-167199,1/6/2014,Maria Etezadi,South,Office Supplies,609.98,2,0,274.491
CA-2014-167199,1/6/2014,Maria Etezadi,South,Office Supplies,5.48,2,0,1.4796
CA-2014-167199,1/6/2014,Maria Etezadi,South,Technology,391.98,2,0,113.6742
CA-2014-167199,1/6/2014,Maria Etezadi,South,Technology,755.96,4,0,204.1092
CA-2014-167199,1/6/2014,Maria Etezadi,South,Office Supplies,31.12,4,0,0.3112
CA-2014-167199,1/6/2014,Maria Etezadi,South,Office Supplies,6.54,1,0,3.0084
CA-2016-124583,9/1/2016,Laurel Beltran,West,Office Supplies,12.78,1,0,5.751
CA-2014-113964,9/23/2014,Julie Prescott,East,Office Supplies,18.464,4,0.2,6.924
CA-2014-129938,12/15/2014,Ed Braxton,East,Furniture,445.802,7,0.3,-108.2662
CA-2017-135111,12/28/2017,Christopher Schild,Central,Office Supplies,2.48,1,0,0.868
CA-2017-135111,12/28/2017,Christopher Schild,Central,Office Supplies,25.9,5,0,12.691
US-2015-134558,12/19/2015,Peter McVee,East,Office Supplies,29.9,5,0,14.651
US-2015-134558,12/19/2015,Peter McVee,East,Technology,2249.91,9,0,517.4793
US-2015-134558,12/19/2015,Peter McVee,East,Furniture,1053.164,4,0.3,-105.3164
CA-2017-157196,11/5/2017,Anna Andreadi,West,Office Supplies,12.96,2,0,6.2208
CA-2015-108672,9/10/2015,Frank Atkinson,West,Furniture,106.68,6,0,33.0708
US-2017-118598,11/16/2017,Charlotte Melton,East,Technology,119.94,6,0,5.997
US-2017-160836,9/11/2017,Cindy Chapman,Central,Office Supplies,10.272,3,0.2,3.21
US-2017-160836,9/11/2017,Cindy Chapman,Central,Furniture,512.19,5,0.3,-65.853
US-2017-160836,9/11/2017,Cindy Chapman,Central,Office Supplies,1.556,2,0.8,-4.2012
CA-2017-121048,7/14/2017,Toby Carlisle,West,Office Supplies,4.448,2,0.2,1.4456
CA-2017-121048,7/14/2017,Toby Carlisle,West,Furniture,276.69,3,0,49.8042
CA-2017-121048,7/14/2017,Toby Carlisle,West,Office Supplies,4.96,4,0,2.3312
CA-2017-121048,7/14/2017,Toby Carlisle,West,Office Supplies,71.92,4,0,20.8568
CA-2017-121048,7/14/2017,Toby Carlisle,West,Furniture,18.84,3,0,7.9128
CA-2017-121048,7/14/2017,Toby Carlisle,West,Technology,140.97,3,0,19.7358
CA-2017-121048,7/14/2017,Toby Carlisle,West,Technology,470.376,3,0.2,52.9173
US-2017-120147,3/30/2017,Tom Boeckenhauer,West,Office Supplies,6.08,2,0,2.0672
US-2017-120147,3/30/2017,Tom Boeckenhauer,West,Technology,164.792,1,0.2,18.5391
CA-2016-158043,1/31/2016,Jason Klamczynski,East,Office Supplies,23.36,2,0,11.68
US-2017-106579,6/8/2017,Ben Wallace,Central,Office Supplies,12.176,4,0.8,-18.8728
CA-2014-115889,11/2/2014,Shahid Hopkins,West,Technology,46.384,2,0.2,5.2182
CA-2014-115889,11/2/2014,Shahid Hopkins,West,Office Supplies,362.92,2,0,105.2468
US-2017-161935,7/14/2017,John Lee,East,Office Supplies,9.248,2,0.2,3.3524
US-2017-161935,7/14/2017,John Lee,East,Technology,1889.946,9,0.4,-377.9892
US-2017-161935,7/14/2017,John Lee,East,Office Supplies,62.04,5,0.2,4.653
US-2017-161935,7/14/2017,John Lee,East,Furniture,396.92,5,0.2,148.845
US-2017-161935,7/14/2017,John Lee,East,Office Supplies,239.456,7,0.2,17.9592
US-2017-161935,7/14/2017,John Lee,East,Office Supplies,13.12,5,0.2,2.132
US-2017-167920,12/9/2017,John Lee,South,Office Supplies,29.36,2,0,13.5056
US-2017-167920,12/9/2017,John Lee,South,Office Supplies,214.9,5,0,62.321
US-2017-167920,12/9/2017,John Lee,South,Office Supplies,15.92,4,0,7.4824
US-2017-167920,12/9/2017,John Lee,South,Technology,146.45,5,0,48.3285
US-2017-167920,12/9/2017,John Lee,South,Office Supplies,15.14,1,0,0.6056
US-2017-167920,12/9/2017,John Lee,South,Office Supplies,5.76,2,0,2.6496
US-2017-167920,12/9/2017,John Lee,South,Technology,1399.98,2,0,629.991
CA-2016-162383,9/5/2016,Maribeth Dona,East,Office Supplies,8.952,2,0.7,-7.46
CA-2016-162383,9/5/2016,Maribeth Dona,East,Office Supplies,8.856,6,0.7,-6.4944
CA-2016-162383,9/5/2016,Maribeth Dona,East,Furniture,85.246,2,0.3,-1.2178
CA-2014-125731,9/10/2014,Clay Ludtke,West,Office Supplies,21.728,7,0.2,7.6048
CA-2014-125731,9/10/2014,Clay Ludtke,West,Furniture,1487.04,5,0.2,148.704
US-2017-106145,9/26/2017,Ruben Ausman,West,Office Supplies,71.88,6,0,33.0648
US-2017-106145,9/26/2017,Ruben Ausman,West,Furniture,9.24,3,0,2.9568
US-2017-106145,9/26/2017,Ruben Ausman,West,Office Supplies,35.88,6,0,16.146
US-2017-106145,9/26/2017,Ruben Ausman,West,Office Supplies,17.04,3,0.2,5.538
US-2017-106145,9/26/2017,Ruben Ausman,West,Office Supplies,931.176,3,0.2,314.2719
CA-2016-107146,6/17/2016,Lena Creighton,West,Furniture,266.352,3,0.2,-13.3176
CA-2016-107146,6/17/2016,Lena Creighton,West,Furniture,483.136,4,0.2,54.3528
US-2017-134642,2/25/2017,Scot Wooten,South,Furniture,196.784,2,0.2,-22.1382
US-2017-134642,2/25/2017,Scot Wooten,South,Furniture,231.92,5,0.2,5.798
US-2017-160143,3/31/2017,Henry Goldwyn,West,Office Supplies,29.7,3,0,8.019
CA-2017-103415,12/3/2017,Mark Van Huff,Central,Furniture,13.592,2,0.6,-14.2716
CA-2016-106460,2/19/2016,Greg Tran,West,Office Supplies,70.88,2,0,33.3136
US-2017-112347,12/2/2017,Bill Stewart,West,Office Supplies,114.288,1,0.2,12.8574
US-2017-112347,12/2/2017,Bill Stewart,West,Office Supplies,36.624,8,0.7,-24.416
US-2017-112347,12/2/2017,Bill Stewart,West,Furniture,242.352,8,0.7,-363.528
US-2017-112347,12/2/2017,Bill Stewart,West,Technology,49.616,2,0.2,4.9616
US-2017-112347,12/2/2017,Bill Stewart,West,Furniture,508.704,6,0.2,0
US-2017-112347,12/2/2017,Bill Stewart,West,Technology,57.36,6,0.2,-14.34
US-2017-112347,12/2/2017,Bill Stewart,West,Furniture,906.68,5,0.2,68.001
CA-2014-103492,10/10/2014,Craig Molinari,Central,Technology,719.952,6,0.2,71.9952
CA-2014-103492,10/10/2014,Craig Molinari,Central,Technology,755.944,7,0.2,66.1451
CA-2014-103492,10/10/2014,Craig Molinari,Central,Office Supplies,11.98,5,0.8,-19.168
CA-2014-103492,10/10/2014,Craig Molinari,Central,Office Supplies,0.898,1,0.8,-1.5715
CA-2016-136595,9/5/2016,Elizabeth Moffitt,Central,Furniture,21.204,3,0.6,-11.6622
CA-2014-140396,11/20/2014,Katharine Harms,East,Office Supplies,34.74,3,0,17.37
CA-2014-140396,11/20/2014,Katharine Harms,East,Technology,833.94,6,0,216.8244
CA-2014-140396,11/20/2014,Katharine Harms,East,Office Supplies,12.96,3,0.2,4.536
CA-2014-140396,11/20/2014,Katharine Harms,East,Office Supplies,25.92,4,0,12.4416
CA-2014-114181,5/10/2014,Art Foster,East,Furniture,349.965,7,0.5,-216.9783
CA-2014-114181,5/10/2014,Art Foster,East,Office Supplies,22.32,5,0.2,5.301
CA-2017-159506,11/27/2017,Justin Ritter,Central,Office Supplies,158.28,6,0,72.8088
CA-2017-159506,11/27/2017,Justin Ritter,Central,Office Supplies,497.94,3,0,224.073
US-2014-137155,11/1/2014,Daniel Lacy,East,Office Supplies,533.94,3,0,154.8426
US-2014-137155,11/1/2014,Daniel Lacy,East,Office Supplies,167.94,3,0,82.2906
US-2014-137155,11/1/2014,Daniel Lacy,East,Furniture,31.68,6,0,9.8208
CA-2016-105746,12/30/2016,Brian Dahlen,East,Furniture,170.786,1,0.3,0
US-2016-104815,9/3/2016,Rob Beeghly,Central,Furniture,198.744,4,0.3,0
CA-2017-157672,10/5/2017,Ross Baird,West,Technology,63.824,2,0.2,13.5626
US-2016-166660,1/30/2016,Tim Brockman,West,Furniture,435.168,4,0.2,-59.8356
US-2016-166660,1/30/2016,Tim Brockman,West,Furniture,48.58,1,0,7.7728
CA-2017-140802,4/21/2017,Katherine Nockton,Central,Technology,47.976,3,0.2,8.3958
CA-2017-140802,4/21/2017,Katherine Nockton,Central,Office Supplies,20.736,4,0.2,7.2576
CA-2014-133830,12/5/2014,Rob Lucas,West,Office Supplies,26.46,9,0,11.907
CA-2014-133830,12/5/2014,Rob Lucas,West,Office Supplies,49.12,4,0,23.0864
CA-2014-133830,12/5/2014,Rob Lucas,West,Office Supplies,15,3,0,7.2
CA-2014-100916,10/21/2014,Frank Hawley,South,Office Supplies,194.7,5,0,9.735
CA-2014-100916,10/21/2014,Frank Hawley,South,Furniture,591.32,4,0,112.3508
CA-2014-100916,10/21/2014,Frank Hawley,South,Office Supplies,2.84,1,0,0.8804
CA-2015-129532,12/8/2015,Yana Sorensen,West,Office Supplies,221.96,2,0,4.4392
CA-2015-129532,12/8/2015,Yana Sorensen,West,Technology,236,4,0,40.12
CA-2014-134726,11/2/2014,Steven Ward,West,Technology,41.94,2,0,15.0984
CA-2014-134726,11/2/2014,Steven Ward,West,Technology,52.792,1,0.2,4.6193
CA-2016-138597,12/18/2016,Parhena Norris,Central,Furniture,563.94,3,0,112.788
CA-2015-123113,11/23/2015,Annie Thurman,East,Office Supplies,2625.12,8,0,735.0336
CA-2015-123113,11/23/2015,Annie Thurman,East,Office Supplies,17.94,3,0,4.485
CA-2015-169656,8/13/2015,Ed Jacobs,East,Office Supplies,422.856,3,0.2,15.8571
CA-2015-142734,4/16/2015,Denise Monton,East,Furniture,127.764,2,0.1,2.8392
CA-2014-163223,3/21/2014,Kristen Hastings,South,Technology,3499.93,7,0,909.9818
CA-2014-163223,3/21/2014,Kristen Hastings,South,Office Supplies,14.4,5,0,6.624
CA-2014-163223,3/21/2014,Kristen Hastings,South,Office Supplies,122.97,3,0,60.2553
CA-2014-163223,3/21/2014,Kristen Hastings,South,Office Supplies,9.32,4,0,2.7028
CA-2014-163223,3/21/2014,Kristen Hastings,South,Office Supplies,122.94,3,0,59.0112
CA-2017-122945,11/16/2017,Mick Brown,West,Furniture,17.31,3,0,5.193
CA-2015-139738,9/25/2015,Dana Kaydos,Central,Office Supplies,128.744,7,0.2,12.8744
CA-2016-158778,9/5/2016,Dean Braden,East,Furniture,58.248,9,0.2,11.6496
CA-2016-158778,9/5/2016,Dean Braden,East,Furniture,71.246,2,0.3,-19.3382
CA-2016-158778,9/5/2016,Dean Braden,East,Office Supplies,7.872,3,0.2,0.5904
CA-2016-158778,9/5/2016,Dean Braden,East,Furniture,887.271,3,0.3,-63.3765
CA-2017-119655,4/20/2017,Christina VanderZanden,Central,Office Supplies,146.86,7,0,70.4928
CA-2017-119655,4/20/2017,Christina VanderZanden,Central,Office Supplies,36.56,4,0,18.28
CA-2015-164567,6/15/2015,Grace Kelly,West,Technology,225.576,3,0.2,22.5576
CA-2014-131947,9/17/2014,Joseph Airdo,West,Office Supplies,5.248,2,0.2,0.4592
CA-2014-131947,9/17/2014,Joseph Airdo,West,Office Supplies,38.256,3,0.2,4.782
CA-2014-131947,9/17/2014,Joseph Airdo,West,Office Supplies,40.24,5,0.2,13.078
CA-2014-131947,9/17/2014,Joseph Airdo,West,Technology,29.925,5,0.7,-21.945
CA-2014-131947,9/17/2014,Joseph Airdo,West,Office Supplies,148.704,6,0.2,46.47
CA-2014-131947,9/17/2014,Joseph Airdo,West,Technology,55.92,10,0.2,16.776
CA-2016-152520,7/8/2016,Thea Hudgings,East,Office Supplies,12.96,2,0,6.2208
CA-2016-101791,5/27/2016,Brian Stugart,Central,Furniture,25.176,3,0.6,-33.3582
CA-2016-101791,5/27/2016,Brian Stugart,Central,Furniture,5.584,2,0.6,-1.6752
CA-2016-101791,5/27/2016,Brian Stugart,Central,Office Supplies,1297.368,9,0.2,97.3026
CA-2017-121195,12/24/2017,Neola Schneider,Central,Office Supplies,264.32,2,0.2,19.824
CA-2017-163209,5/3/2017,Mike Kennedy,West,Office Supplies,25.92,4,0,12.4416
CA-2017-163209,5/3/2017,Mike Kennedy,West,Office Supplies,22.96,7,0,6.6584
CA-2014-133354,2/22/2014,Sue Ann Reed,West,Office Supplies,19.44,3,0,9.3312
US-2015-130491,2/8/2015,Brosina Hoffman,Central,Office Supplies,9.54,2,0,4.293
US-2015-130491,2/8/2015,Brosina Hoffman,Central,Office Supplies,5.81,1,0,1.8011
US-2015-130491,2/8/2015,Brosina Hoffman,Central,Office Supplies,5.76,2,0,1.728
CA-2015-113740,8/24/2015,Shahid Collister,East,Furniture,14.91,3,0,4.6221
CA-2014-148425,11/30/2014,Randy Ferguson,South,Office Supplies,6.642,9,0.7,-4.428
CA-2016-144309,12/10/2016,Chris McAfee,East,Office Supplies,18.54,2,0,8.7138
CA-2016-144309,12/10/2016,Chris McAfee,East,Office Supplies,679.96,5,0.2,220.987
CA-2017-151225,10/27/2017,Jim Mitchum,West,Furniture,189.576,1,0.2,9.4788
CA-2017-151225,10/27/2017,Jim Mitchum,West,Technology,71.96,5,0.2,7.196
US-2014-144078,11/25/2014,Richard Bierner,West,Technology,539.92,5,0.2,47.243
US-2014-144078,11/25/2014,Richard Bierner,West,Furniture,725.344,4,0.2,54.4008
US-2014-144078,11/25/2014,Richard Bierner,West,Office Supplies,7.44,3,0,2.604
CA-2014-124464,7/14/2014,Shirley Schmidt,East,Office Supplies,39.48,1,0,11.0544
CA-2015-136805,5/23/2015,Nathan Mautz,Central,Office Supplies,850.5,5,0.1,245.7
CA-2015-136805,5/23/2015,Nathan Mautz,Central,Furniture,75.33,9,0,19.5858
US-2015-159499,11/21/2015,Eudokia Martin,West,Office Supplies,325.632,6,0.2,28.4928
US-2015-159499,11/21/2015,Eudokia Martin,West,Technology,23.344,2,0.2,-1.459
US-2015-159499,11/21/2015,Eudokia Martin,West,Office Supplies,16.52,5,0.2,5.369
CA-2014-162089,3/30/2014,Mark Packer,Central,Office Supplies,335.72,5,0.2,113.3055
CA-2014-162089,3/30/2014,Mark Packer,Central,Technology,251.944,7,0.2,88.1804
CA-2014-162089,3/30/2014,Mark Packer,Central,Furniture,127.302,7,0.3,-9.093
US-2017-158526,12/29/2017,Katherine Hughes,South,Furniture,1207.84,8,0,314.0384
US-2017-158526,12/29/2017,Katherine Hughes,South,Office Supplies,12.53,1,0,5.8891
US-2017-158526,12/29/2017,Katherine Hughes,South,Office Supplies,34.58,1,0,10.0282
US-2017-158526,12/29/2017,Katherine Hughes,South,Furniture,300.98,1,0,87.2842
US-2017-158526,12/29/2017,Katherine Hughes,South,Furniture,258.75,3,0,77.625
CA-2017-104885,3/2/2017,Dorothy Badders,East,Office Supplies,59.52,3,0,15.4752
CA-2017-104885,3/2/2017,Dorothy Badders,East,Office Supplies,57.96,7,0,27.2412
CA-2017-104885,3/2/2017,Dorothy Badders,East,Furniture,441.96,2,0,101.6508
CA-2017-104885,3/2/2017,Dorothy Badders,East,Office Supplies,68.04,6,0,33.3396
US-2016-157490,10/6/2016,Laurel Beltran,West,Technology,703.71,6,0.7,-938.28
US-2016-157490,10/6/2016,Laurel Beltran,West,Office Supplies,17.904,4,0.7,-14.92
US-2016-157490,10/6/2016,Laurel Beltran,West,Office Supplies,11.976,4,0.7,-9.1816
US-2016-157490,10/6/2016,Laurel Beltran,West,Technology,67.96,5,0.2,0.8495
CA-2015-161452,4/5/2015,Carol Adams,West,Furniture,892.224,3,0.2,89.2224
US-2014-115196,9/9/2014,Daniel Lacy,South,Technology,1299.99,2,0.5,-571.9956
CA-2016-138968,3/15/2016,Fred Chung,West,Office Supplies,4.544,2,0.2,1.6472
CA-2016-138968,3/15/2016,Fred Chung,West,Furniture,1352.032,4,0.2,84.502
CA-2015-101889,12/27/2015,David Bremer,East,Furniture,1548.99,9,0.4,-464.697
CA-2015-101889,12/27/2015,David Bremer,East,Office Supplies,19.872,3,0.2,6.7068
CA-2017-110821,8/7/2017,Chloris Kastensmidt,Central,Technology,119.448,3,0.2,-13.4379
CA-2017-110821,8/7/2017,Chloris Kastensmidt,Central,Office Supplies,118.16,2,0.2,-25.109
CA-2015-121552,3/22/2015,Fred Wasserman,South,Office Supplies,19.56,4,0,5.4768
CA-2015-107685,11/30/2015,John Murray,West,Furniture,80.96,4,0,29.1456
CA-2015-107685,11/30/2015,John Murray,West,Office Supplies,25.92,4,0,12.4416
US-2014-120740,4/15/2014,Paul Stevenson,West,Office Supplies,106.96,2,0,31.0184
US-2014-120740,4/15/2014,Paul Stevenson,West,Furniture,187.76,4,0,76.9816
CA-2017-155740,7/30/2017,Tony Chapman,East,Office Supplies,76.776,4,0.7,-53.7432
CA-2017-146493,6/1/2017,Cynthia Voltz,Central,Office Supplies,53.9,5,0,25.872
CA-2014-105417,1/7/2014,Vivek Sundaresam,Central,Furniture,76.728,3,0.6,-53.7096
CA-2014-105417,1/7/2014,Vivek Sundaresam,Central,Office Supplies,10.43,7,0.8,-18.2525
US-2017-141509,9/29/2017,Sonia Cooley,West,Office Supplies,99.2,5,0,25.792
CA-2017-139493,9/13/2017,Speros Goranitis,South,Office Supplies,15.92,5,0.2,2.786
CA-2014-151967,10/22/2014,Nicole Brennan,South,Furniture,129.92,4,0,10.3936
US-2016-140158,10/4/2016,Daniel Raglin,East,Office Supplies,30.4,1,0,13.984
US-2016-140158,10/4/2016,Daniel Raglin,East,Technology,5399.91,9,0,2591.9568
US-2016-140158,10/4/2016,Daniel Raglin,East,Office Supplies,119.1,3,0,34.539
CA-2015-130974,11/27/2015,Matt Abelman,East,Office Supplies,40.08,6,0,19.2384
CA-2015-130974,11/27/2015,Matt Abelman,East,Office Supplies,59.94,3,0,28.1718
CA-2015-130974,11/27/2015,Matt Abelman,East,Technology,259.98,2,0,88.3932
CA-2015-130974,11/27/2015,Matt Abelman,East,Furniture,170.98,1,0,32.4862
CA-2015-130974,11/27/2015,Matt Abelman,East,Furniture,38.97,3,0,4.6764
CA-2015-130974,11/27/2015,Matt Abelman,East,Office Supplies,154.9,5,0,69.705
CA-2015-130974,11/27/2015,Matt Abelman,East,Furniture,446.068,4,0.3,0
CA-2017-133487,5/6/2017,Trudy Schmidt,West,Office Supplies,152.94,3,0,41.2938
CA-2014-142951,10/8/2014,Jack Garza,South,Technology,23.472,3,0.2,4.9878
CA-2014-133592,12/31/2014,Katherine Murray,East,Office Supplies,195.64,4,0,91.9508
CA-2014-133592,12/31/2014,Katherine Murray,East,Office Supplies,14.94,3,0,7.0218
CA-2014-133592,12/31/2014,Katherine Murray,East,Technology,1687.8,4,0,742.632
CA-2014-133592,12/31/2014,Katherine Murray,East,Furniture,341.96,2,0,78.6508
CA-2014-133592,12/31/2014,Katherine Murray,East,Furniture,605.88,6,0,151.47
CA-2015-120782,4/28/2015,Shirley Daniels,Central,Office Supplies,186.732,1,0.1,41.496
CA-2015-120782,4/28/2015,Shirley Daniels,Central,Office Supplies,3812.97,3,0,1906.485
CA-2015-116876,2/14/2015,Ted Trevino,East,Office Supplies,26.424,9,0.2,9.5787
CA-2015-116876,2/14/2015,Ted Trevino,East,Technology,625.99,1,0,187.797
CA-2016-169838,11/25/2016,Brenda Bowman,Central,Furniture,1568.61,9,0,329.4081
CA-2016-169838,11/25/2016,Brenda Bowman,Central,Office Supplies,17.3,1,0,8.304
CA-2016-169838,11/25/2016,Brenda Bowman,Central,Technology,160,8,0,62.4
US-2017-128951,7/15/2017,Ricardo Sperren,South,Office Supplies,179.94,3,0,50.3832
US-2017-128951,7/15/2017,Ricardo Sperren,South,Furniture,872.94,3,0,157.1292
US-2017-128951,7/15/2017,Ricardo Sperren,South,Office Supplies,12.96,2,0,6.2208
CA-2014-102330,12/29/2014,Arianne Irving,West,Office Supplies,88.8,6,0,44.4
CA-2014-102330,12/29/2014,Arianne Irving,West,Technology,319.968,4,0.2,35.9964
CA-2016-118899,3/22/2016,Marc Crier,West,Furniture,167.888,7,0.2,14.6902
CA-2017-107958,7/2/2017,Adrian Hane,Central,Office Supplies,163.96,5,0.2,59.4355
CA-2017-107958,7/2/2017,Adrian Hane,Central,Office Supplies,5.232,4,0.8,-8.1096
CA-2017-151799,12/14/2017,Ben Ferrer,East,Technology,1199.98,2,0,467.9922
CA-2017-151799,12/14/2017,Ben Ferrer,East,Office Supplies,73.85,1,0,2.2155
CA-2017-151799,12/14/2017,Ben Ferrer,East,Office Supplies,25.71,3,0,6.6846
CA-2017-151799,12/14/2017,Ben Ferrer,East,Office Supplies,17.28,6,0,8.1216
CA-2017-151799,12/14/2017,Ben Ferrer,East,Furniture,526.582,2,0.3,-52.6582
CA-2016-114601,8/26/2016,Andrew Allen,Central,Office Supplies,11.56,2,0,5.6644
CA-2016-114601,8/26/2016,Andrew Allen,Central,Technology,209.97,3,0,58.7916
CA-2016-114601,8/26/2016,Andrew Allen,Central,Furniture,447.84,4,0,98.5248
CA-2016-114601,8/26/2016,Andrew Allen,Central,Technology,479.97,3,0,163.1898
CA-2016-114601,8/26/2016,Andrew Allen,Central,Office Supplies,8.64,3,0,2.5056
CA-2017-100237,10/15/2017,Stuart Van,West,Office Supplies,11.68,2,0,4.2048
CA-2014-139542,10/25/2014,Evan Henry,East,Technology,40.776,3,0.2,0.5097
CA-2014-139542,10/25/2014,Evan Henry,East,Office Supplies,13.698,3,0.7,-9.5886
US-2015-142811,4/2/2015,John Lucas,West,Technology,87.8,5,0.2,32.925
CA-2017-139353,10/28/2017,Janet Martin,South,Furniture,77.952,3,0.2,15.5904
CA-2017-139353,10/28/2017,Janet Martin,South,Office Supplies,147.184,2,0.2,-29.4368
CA-2017-139353,10/28/2017,Janet Martin,South,Office Supplies,47.952,3,0.2,16.1838
CA-2014-150203,12/5/2014,Joni Blumstein,West,Office Supplies,250.26,6,0,72.5754
US-2017-101518,11/3/2017,Peter Bühler,East,Technology,40.776,3,0.2,0.5097
CA-2015-149636,1/6/2015,Stefania Perrino,West,Office Supplies,29.6,5,0.2,9.25
CA-2015-149636,1/6/2015,Stefania Perrino,West,Office Supplies,1.938,2,0.7,-1.3566
US-2017-146213,9/9/2017,Matt Connell,West,Technology,159.96,4,0,51.1872
CA-2015-108588,1/5/2015,Brooke Gillingham,East,Office Supplies,59.52,3,0,15.4752
CA-2015-108588,1/5/2015,Brooke Gillingham,East,Office Supplies,17.48,2,0,8.2156
CA-2015-108588,1/5/2015,Brooke Gillingham,East,Office Supplies,13.168,2,0.2,4.6088
US-2017-138086,4/16/2017,Jesus Ocampo,West,Office Supplies,40.74,3,0,12.222
CA-2015-139374,9/10/2015,Alex Russell,Central,Furniture,179.886,1,0.3,-2.5698
CA-2016-113978,9/25/2016,Tony Sayre,East,Office Supplies,286.256,1,0.2,17.891
CA-2016-113978,9/25/2016,Tony Sayre,East,Office Supplies,24.224,2,0.2,-4.8448
CA-2016-113978,9/25/2016,Tony Sayre,East,Office Supplies,331.536,3,0.2,-82.884
US-2015-150231,3/16/2015,Jim Kriz,East,Office Supplies,17.52,3,0,6.3072
CA-2016-106915,11/26/2016,George Ashbrook,Central,Office Supplies,17.856,4,0.2,4.2408
US-2016-109260,9/26/2016,Tanja Norvell,South,Technology,431.976,3,0.2,-75.5958
CA-2017-104850,6/13/2017,Tamara Willingham,West,Furniture,291.136,4,0.2,-25.4744
CA-2017-140508,9/18/2017,Pete Armstrong,Central,Office Supplies,114.848,4,0.2,35.89
CA-2017-143294,6/2/2017,John Dryer,Central,Office Supplies,10.688,2,0.2,3.7408
CA-2016-165673,5/15/2016,Michael Nguyen,East,Office Supplies,15.232,4,0.2,5.5216
CA-2017-134418,9/15/2017,Gene McClure,West,Office Supplies,12.42,3,0,5.2164
US-2016-106313,8/22/2016,Deirdre Greer,West,Office Supplies,19.44,3,0,9.3312
CA-2014-105872,5/30/2014,James Galang,East,Office Supplies,70.368,4,0.2,26.388
CA-2017-108287,12/18/2017,Alex Grayson,South,Office Supplies,12.672,9,0.2,1.4256
CA-2017-141103,7/30/2017,Jay Fein,East,Technology,89.95,5,0,43.176
CA-2014-154781,11/21/2014,Steve Carroll,West,Office Supplies,6.58,2,0,3.0268
CA-2014-154781,11/21/2014,Steve Carroll,West,Technology,94.99,1,0,28.497
CA-2015-147816,9/24/2015,Carlos Meador,West,Technology,35.12,2,0.2,13.17
CA-2017-105326,8/20/2017,Kean Thornton,West,Office Supplies,25.92,4,0,12.4416
CA-2016-133613,6/17/2016,Christine Phan,East,Office Supplies,7.96,2,0,3.7412
CA-2016-133613,6/17/2016,Christine Phan,East,Technology,566.97,3,0,153.0819
CA-2016-133613,6/17/2016,Christine Phan,East,Office Supplies,9.84,3,0,2.8536
CA-2015-109113,12/19/2015,Eileen Kiefer,Central,Technology,25.488,2,0.2,4.779
CA-2015-156153,5/31/2015,Carl Weiss,East,Office Supplies,7.56,6,0,0.3024
CA-2015-133242,6/18/2015,Keith Herrera,South,Furniture,60.84,3,0,19.4688
CA-2015-133242,6/18/2015,Keith Herrera,South,Office Supplies,450.04,2,0,58.5052
CA-2015-133242,6/18/2015,Keith Herrera,South,Office Supplies,34.6,2,0,16.608
CA-2015-133242,6/18/2015,Keith Herrera,South,Technology,467.97,3,0,140.391
CA-2015-133242,6/18/2015,Keith Herrera,South,Office Supplies,33.02,2,0,15.8496
CA-2015-158323,11/30/2015,Ann Blume,South,Furniture,17.088,2,0.2,1.068
CA-2015-161795,12/21/2015,Adam Hart,East,Office Supplies,3.008,2,0.2,0.3384
CA-2017-100902,11/17/2017,Clytie Kelty,South,Office Supplies,268.24,7,0.2,93.884
CA-2017-100902,11/17/2017,Clytie Kelty,South,Technology,431.16,5,0.2,107.79
CA-2017-112844,11/13/2017,Stefania Perrino,East,Technology,43.6,4,0,12.208
CA-2017-112844,11/13/2017,Stefania Perrino,East,Furniture,154.95,3,0,30.99
CA-2016-158925,10/24/2016,Jennifer Patt,Central,Office Supplies,15.552,3,0.2,5.4432
CA-2014-155390,12/6/2014,Barry Gonzalez,South,Office Supplies,42.208,2,0.2,13.7176
CA-2017-123071,12/3/2017,Clay Cheatham,Central,Office Supplies,10.368,2,0.2,3.6288
CA-2017-156391,9/26/2017,Sara Luxemburg,West,Office Supplies,2.224,1,0.2,0.556
CA-2015-103093,2/3/2015,Frank Olsen,South,Office Supplies,74.52,9,0,35.0244
US-2017-118941,8/12/2017,Brenda Bowman,East,Office Supplies,17.52,3,0,5.256
US-2017-118941,8/12/2017,Brenda Bowman,East,Furniture,1779.9,5,0,373.779
US-2017-118941,8/12/2017,Brenda Bowman,East,Office Supplies,219.9,5,0,59.373
CA-2015-169299,8/24/2015,Denny Ordway,West,Office Supplies,7.152,3,0.2,0.7152
CA-2017-154088,11/12/2017,Larry Blacks,South,Office Supplies,26.72,5,0.2,9.352
CA-2016-155978,8/1/2016,Thomas Seio,West,Technology,1039.728,2,0.2,90.9762
CA-2016-155978,8/1/2016,Thomas Seio,West,Office Supplies,45.96,2,0,13.788
CA-2016-108196,11/25/2016,Cindy Stewart,East,Office Supplies,456.588,2,0.7,-304.392
CA-2016-108196,11/25/2016,Cindy Stewart,East,Technology,4499.985,5,0.7,-6599.978
CA-2016-108196,11/25/2016,Cindy Stewart,East,Technology,59.976,3,0.2,11.9952
CA-2016-152800,4/13/2016,Susan Pistek,West,Office Supplies,6.12,3,0,2.8764
CA-2014-166961,12/27/2014,Cynthia Delaney,West,Office Supplies,10.98,1,0,2.9646
CA-2014-166961,12/27/2014,Cynthia Delaney,West,Office Supplies,7.86,3,0,3.6156
CA-2014-166961,12/27/2014,Cynthia Delaney,West,Office Supplies,51.45,3,0,13.8915
CA-2014-166961,12/27/2014,Cynthia Delaney,West,Office Supplies,37.056,3,0.2,13.896
CA-2016-139381,4/18/2016,Roy Französisch,South,Office Supplies,203.92,4,0,55.0584
CA-2016-139381,4/18/2016,Roy Französisch,South,Technology,29.56,4,0,7.9812
CA-2015-132136,3/8/2015,Frank Olsen,Central,Office Supplies,8.568,3,0.8,-14.5656
CA-2016-162236,11/4/2016,Elpida Rittenbach,South,Office Supplies,45.248,2,0.2,3.9592
CA-2016-162236,11/4/2016,Elpida Rittenbach,South,Furniture,876.3,10,0.4,-292.1
CA-2016-162236,11/4/2016,Elpida Rittenbach,South,Office Supplies,185.376,2,0.2,-34.758
US-2014-111353,11/29/2014,Philip Brown,East,Office Supplies,25.06,2,0,11.7782
US-2016-117037,5/17/2016,Luke Weiss,Central,Office Supplies,2.89,1,0.8,-4.7685
US-2016-117037,5/17/2016,Luke Weiss,Central,Office Supplies,7.896,3,0.2,2.4675
US-2016-117037,5/17/2016,Luke Weiss,Central,Furniture,22.608,3,0.6,-10.1736
US-2016-117037,5/17/2016,Luke Weiss,Central,Office Supplies,30.528,8,0.2,9.54
CA-2017-160801,9/19/2017,Frank Gastineau,East,Office Supplies,4.842,3,0.7,-3.3894
CA-2016-108364,12/19/2016,Barry Pond,Central,Office Supplies,1.8,5,0.8,-2.88
CA-2017-169362,10/12/2017,Sung Pak,Central,Technology,39.984,2,0.2,-1.4994
CA-2015-127481,12/12/2015,Jonathan Doherty,West,Office Supplies,32.4,5,0,15.876
CA-2015-127481,12/12/2015,Jonathan Doherty,West,Office Supplies,97.88,2,0,48.94
CA-2015-112711,7/12/2015,Fred McMath,Central,Technology,307.168,4,0.2,30.7168
US-2015-145121,10/2/2015,Michael Paige,East,Office Supplies,26.9,5,0,13.181
CA-2017-166184,3/24/2017,Harold Ryan,East,Office Supplies,47.01,3,0,22.0947
CA-2017-166184,3/24/2017,Harold Ryan,East,Technology,469.99,1,0,136.2971
CA-2017-166184,3/24/2017,Harold Ryan,East,Furniture,207.846,3,0.1,2.3094
CA-2017-157413,6/1/2017,Barry Weirich,East,Office Supplies,324.744,3,0.2,-77.1267
CA-2014-143637,3/24/2014,Maurice Satty,West,Furniture,40.48,2,0,14.5728
CA-2015-102260,9/22/2015,Sanjit Jacobs,South,Office Supplies,12,4,0.2,4.2
CA-2015-102260,9/22/2015,Sanjit Jacobs,South,Office Supplies,720.064,4,0.2,-63.0056
CA-2015-102260,9/22/2015,Sanjit Jacobs,South,Office Supplies,25.424,1,0.2,-4.767
CA-2015-102260,9/22/2015,Sanjit Jacobs,South,Office Supplies,2.816,2,0.2,0.3168
CA-2015-102260,9/22/2015,Sanjit Jacobs,South,Office Supplies,3.204,2,0.7,-2.5632
US-2016-137295,1/8/2016,Vivek Sundaresam,South,Office Supplies,30.828,7,0.7,-24.6624
US-2016-137295,1/8/2016,Vivek Sundaresam,South,Office Supplies,47.616,3,0.2,5.952
US-2016-137295,1/8/2016,Vivek Sundaresam,South,Technology,108.784,2,0.2,10.8784
CA-2016-134334,2/14/2016,Dave Kipp,East,Office Supplies,4.77,1,0,2.1465
CA-2016-134334,2/14/2016,Dave Kipp,East,Office Supplies,7.98,3,0,2.0748
CA-2016-134334,2/14/2016,Dave Kipp,East,Furniture,550.431,3,0.3,-47.1798
CA-2016-134334,2/14/2016,Dave Kipp,East,Furniture,10.56,6,0,4.6464
US-2017-109316,6/8/2017,Maureen Gastineau,West,Furniture,1497.666,2,0.15,140.9568
US-2017-109316,6/8/2017,Maureen Gastineau,West,Technology,17.52,2,0.2,-3.504
CA-2016-138478,10/21/2016,Dennis Pardue,West,Office Supplies,113.22,3,0,29.4372
CA-2016-138478,10/21/2016,Dennis Pardue,West,Office Supplies,35.88,6,0,17.5812
CA-2016-138478,10/21/2016,Dennis Pardue,West,Office Supplies,4535.976,3,0.2,1644.2913
CA-2017-150469,1/26/2017,Caroline Jumper,West,Office Supplies,11.84,8,0,5.6832
CA-2017-152436,12/8/2017,Carl Weiss,East,Office Supplies,592.74,6,0,160.0398
CA-2016-169334,10/21/2016,Giulietta Weimer,South,Office Supplies,111.672,9,0.2,6.9795
US-2014-115413,8/26/2014,Paul Prost,East,Office Supplies,8.64,3,0,2.5056
US-2014-115413,8/26/2014,Paul Prost,East,Technology,149.97,3,0,52.4895
CA-2014-125150,5/16/2014,Pauline Webber,West,Furniture,232.88,5,0.2,17.466
CA-2015-127327,2/3/2015,Pauline Webber,East,Furniture,90.882,1,0.1,15.147
CA-2017-117114,10/31/2017,Craig Yedwab,Central,Technology,508.768,4,0.2,38.1576
CA-2017-117114,10/31/2017,Craig Yedwab,Central,Office Supplies,9.912,3,0.2,3.2214
CA-2015-137302,4/26/2015,Bart Watters,West,Furniture,63.936,3,0.2,6.3936
CA-2015-137302,4/26/2015,Bart Watters,West,Office Supplies,59.52,3,0,15.4752
CA-2015-137302,4/26/2015,Bart Watters,West,Technology,311.976,3,0.2,38.997
CA-2015-137302,4/26/2015,Bart Watters,West,Office Supplies,50.352,3,0.2,17.6232
CA-2016-112382,5/9/2016,Mick Brown,Central,Technology,19.136,2,0.2,1.9136
CA-2015-128958,1/24/2015,Cyra Reiten,South,Office Supplies,13.12,5,0.2,2.132
CA-2015-106257,4/13/2015,Eugene Barchas,West,Furniture,241.568,2,0.2,-15.098
CA-2015-106257,4/13/2015,Eugene Barchas,West,Technology,479.92,2,0.2,41.993
CA-2015-149083,9/25/2015,Sally Hughsby,West,Furniture,307.136,4,0.2,-11.5176
CA-2015-149083,9/25/2015,Sally Hughsby,West,Office Supplies,12.6,2,0,5.796
CA-2015-149083,9/25/2015,Sally Hughsby,West,Technology,159.98,2,0,57.5928
US-2014-137869,3/28/2014,Christina VanderZanden,Central,Office Supplies,6.12,3,0,2.8764
US-2014-137869,3/28/2014,Christina VanderZanden,Central,Furniture,1184.72,4,0,106.6248
CA-2016-116603,7/17/2016,Annie Thurman,East,Office Supplies,45.96,2,0,13.788
CA-2014-158470,4/19/2014,Allen Goldenen,South,Office Supplies,58.05,3,0,26.703
CA-2014-158470,4/19/2014,Allen Goldenen,South,Office Supplies,71.28,11,0,34.2144
US-2017-123834,7/21/2017,Gene McClure,Central,Furniture,124.404,4,0.3,-21.3264
CA-2015-125976,9/27/2015,Jamie Kunitz,South,Office Supplies,154.9,5,0,69.705
CA-2015-125976,9/27/2015,Jamie Kunitz,South,Technology,1871.88,12,0,561.564
CA-2016-128706,2/27/2016,Don Weiss,Central,Furniture,16.192,2,0.6,-6.8816
CA-2016-104311,5/2/2016,Adam Shillingsburg,Central,Office Supplies,18.936,3,0.2,-3.7872
CA-2016-104311,5/2/2016,Adam Shillingsburg,Central,Office Supplies,12.672,3,0.2,-3.168
CA-2016-104311,5/2/2016,Adam Shillingsburg,Central,Office Supplies,5.04,2,0.2,1.764
CA-2014-169649,12/9/2014,Thomas Seio,Central,Office Supplies,8.448,2,0.2,2.9568
CA-2014-169649,12/9/2014,Thomas Seio,Central,Office Supplies,20.388,2,0.8,-53.0088
CA-2015-144890,12/25/2015,Sean Miller,West,Office Supplies,9.96,2,0,4.8804
CA-2017-135587,12/7/2017,Brosina Hoffman,South,Office Supplies,320.64,4,0,89.7792
CA-2017-135587,12/7/2017,Brosina Hoffman,South,Technology,52,4,0,23.4
CA-2014-103429,5/30/2014,Laurel Workman,East,Office Supplies,25.584,2,0.2,8.9544
CA-2014-103429,5/30/2014,Laurel Workman,East,Technology,464,5,0,134.56
CA-2014-103429,5/30/2014,Laurel Workman,East,Office Supplies,235.95,3,0,77.8635
CA-2014-103429,5/30/2014,Laurel Workman,East,Office Supplies,39.96,4,0,17.982
CA-2017-152261,3/2/2017,Joseph Airdo,East,Office Supplies,18.528,4,0.7,-12.352
CA-2015-142993,10/12/2015,Kelly Andreada,West,Technology,17.9,2,0,3.401
CA-2015-142993,10/12/2015,Kelly Andreada,West,Office Supplies,81.96,2,0,0
CA-2015-143364,7/14/2015,Toby Gnade,West,Office Supplies,272.736,3,0.2,-64.7748
CA-2015-143364,7/14/2015,Toby Gnade,West,Office Supplies,18.496,4,0.2,6.7048
CA-2015-143364,7/14/2015,Toby Gnade,West,Furniture,441.92,2,0.2,49.716
CA-2015-143364,7/14/2015,Toby Gnade,West,Furniture,127.764,6,0.7,-191.646
CA-2014-100972,11/19/2014,Dennis Bolton,West,Office Supplies,166.44,3,0,79.8912
CA-2016-136994,5/27/2016,Lynn Smith,West,Office Supplies,13.38,2,0,6.1548
US-2017-166233,7/3/2017,Michael Oakman,South,Technology,24,2,0.2,-2.7
CA-2017-122112,9/25/2017,Carol Adams,East,Office Supplies,24.448,4,0.2,8.8624
CA-2016-101672,10/3/2016,Daniel Byrd,West,Office Supplies,6.16,2,0,2.9568
CA-2016-101672,10/3/2016,Daniel Byrd,West,Furniture,915.136,4,0.2,102.9528
CA-2016-101672,10/3/2016,Daniel Byrd,West,Office Supplies,8.56,2,0,3.852
CA-2016-101672,10/3/2016,Daniel Byrd,West,Office Supplies,97.82,2,0,45.9754
CA-2017-168403,9/9/2017,Damala Kotsonis,West,Office Supplies,31.104,6,0.2,11.2752
CA-2017-168403,9/9/2017,Damala Kotsonis,West,Office Supplies,11.176,1,0.2,0.8382
CA-2015-148705,3/12/2015,Evan Bailliet,South,Office Supplies,5.04,2,0.2,1.764
CA-2016-160241,11/29/2016,Daniel Raglin,Central,Furniture,242.176,4,0.6,-302.72
CA-2016-155747,6/14/2016,Jim Sink,East,Furniture,337.176,2,0.4,-118.0116
CA-2017-118017,12/3/2017,Lena Cacioppo,West,Office Supplies,13.344,6,0.2,1.0008
CA-2017-118017,12/3/2017,Lena Cacioppo,West,Technology,76.752,6,0.2,10.5534
CA-2017-118017,12/3/2017,Lena Cacioppo,West,Technology,102.336,8,0.2,14.0712
CA-2017-118017,12/3/2017,Lena Cacioppo,West,Office Supplies,10.32,2,0.2,3.741
CA-2017-118017,12/3/2017,Lena Cacioppo,West,Office Supplies,47.32,7,0.2,5.915
CA-2017-118017,12/3/2017,Lena Cacioppo,West,Furniture,23.376,3,0.2,7.0128
CA-2017-118017,12/3/2017,Lena Cacioppo,West,Furniture,16.72,5,0.2,3.344
CA-2017-118017,12/3/2017,Lena Cacioppo,West,Furniture,16.192,1,0.2,4.6552
CA-2016-113117,8/16/2016,Jeremy Pistek,West,Office Supplies,32.4,5,0,15.552
CA-2016-148684,12/25/2016,Trudy Schmidt,South,Office Supplies,19.89,9,0,5.3703
CA-2016-148684,12/25/2016,Trudy Schmidt,South,Technology,399.98,2,0,171.9914
CA-2016-148684,12/25/2016,Trudy Schmidt,South,Furniture,343.85,5,0,137.54
CA-2016-148684,12/25/2016,Trudy Schmidt,South,Office Supplies,106.32,3,0,49.9704
CA-2017-125367,7/23/2017,Nathan Mautz,East,Office Supplies,13.92,3,0.2,4.35
CA-2017-124744,6/21/2017,Eugene Hildebrand,East,Office Supplies,82.4,5,0,40.376
CA-2017-124744,6/21/2017,Eugene Hildebrand,East,Office Supplies,6.24,2,0,3.0576
CA-2017-124744,6/21/2017,Eugene Hildebrand,East,Office Supplies,447.84,8,0,219.4416
CA-2017-128363,8/13/2017,Dan Campbell,South,Office Supplies,272.048,7,0.2,30.6054
CA-2017-128363,8/13/2017,Dan Campbell,South,Office Supplies,1614.582,6,0.7,-1237.8462
CA-2017-128363,8/13/2017,Dan Campbell,South,Office Supplies,24.32,5,0.2,9.12
CA-2017-128363,8/13/2017,Dan Campbell,South,Technology,1.584,2,0.2,0.4752
CA-2017-128363,8/13/2017,Dan Campbell,South,Furniture,31.984,1,0.2,0
CA-2017-128363,8/13/2017,Dan Campbell,South,Office Supplies,14.76,5,0.2,4.797
CA-2017-128363,8/13/2017,Dan Campbell,South,Furniture,423.648,2,0.2,47.6604
CA-2015-126669,11/7/2015,Doug O'Connell,Central,Office Supplies,76.64,2,0.2,26.824
US-2015-118766,10/15/2015,Lindsay Shagiari,Central,Office Supplies,4.464,1,0.2,1.674
US-2015-118766,10/15/2015,Lindsay Shagiari,Central,Office Supplies,3.96,10,0.8,-6.93
CA-2016-112585,7/30/2016,Rob Williams,West,Office Supplies,715.64,2,0,178.91
CA-2016-149762,12/3/2016,Roger Demir,West,Furniture,268.704,3,0.2,6.7176
CA-2016-149762,12/3/2016,Roger Demir,West,Office Supplies,21.92,8,0,5.9184
CA-2016-149762,12/3/2016,Roger Demir,West,Office Supplies,48.72,3,0,7.308
CA-2016-149762,12/3/2016,Roger Demir,West,Furniture,205.666,2,0.15,-12.098
CA-2016-167605,4/28/2016,Rob Beeghly,Central,Furniture,30.344,2,0.6,-31.8612
US-2017-105697,8/25/2017,Joe Elijah,East,Office Supplies,25.696,2,0.2,1.9272
CA-2017-165323,6/17/2017,Steven Roelle,East,Technology,3404.5,5,0,1668.205
CA-2017-165323,6/17/2017,Steven Roelle,East,Technology,101.34,3,0,8.1072
CA-2015-110891,11/20/2015,Phillina Ober,East,Furniture,344.372,4,0.3,-93.4724
CA-2017-100783,9/4/2017,Julie Kriz,Central,Office Supplies,30.384,1,0.2,3.798
CA-2015-152513,7/4/2015,Julie Prescott,West,Office Supplies,22.848,2,0.2,7.4256
CA-2017-139822,9/15/2017,Dean percer,East,Office Supplies,38.62,2,0,10.8136
CA-2017-139822,9/15/2017,Dean percer,East,Technology,59.98,2,0,10.7964
CA-2017-107713,3/13/2017,Joy Bell-,East,Office Supplies,174.3,3,0,81.921
CA-2017-134096,9/24/2017,Paul Prost,South,Technology,383.96,5,0.2,38.396
CA-2017-134096,9/24/2017,Paul Prost,South,Office Supplies,15.57,3,0.7,-11.418
CA-2016-125843,8/13/2016,Roy Französisch,South,Office Supplies,22.32,4,0,10.7136
CA-2016-125843,8/13/2016,Roy Französisch,South,Office Supplies,103.6,7,0,51.8
CA-2017-120404,11/20/2017,Katharine Harms,East,Technology,2.97,3,0,1.3365
CA-2017-120404,11/20/2017,Katharine Harms,East,Technology,569.99,1,0,170.997
CA-2017-120404,11/20/2017,Katharine Harms,East,Furniture,50.97,3,0,9.1746
CA-2017-167549,7/25/2017,Evan Minnotte,Central,Furniture,298.116,6,0.3,-4.2588
CA-2016-120082,3/25/2016,Damala Kotsonis,East,Office Supplies,59.52,3,0,17.856
US-2016-168095,7/15/2016,Mark Cousins,West,Furniture,230.28,3,0.2,23.028
US-2016-168095,7/15/2016,Mark Cousins,West,Office Supplies,105.52,5,0.2,34.294
CA-2017-166093,8/17/2017,Rick Wilson,West,Office Supplies,23.36,2,0,11.68
CA-2017-166093,8/17/2017,Rick Wilson,West,Technology,71.976,3,0.2,8.997
CA-2017-166093,8/17/2017,Rick Wilson,West,Office Supplies,8.56,2,0,3.852
CA-2017-166093,8/17/2017,Rick Wilson,West,Office Supplies,13.92,3,0.2,4.872
CA-2017-166093,8/17/2017,Rick Wilson,West,Office Supplies,2518.29,9,0,654.7554
CA-2017-166093,8/17/2017,Rick Wilson,West,Office Supplies,540.57,3,0,140.5482
CA-2017-166093,8/17/2017,Rick Wilson,West,Office Supplies,221.056,8,0.2,77.3696
CA-2016-146325,12/14/2016,David Smith,West,Furniture,81.424,2,0.2,-9.1602
CA-2016-146325,12/14/2016,David Smith,West,Office Supplies,134.8,10,0,35.048
CA-2017-134194,12/25/2017,Guy Armstrong,Central,Office Supplies,39.582,9,0.8,-59.373
CA-2017-134194,12/25/2017,Guy Armstrong,Central,Office Supplies,44.688,7,0.2,5.0274
CA-2017-134194,12/25/2017,Guy Armstrong,Central,Office Supplies,31.744,2,0.2,2.3808
CA-2017-134194,12/25/2017,Guy Armstrong,Central,Office Supplies,40.98,5,0.8,-65.568
CA-2017-134194,12/25/2017,Guy Armstrong,Central,Office Supplies,3.168,3,0.8,-5.0688
CA-2014-131009,3/1/2014,Shahid Collister,Central,Office Supplies,18.84,5,0.2,-3.5325
CA-2014-131009,3/1/2014,Shahid Collister,Central,Furniture,362.25,6,0.3,0
CA-2014-131009,3/1/2014,Shahid Collister,Central,Furniture,63.552,6,0.6,-34.9536
CA-2014-131009,3/1/2014,Shahid Collister,Central,Office Supplies,129.552,3,0.2,-22.6716
CA-2015-145814,11/19/2015,Katherine Ducich,East,Office Supplies,5.984,2,0.2,2.244
CA-2015-145814,11/19/2015,Katherine Ducich,East,Technology,861.76,4,0,249.9104
CA-2014-138359,4/1/2014,Katharine Harms,East,Office Supplies,66.96,4,0,2.6784
CA-2014-138359,4/1/2014,Katharine Harms,East,Office Supplies,6.24,2,0,3.0576
CA-2017-131807,10/5/2017,Greg Guthrie,West,Furniture,435.168,4,0.2,-59.8356
CA-2017-131807,10/5/2017,Greg Guthrie,West,Office Supplies,14.9,5,0,6.854
CA-2017-131807,10/5/2017,Greg Guthrie,West,Office Supplies,15.8,4,0,4.108
CA-2017-131807,10/5/2017,Greg Guthrie,West,Furniture,72.9,5,0,26.973
CA-2017-131807,10/5/2017,Greg Guthrie,West,Furniture,206.352,3,0.2,5.1588
CA-2017-131807,10/5/2017,Greg Guthrie,West,Technology,7.992,1,0.2,2.6973
CA-2017-104864,11/18/2017,Jim Sink,South,Office Supplies,81.36,5,0.2,-19.323
CA-2017-104864,11/18/2017,Jim Sink,South,Office Supplies,20.232,8,0.7,-16.1856
CA-2017-104864,11/18/2017,Jim Sink,South,Office Supplies,389.056,4,0.2,48.632
CA-2017-104864,11/18/2017,Jim Sink,South,Office Supplies,20.736,4,0.2,7.2576
CA-2017-104864,11/18/2017,Jim Sink,South,Office Supplies,41.472,8,0.2,14.5152
CA-2015-138219,3/23/2015,Bart Pistole,West,Office Supplies,33.36,4,0,16.68
CA-2016-157707,10/10/2016,Corey Catlett,West,Furniture,90.882,3,0.7,-190.8522
CA-2016-157707,10/10/2016,Corey Catlett,West,Technology,15.992,1,0.2,-2.9985
CA-2016-157707,10/10/2016,Corey Catlett,West,Furniture,120.784,1,0.2,13.5882
US-2015-126753,8/16/2015,Sung Pak,East,Technology,519.792,4,0.4,-112.6216
US-2015-126753,8/16/2015,Sung Pak,East,Technology,31.176,3,0.2,-5.4558
US-2015-126753,8/16/2015,Sung Pak,East,Office Supplies,10.368,2,0.2,3.6288
US-2015-126753,8/16/2015,Sung Pak,East,Office Supplies,2.724,2,0.7,-1.9068
US-2015-126753,8/16/2015,Sung Pak,East,Furniture,254.352,3,0.2,0
US-2015-126753,8/16/2015,Sung Pak,East,Office Supplies,3.762,3,0.7,-2.7588
US-2015-126753,8/16/2015,Sung Pak,East,Office Supplies,10.272,3,0.2,3.21
CA-2014-166051,5/31/2014,Jim Karlsson,South,Technology,659.97,3,0,197.991
CA-2014-166051,5/31/2014,Jim Karlsson,South,Technology,113.73,3,0,32.9817
CA-2015-113040,8/27/2015,Chad Cunningham,West,Office Supplies,5.104,1,0.2,1.6588
CA-2014-103800,1/3/2014,Darren Powers,Central,Office Supplies,16.448,2,0.2,5.5512
CA-2014-113383,9/10/2014,Sandra Flanagan,East,Office Supplies,81.92,4,0,22.1184
CA-2014-113383,9/10/2014,Sandra Flanagan,East,Furniture,254.9,5,0,76.47
CA-2017-152499,1/22/2017,Edward Hooks,Central,Office Supplies,15.12,5,0.2,4.914
CA-2017-152499,1/22/2017,Edward Hooks,Central,Office Supplies,7.872,3,0.2,0.8856
CA-2016-151498,4/21/2016,Duane Noonan,West,Office Supplies,8.32,5,0.2,2.808
CA-2016-137939,7/20/2016,Pauline Johnson,East,Technology,89.95,5,0,43.176
US-2016-117793,8/23/2016,Matt Abelman,Central,Office Supplies,25.2,4,0,11.592
US-2016-117793,8/23/2016,Matt Abelman,Central,Office Supplies,37.59,3,0,17.6673
US-2016-117793,8/23/2016,Matt Abelman,Central,Office Supplies,14.97,1,0,4.1916
US-2016-117793,8/23/2016,Matt Abelman,Central,Technology,1.98,2,0,0.891
CA-2016-133872,6/14/2016,Vivian Mathis,South,Office Supplies,39.936,4,0.7,-26.624
CA-2016-133872,6/14/2016,Vivian Mathis,South,Technology,18.464,2,0.2,2.308
US-2015-165743,11/20/2015,Michelle Moray,West,Office Supplies,4.896,3,0.7,-3.4272
US-2015-165743,11/20/2015,Michelle Moray,West,Furniture,145.764,6,0.7,-247.7988
US-2015-165743,11/20/2015,Michelle Moray,West,Office Supplies,9.612,6,0.7,-7.3692
US-2017-105998,11/3/2017,Clay Rozendal,West,Technology,199.75,5,0,87.89
US-2017-105998,11/3/2017,Clay Rozendal,West,Furniture,1673.184,12,0.2,20.9148
US-2014-148194,5/4/2014,Bill Shonely,West,Furniture,12.18,7,0,3.8976
US-2014-148194,5/4/2014,Bill Shonely,West,Office Supplies,57.68,4,0,19.0344
US-2015-151407,11/8/2015,Rob Dowd,Central,Technology,263.96,4,0,76.5484
CA-2015-110870,12/12/2015,Karen Daniels,West,Technology,299.94,6,0,128.9742
CA-2015-110870,12/12/2015,Karen Daniels,West,Office Supplies,25.76,7,0,0.5152
CA-2014-143210,12/1/2014,Anna Andreadi,East,Technology,271.9,2,0,78.851
CA-2014-143210,12/1/2014,Anna Andreadi,East,Furniture,45.84,3,0,15.5856
CA-2014-143210,12/1/2014,Anna Andreadi,East,Furniture,9.82,2,0,3.2406
CA-2016-139808,10/7/2016,Mick Crebagga,West,Office Supplies,93.36,12,0,0.9336
CA-2015-110863,11/17/2015,Anna Andreadi,Central,Office Supplies,541.24,4,0,5.4124
CA-2015-110863,11/17/2015,Anna Andreadi,Central,Office Supplies,106.32,3,0,49.9704
CA-2015-110863,11/17/2015,Anna Andreadi,Central,Furniture,1323.9,5,0,383.931
CA-2014-127859,3/17/2014,Quincy Jones,East,Office Supplies,126.624,6,0.2,41.1528
US-2015-136427,6/20/2015,Justin MacKendrick,West,Technology,125.944,7,0.2,15.743
CA-2017-120168,5/25/2017,Trudy Brown,East,Office Supplies,663.92,5,0.2,207.475
CA-2017-120168,5/25/2017,Trudy Brown,East,Technology,120,8,0,13.2
CA-2017-120168,5/25/2017,Trudy Brown,East,Office Supplies,3.29,1,0,1.4805
CA-2017-120168,5/25/2017,Trudy Brown,East,Furniture,18.84,3,0,6.0288
US-2014-131870,9/9/2014,Nicole Fjeld,East,Furniture,60.672,6,0.2,12.8928
US-2014-131870,9/9/2014,Nicole Fjeld,East,Office Supplies,30.816,9,0.2,2.6964
CA-2017-114804,10/17/2017,Barry Französisch,West,Technology,52.792,1,0.2,4.6193
CA-2017-167227,11/2/2017,Nora Paige,Central,Office Supplies,83.9,10,0,20.975
CA-2017-167227,11/2/2017,Nora Paige,Central,Office Supplies,11.76,2,0,5.7624
CA-2014-129189,7/21/2014,Harry Marie,Central,Office Supplies,4.992,3,0.8,-12.9792
CA-2014-129189,7/21/2014,Harry Marie,Central,Office Supplies,87.92,5,0.2,29.673
CA-2014-129189,7/21/2014,Harry Marie,Central,Furniture,657.93,5,0.3,-93.99
CA-2014-129189,7/21/2014,Harry Marie,Central,Office Supplies,1.044,1,0.8,-1.827
CA-2015-132465,9/11/2015,Don Miller,East,Furniture,210.68,2,0,50.5632
CA-2015-132465,9/11/2015,Don Miller,East,Office Supplies,78.8,1,0,1.576
CA-2015-132465,9/11/2015,Don Miller,East,Technology,19.99,1,0,6.7966
CA-2015-132465,9/11/2015,Don Miller,East,Office Supplies,772.68,4,0,108.1752
CA-2016-166373,10/21/2016,Jill Fjeld,Central,Technology,106.08,6,0.2,-9.282
CA-2016-158806,1/7/2016,Neoma Murray,Central,Furniture,23.076,3,0.6,-10.9611
CA-2016-158806,1/7/2016,Neoma Murray,Central,Office Supplies,25.92,5,0.2,9.072
CA-2015-119690,6/25/2015,Mark Van Huff,Central,Office Supplies,47.952,3,0.2,16.1838
CA-2015-119690,6/25/2015,Mark Van Huff,Central,Office Supplies,0.984,2,0.8,-1.476
CA-2015-119690,6/25/2015,Mark Van Huff,Central,Furniture,75.384,9,0.6,-20.7306
CA-2015-119690,6/25/2015,Mark Van Huff,Central,Office Supplies,4.608,2,0.2,1.6704
CA-2015-153738,9/20/2015,Alejandro Grove,East,Office Supplies,37.68,6,0,16.956
CA-2017-169012,7/10/2017,Beth Fritzler,South,Office Supplies,41.91,3,0,10.8966
CA-2017-109393,6/30/2017,John Castell,West,Furniture,435.999,3,0.15,5.1294
CA-2017-121489,8/21/2017,Candace McMahon,West,Furniture,388.704,6,0.2,38.8704
CA-2017-121489,8/21/2017,Candace McMahon,West,Office Supplies,572.58,6,0,34.3548
CA-2017-121489,8/21/2017,Candace McMahon,West,Technology,33.18,2,0,11.613
US-2017-133081,3/11/2017,Paul Van Hugh,East,Technology,63.88,4,0,24.9132
US-2017-133081,3/11/2017,Paul Van Hugh,East,Furniture,26.72,1,0,11.7568
CA-2017-165008,9/15/2017,Doug O'Connell,West,Office Supplies,295.056,9,0.2,106.9578
CA-2016-145611,9/20/2016,Helen Abelman,East,Office Supplies,393.25,5,0,129.7725
CA-2016-113600,12/15/2016,Shahid Hopkins,East,Office Supplies,2.214,3,0.7,-1.476
CA-2017-130834,11/3/2017,Justin MacKendrick,South,Office Supplies,16.272,3,0.2,5.2884
CA-2016-168543,7/3/2016,Dean Katz,East,Office Supplies,706.86,7,0,197.9208
CA-2014-144974,9/26/2014,Craig Molinari,East,Office Supplies,5.97,5,0.7,-4.577
CA-2014-144974,9/26/2014,Craig Molinari,East,Furniture,21.184,1,0.2,4.7664
CA-2014-144974,9/26/2014,Craig Molinari,East,Office Supplies,41.376,6,0.2,3.1032
CA-2014-109904,7/14/2014,Barbara Fisher,East,Office Supplies,17.94,3,0,4.485
CA-2017-152205,9/28/2017,Sylvia Foulston,East,Office Supplies,2.655,1,0.7,-1.8585
CA-2015-121188,8/28/2015,Cassandra Brandow,West,Office Supplies,892.35,5,0,267.705
CA-2015-121188,8/28/2015,Cassandra Brandow,West,Furniture,307.666,2,0.15,28.9568
CA-2015-121188,8/28/2015,Cassandra Brandow,West,Office Supplies,728.82,9,0,29.1528
CA-2015-121188,8/28/2015,Cassandra Brandow,West,Office Supplies,41.36,5,0.2,13.959
CA-2015-121188,8/28/2015,Cassandra Brandow,West,Technology,43.176,3,0.2,15.1116
CA-2015-121188,8/28/2015,Cassandra Brandow,West,Furniture,4.16,2,0,1.7472
CA-2015-156013,9/20/2015,Tamara Chand,East,Office Supplies,61.4,5,0,28.858
CA-2015-156013,9/20/2015,Tamara Chand,East,Office Supplies,24.448,2,0.2,8.8624
CA-2016-132997,11/7/2016,Luke Weiss,East,Technology,263.96,4,0,71.2692
CA-2016-132997,11/7/2016,Luke Weiss,East,Technology,359.97,3,0,100.7916
CA-2016-132997,11/7/2016,Luke Weiss,East,Office Supplies,12.96,2,0,6.2208
CA-2016-132997,11/7/2016,Luke Weiss,East,Office Supplies,116.82,3,0,5.841
CA-2016-132997,11/7/2016,Luke Weiss,East,Office Supplies,276.784,2,0.2,89.9548
US-2015-160563,10/20/2015,Noel Staavos,West,Technology,239.97,3,0,86.3892
US-2015-160563,10/20/2015,Noel Staavos,West,Furniture,16.02,6,0,6.0876
CA-2017-151750,1/1/2017,Janet Martin,Central,Office Supplies,454.56,5,0.2,-107.958
CA-2017-151750,1/1/2017,Janet Martin,Central,Furniture,141.42,5,0.6,-187.3815
CA-2017-151750,1/1/2017,Janet Martin,Central,Furniture,310.744,4,0.3,-26.6352
CA-2017-151750,1/1/2017,Janet Martin,Central,Office Supplies,12.736,4,0.2,2.2288
CA-2017-151750,1/1/2017,Janet Martin,Central,Office Supplies,6.47,5,0.8,-9.705
CA-2017-151750,1/1/2017,Janet Martin,Central,Office Supplies,13.748,14,0.8,-22.6842
CA-2017-151750,1/1/2017,Janet Martin,Central,Office Supplies,15.224,2,0.8,-38.8212
CA-2015-106187,6/23/2015,Randy Ferguson,South,Furniture,27.42,3,0,9.3228
CA-2015-106187,6/23/2015,Randy Ferguson,South,Office Supplies,165.98,1,0,74.691
CA-2015-106187,6/23/2015,Randy Ferguson,South,Technology,75,3,0,18
US-2016-164945,11/22/2016,Cathy Armstrong,East,Office Supplies,134.272,8,0.2,46.9952
CA-2015-150714,10/26/2015,Kristen Hastings,West,Office Supplies,146.544,6,0.2,47.6268
CA-2015-150714,10/26/2015,Kristen Hastings,West,Office Supplies,131.904,3,0.2,47.8152
CA-2015-150714,10/26/2015,Kristen Hastings,West,Office Supplies,203.88,5,0.2,20.388
CA-2015-150714,10/26/2015,Kristen Hastings,West,Office Supplies,14.301,7,0.7,-10.4874
CA-2015-150714,10/26/2015,Kristen Hastings,West,Office Supplies,718.64,10,0.2,-161.694
CA-2016-105753,10/20/2016,Lindsay Castell,South,Furniture,61.1,5,0,18.33
CA-2017-120894,4/28/2017,Jack Lebron,South,Office Supplies,28.08,3,0.2,5.265
CA-2016-106621,9/29/2016,Dario Medina,West,Office Supplies,10.496,4,0.2,1.1808
CA-2015-107020,7/10/2015,Mike Vittorini,West,Office Supplies,39.92,2,0.2,12.974
US-2015-117492,8/7/2015,Noel Staavos,East,Office Supplies,77.58,9,0,20.1708
CA-2014-101392,12/7/2014,Ann Steele,West,Office Supplies,269.36,7,0,70.0336
CA-2015-127502,12/10/2015,Meg Tillman,West,Office Supplies,5.76,2,0,2.8224
CA-2017-143658,11/8/2017,Sharelle Roach,East,Office Supplies,109.9,5,0,32.97
CA-2017-133046,7/27/2017,Dennis Kane,West,Furniture,23.88,3,0,10.5072
CA-2017-133046,7/27/2017,Dennis Kane,West,Office Supplies,26.2,4,0,12.052
CA-2017-133046,7/27/2017,Dennis Kane,West,Office Supplies,12.96,2,0,6.2208
CA-2017-133046,7/27/2017,Dennis Kane,West,Technology,234.95,5,0,32.893
CA-2017-122798,12/28/2017,Susan Vittorini,West,Office Supplies,118.25,5,0,34.2925
CA-2017-122798,12/28/2017,Susan Vittorini,West,Office Supplies,4.28,1,0,1.926
CA-2016-169663,3/10/2016,Rick Huthwaite,West,Technology,26.85,3,0,5.1015
CA-2016-169663,3/10/2016,Rick Huthwaite,West,Technology,3357.6,3,0.2,377.73
CA-2015-149846,5/22/2015,Sarah Brown,West,Office Supplies,8.26,2,0,3.7996
CA-2015-149846,5/22/2015,Sarah Brown,West,Technology,2973.32,7,0.2,334.4985
CA-2015-149846,5/22/2015,Sarah Brown,West,Office Supplies,104.79,7,0,29.3412
CA-2015-149846,5/22/2015,Sarah Brown,West,Technology,775.728,6,0.2,58.1796
CA-2017-159149,2/17/2017,Cyra Reiten,Central,Furniture,89.0664,1,0.32,-17.0274
CA-2017-159149,2/17/2017,Cyra Reiten,Central,Office Supplies,175.44,6,0.2,52.632
CA-2017-159149,2/17/2017,Cyra Reiten,Central,Technology,438.336,4,0.2,-87.6672
US-2017-167570,12/8/2017,Emily Grady,East,Furniture,215.544,4,0.3,-58.5048
CA-2017-160122,11/18/2017,Russell D'Ascenzo,Central,Office Supplies,55.584,6,0.2,20.844
CA-2017-160122,11/18/2017,Russell D'Ascenzo,Central,Furniture,127.386,2,0.3,-25.4772
CA-2016-130393,12/1/2016,John Murray,Central,Furniture,248.43,5,0.3,-17.745
CA-2016-130393,12/1/2016,John Murray,Central,Office Supplies,11.648,4,0.8,-30.8672
CA-2016-130393,12/1/2016,John Murray,Central,Furniture,85.246,2,0.3,-1.2178
CA-2017-144820,10/3/2017,Laurel Workman,Central,Office Supplies,20.64,5,0.2,2.322
CA-2017-101014,8/29/2017,Rick Wilson,West,Furniture,148.02,3,0,41.4456
CA-2017-105543,11/24/2017,Brooke Gillingham,Central,Office Supplies,33.29,1,0,7.9896
US-2017-113201,6/30/2017,Thomas Thornton,West,Office Supplies,204.95,5,0,100.4255
US-2017-106551,7/22/2017,Eric Barreto,Central,Furniture,526.344,4,0.3,-75.192
CA-2016-116722,11/11/2016,Liz Pelletier,West,Furniture,41.96,2,0,10.9096
CA-2016-116722,11/11/2016,Liz Pelletier,West,Furniture,451.152,3,0.2,0
CA-2016-116722,11/11/2016,Liz Pelletier,West,Office Supplies,31.504,11,0.2,11.0264
CA-2014-138128,12/9/2014,Frank Preis,East,Office Supplies,30.672,3,0.2,9.585
CA-2014-138128,12/9/2014,Frank Preis,East,Technology,1079.976,4,0.4,125.9972
US-2017-150070,9/7/2017,Joseph Airdo,West,Furniture,161.568,2,0.2,-28.2744
CA-2015-137064,2/6/2015,Trudy Schmidt,Central,Office Supplies,2.934,3,0.8,-4.9878
CA-2015-137064,2/6/2015,Trudy Schmidt,Central,Technology,18.528,2,0.2,4.4004
CA-2015-137064,2/6/2015,Trudy Schmidt,Central,Office Supplies,670.752,3,0.2,-125.766
CA-2017-157350,8/26/2017,Darren Powers,Central,Furniture,64.96,5,0.6,-43.848
CA-2014-127866,7/20/2014,Jonathan Doherty,West,Technology,41.94,2,0,15.0984
CA-2014-127866,7/20/2014,Jonathan Doherty,West,Office Supplies,11.96,2,0,5.8604
CA-2014-127866,7/20/2014,Jonathan Doherty,West,Office Supplies,13.12,4,0,3.8048
CA-2014-127866,7/20/2014,Jonathan Doherty,West,Office Supplies,535.41,3,0,160.623
CA-2015-131352,10/8/2015,Gene Hale,Central,Furniture,72.78,3,0.6,-70.9605
CA-2015-121776,2/16/2015,Rob Dowd,West,Office Supplies,36.84,3,0,17.3148
CA-2015-121776,2/16/2015,Rob Dowd,West,Office Supplies,87.71,7,0,41.2237
CA-2016-118073,8/12/2016,Cindy Schnelling,South,Furniture,562.2925,7,0.45,-255.5875
CA-2014-103219,11/9/2014,Benjamin Farhat,East,Furniture,56.52,9,0,21.4776
CA-2016-102561,7/18/2016,Neil Knudson,East,Office Supplies,11.264,8,0.2,1.2672
CA-2016-102561,7/18/2016,Neil Knudson,East,Office Supplies,284.08,10,0.2,24.857
CA-2016-102561,7/18/2016,Neil Knudson,East,Office Supplies,18.496,4,0.2,6.7048
CA-2016-100993,2/5/2016,Annie Zypern,West,Office Supplies,14.73,3,0,7.2177
CA-2016-100993,2/5/2016,Annie Zypern,West,Office Supplies,186.54,3,0,50.3658
CA-2016-100993,2/5/2016,Annie Zypern,West,Furniture,557.728,4,0.2,6.9716
CA-2016-100993,2/5/2016,Annie Zypern,West,Technology,159.968,4,0.2,-31.9936
US-2014-112949,6/20/2014,Corey-Lock,Central,Office Supplies,471.9,6,0,155.727
US-2014-112949,6/20/2014,Corey-Lock,Central,Office Supplies,3.52,2,0,1.6896
US-2017-146822,6/9/2017,Anna Gayman,South,Office Supplies,49.12,4,0,23.0864
US-2016-131058,12/27/2016,Eugene Moren,West,Office Supplies,20.16,7,0,9.8784
CA-2014-167997,1/26/2014,Carol Adams,Central,Office Supplies,10.68,2,0,5.0196
CA-2014-167997,1/26/2014,Carol Adams,Central,Furniture,141.96,2,0,39.7488
CA-2017-140151,3/23/2017,Raymond Buch,West,Office Supplies,32.48,2,0,4.872
CA-2017-140151,3/23/2017,Raymond Buch,West,Office Supplies,20.04,3,0,9.6192
CA-2017-140151,3/23/2017,Raymond Buch,West,Technology,13999.96,4,0,6719.9808
US-2017-143770,3/20/2017,Roger Demir,East,Technology,238,2,0,38.08
US-2017-143770,3/20/2017,Roger Demir,East,Office Supplies,61.96,2,0,27.882
CA-2016-131296,10/4/2016,Melanie Seite,East,Furniture,239.372,2,0.3,-23.9372
CA-2016-103464,11/18/2016,Patrick Gardner,West,Technology,595,5,0,95.2
CA-2017-136238,12/26/2017,Karen Bern,Central,Office Supplies,16.032,3,0.2,5.6112
CA-2016-120803,3/9/2016,Rick Bensley,East,Technology,199.75,5,0,87.89
CA-2016-134138,2/16/2016,John Dryer,East,Furniture,227.96,2,0,36.4736
CA-2015-120915,9/28/2015,Jennifer Jackson,East,Office Supplies,293.52,6,0,76.3152
CA-2015-120915,9/28/2015,Jennifer Jackson,East,Technology,307.98,2,0,89.3142
CA-2015-168207,11/2/2015,Liz Thompson,West,Furniture,96.96,6,0,33.936
CA-2015-168207,11/2/2015,Liz Thompson,West,Office Supplies,117.488,7,0.2,41.1208
CA-2015-168207,11/2/2015,Liz Thompson,West,Office Supplies,11.952,3,0.2,4.1832
CA-2015-168207,11/2/2015,Liz Thompson,West,Furniture,512.499,3,0.15,-30.147
CA-2016-144148,7/31/2016,Anna Häberlin,West,Furniture,863.128,7,0.2,-32.3673
CA-2017-107174,11/6/2017,Adam Bellavance,West,Furniture,2036.86,7,0,366.6348
CA-2017-107174,11/6/2017,Adam Bellavance,West,Furniture,449.568,2,0.2,-73.0548
CA-2017-107174,11/6/2017,Adam Bellavance,West,Technology,108.96,3,0,32.688
CA-2016-146150,2/14/2016,Fred McMath,South,Office Supplies,264.18,7,0,68.6868
CA-2014-114125,7/9/2014,Gary Hansen,West,Office Supplies,2.88,1,0,1.4112
CA-2014-114125,7/9/2014,Gary Hansen,West,Office Supplies,41.904,6,0.2,14.1426
CA-2014-114125,7/9/2014,Gary Hansen,West,Office Supplies,23.92,4,0,4.0664
CA-2016-114944,1/30/2016,Harold Engle,Central,Office Supplies,156.512,4,0.2,52.8228
CA-2016-135965,9/22/2016,Sam Zeldin,East,Office Supplies,128.34,6,0,37.2186
CA-2017-149699,12/22/2017,Chad McGuire,West,Technology,474.95,5,0,142.485
CA-2016-166429,9/2/2016,Toby Gnade,West,Technology,999.98,2,0,449.991
CA-2015-112767,8/2/2015,Darren Koutras,West,Furniture,277.5,4,0.5,-188.7
CA-2015-119879,11/21/2015,Shahid Shariari,East,Furniture,1252.704,8,0.4,-480.2032
CA-2015-119879,11/21/2015,Shahid Shariari,East,Technology,110.97,5,0.4,-24.0435
CA-2017-155642,5/18/2017,Brendan Murry,Central,Furniture,22.608,3,0.6,-10.1736
CA-2017-155642,5/18/2017,Brendan Murry,Central,Furniture,1.892,1,0.6,-0.9933
US-2017-101721,7/23/2017,Maribeth Yedwab,Central,Office Supplies,63.312,3,0.2,20.5764
CA-2015-136728,9/13/2015,Arthur Gainer,Central,Office Supplies,7.824,1,0.2,2.934
CA-2015-136728,9/13/2015,Arthur Gainer,Central,Furniture,170.072,4,0.3,-12.148
CA-2016-127194,12/10/2016,Bart Watters,East,Office Supplies,62.82,9,0,29.5254
CA-2015-140375,10/2/2015,Sheri Gordon,East,Office Supplies,19.44,3,0,9.3312
CA-2015-140375,10/2/2015,Sheri Gordon,East,Office Supplies,7.38,1,0,3.6162
US-2017-155866,11/17/2017,Christopher Conant,East,Office Supplies,38.88,6,0,18.6624
US-2017-155866,11/17/2017,Christopher Conant,East,Furniture,187.76,4,0,76.9816
CA-2015-141327,11/30/2015,Lena Radford,South,Office Supplies,6.048,7,0.7,-4.2336
CA-2015-141327,11/30/2015,Lena Radford,South,Office Supplies,98.352,3,0.2,9.8352
CA-2015-141327,11/30/2015,Lena Radford,South,Furniture,335.744,2,0.2,25.1808
CA-2015-136700,12/6/2015,David Bremer,West,Office Supplies,8.96,2,0,4.3904
CA-2017-102736,9/5/2017,Liz Preis,South,Technology,89.568,4,0.2,-1.1196
CA-2017-102736,9/5/2017,Liz Preis,South,Office Supplies,71.96,5,0.2,7.196
CA-2017-102736,9/5/2017,Liz Preis,South,Office Supplies,15.552,3,0.2,5.4432
CA-2017-125269,4/24/2017,Art Ferguson,Central,Office Supplies,10.43,5,0.8,-18.2525
CA-2017-125269,4/24/2017,Art Ferguson,Central,Office Supplies,72.784,1,0.2,-18.196
CA-2015-114811,11/8/2015,Keith Dawkins,East,Office Supplies,67.15,5,0,16.7875
CA-2015-114811,11/8/2015,Keith Dawkins,East,Technology,549.98,2,0,142.9948
CA-2015-114811,11/8/2015,Keith Dawkins,East,Furniture,11.82,3,0,4.728
CA-2015-114811,11/8/2015,Keith Dawkins,East,Technology,4643.8,4,0,2229.024
CA-2015-114811,11/8/2015,Keith Dawkins,East,Furniture,577.764,2,0.1,115.5528
CA-2015-122266,4/26/2015,Sue Ann Reed,South,Furniture,191.5155,1,0.45,-76.6062
CA-2015-122266,4/26/2015,Sue Ann Reed,South,Office Supplies,2.624,1,0.2,0.4264
CA-2015-141565,9/20/2015,Barry Gonzalez,South,Office Supplies,1369.764,6,0.7,-913.176
CA-2015-141565,9/20/2015,Barry Gonzalez,South,Office Supplies,294.368,4,0.2,-58.8736
CA-2017-128769,9/7/2017,Dario Medina,South,Office Supplies,81.568,2,0.2,7.1372
CA-2016-116337,11/7/2016,Michael Chen,Central,Furniture,44.46,5,0.6,-17.784
CA-2016-116337,11/7/2016,Michael Chen,Central,Office Supplies,314.088,3,0.2,19.6305
CA-2015-120845,9/25/2015,Marina Lichtenstein,South,Office Supplies,6.336,4,0.7,-4.6464
CA-2015-120845,9/25/2015,Marina Lichtenstein,South,Office Supplies,10.48,1,0.2,3.799
CA-2015-120845,9/25/2015,Marina Lichtenstein,South,Office Supplies,2.469,1,0.7,-1.8106
CA-2015-120845,9/25/2015,Marina Lichtenstein,South,Office Supplies,3.264,2,0.7,-2.2848
CA-2014-120775,10/3/2014,Russell D'Ascenzo,Central,Office Supplies,4.344,3,0.2,0.8688
CA-2014-120775,10/3/2014,Russell D'Ascenzo,Central,Furniture,31.776,3,0.6,-19.0656
CA-2014-120775,10/3/2014,Russell D'Ascenzo,Central,Office Supplies,4.928,2,0.2,1.7248
CA-2014-120775,10/3/2014,Russell D'Ascenzo,Central,Office Supplies,1.788,3,0.8,-3.0396
CA-2014-120775,10/3/2014,Russell D'Ascenzo,Central,Office Supplies,15.072,4,0.2,-3.768
CA-2014-152905,2/18/2014,Aaron Bergman,Central,Office Supplies,12.624,2,0.2,-2.5248
CA-2016-104633,6/12/2016,Erin Ashbrook,West,Office Supplies,185.88,6,0,83.646
CA-2016-104633,6/12/2016,Erin Ashbrook,West,Office Supplies,12.96,2,0,6.2208
CA-2017-104136,11/1/2017,Sandra Flanagan,East,Office Supplies,189.7,10,0,91.056
CA-2017-104136,11/1/2017,Sandra Flanagan,East,Office Supplies,40.99,1,0,20.0851
CA-2016-123050,4/4/2016,Becky Castell,East,Furniture,82.64,2,0,7.4376
CA-2016-123050,4/4/2016,Becky Castell,East,Office Supplies,31.02,2,0,8.0652
CA-2016-123050,4/4/2016,Becky Castell,East,Technology,89.97,3,0,37.7874
CA-2016-162355,6/30/2016,Philip Fox,South,Office Supplies,35.97,3,0,9.7119
CA-2016-162355,6/30/2016,Philip Fox,South,Furniture,1266.86,7,0,291.3778
CA-2014-158225,9/22/2014,Sanjit Engle,West,Office Supplies,169.45,5,0,42.3625
CA-2014-158225,9/22/2014,Sanjit Engle,West,Office Supplies,40.68,2,0,0.4068
CA-2017-102204,5/1/2017,Caroline Jumper,South,Office Supplies,3.328,2,0.2,0.416
CA-2017-102204,5/1/2017,Caroline Jumper,South,Furniture,933.262,4,0.45,-458.1468
CA-2017-102204,5/1/2017,Caroline Jumper,South,Furniture,2803.92,5,0.2,0
CA-2017-103065,10/20/2017,Pete Takahito,South,Office Supplies,4.768,2,0.2,-0.7748
CA-2017-103065,10/20/2017,Pete Takahito,South,Office Supplies,6.672,1,0.2,2.502
CA-2017-103065,10/20/2017,Pete Takahito,South,Office Supplies,4.448,2,0.2,1.112
CA-2017-103065,10/20/2017,Pete Takahito,South,Furniture,43.936,4,0.2,6.0412
CA-2014-109855,9/1/2014,Lena Hernandez,East,Office Supplies,23.744,2,0.2,8.3104
CA-2014-109855,9/1/2014,Lena Hernandez,East,Technology,357,3,0,57.12
CA-2014-109897,8/12/2014,Ben Wallace,West,Technology,806.336,8,0.2,50.396
CA-2014-109897,8/12/2014,Ben Wallace,West,Furniture,85.44,3,0,31.6128
US-2014-143581,8/19/2014,Bill Shonely,South,Office Supplies,344.91,3,0,10.3473
CA-2015-129217,5/10/2015,Dennis Pardue,Central,Office Supplies,70.97,5,0.8,-191.619
CA-2015-129217,5/10/2015,Dennis Pardue,Central,Office Supplies,36.784,2,0.2,3.6784
CA-2016-133816,5/10/2016,Christopher Schild,East,Technology,743.988,2,0.4,-123.998
CA-2015-140221,3/5/2015,Maribeth Schnelling,Central,Office Supplies,11.212,2,0.8,-16.818
CA-2015-140221,3/5/2015,Maribeth Schnelling,Central,Furniture,4.712,2,0.6,-1.8848
CA-2015-140221,3/5/2015,Maribeth Schnelling,Central,Office Supplies,180.98,5,0.8,-470.548
CA-2015-140221,3/5/2015,Maribeth Schnelling,Central,Office Supplies,60.416,2,0.2,6.0416
CA-2017-152310,8/12/2017,Dana Kaydos,West,Technology,299.99,1,0,89.997
CA-2017-152310,8/12/2017,Dana Kaydos,West,Office Supplies,192.16,4,0,92.2368
CA-2017-152310,8/12/2017,Dana Kaydos,West,Technology,242.624,8,0.2,27.2952
CA-2017-152310,8/12/2017,Dana Kaydos,West,Office Supplies,46.74,3,0,11.685
CA-2017-152310,8/12/2017,Dana Kaydos,West,Technology,174.95,5,0,12.2465
CA-2017-152310,8/12/2017,Dana Kaydos,West,Office Supplies,100.704,6,0.2,37.764
CA-2016-118101,6/26/2016,Skye Norling,Central,Office Supplies,368.91,9,0,180.7659
CA-2016-118101,6/26/2016,Skye Norling,Central,Office Supplies,8.02,1,0,3.7694
CA-2016-118101,6/26/2016,Skye Norling,Central,Office Supplies,171.04,4,0,44.4704
CA-2016-100307,12/15/2016,Tony Chapman,South,Office Supplies,19.44,3,0,9.3312
CA-2015-138457,9/13/2015,Anne McFarland,South,Office Supplies,13.092,4,0.7,-10.0372
CA-2014-131800,12/30/2014,Astrea Jones,East,Office Supplies,122.94,3,0,30.735
CA-2014-131800,12/30/2014,Astrea Jones,East,Office Supplies,35.448,7,0.2,12.8499
CA-2014-118304,4/29/2014,Katherine Hughes,East,Technology,19.98,2,0,5.1948
CA-2017-121790,1/30/2017,Liz Preis,Central,Furniture,69.375,1,0.5,-47.175
CA-2017-121790,1/30/2017,Liz Preis,Central,Office Supplies,31.68,4,0.2,2.772
CA-2017-121790,1/30/2017,Liz Preis,Central,Technology,2003.168,4,0.2,250.396
CA-2017-121790,1/30/2017,Liz Preis,Central,Office Supplies,9.344,2,0.2,3.1536
CA-2016-169670,12/25/2016,Joe Elijah,East,Furniture,2563.056,8,0.1,313.2624
CA-2016-139549,10/20/2016,Muhammed Yedwab,West,Furniture,387.136,4,0.2,4.8392
CA-2015-104059,6/13/2015,Frank Carlisle,East,Office Supplies,3.424,1,0.2,0.2996
CA-2017-164112,6/30/2017,Neil Ducich,East,Office Supplies,1085.42,7,0,282.2092
CA-2015-143882,6/26/2015,Dennis Bolton,East,Office Supplies,43.056,9,0.2,15.6078
US-2016-139262,2/21/2016,Lindsay Castell,South,Office Supplies,3.762,3,0.7,-2.7588
US-2016-139262,2/21/2016,Lindsay Castell,South,Office Supplies,34.86,2,0.7,-26.726
US-2016-139262,2/21/2016,Lindsay Castell,South,Office Supplies,432.456,3,0.2,32.4342
CA-2017-146192,4/22/2017,Bruce Degenhardt,South,Office Supplies,675.06,3,0,87.7578
CA-2017-134810,5/9/2017,Matt Connell,South,Office Supplies,65.232,3,0.2,22.0158
CA-2017-134810,5/9/2017,Matt Connell,South,Furniture,207,3,0.2,25.875
CA-2015-154284,12/21/2015,Sam Zeldin,Central,Technology,600.53,2,0.3,137.264
CA-2015-154284,12/21/2015,Sam Zeldin,Central,Office Supplies,59.904,2,0.2,14.2272
CA-2015-154284,12/21/2015,Sam Zeldin,Central,Technology,637.44,8,0.2,135.456
CA-2015-154284,12/21/2015,Sam Zeldin,Central,Furniture,51.756,3,0.6,-33.6414
CA-2014-156244,8/12/2014,Duane Huffman,South,Office Supplies,31.104,6,0.2,10.8864
CA-2014-156244,8/12/2014,Duane Huffman,South,Office Supplies,47.96,5,0.2,4.1965
CA-2014-156244,8/12/2014,Duane Huffman,South,Technology,158.928,7,0.2,41.7186
CA-2014-156244,8/12/2014,Duane Huffman,South,Office Supplies,211.248,6,0.2,15.8436
CA-2014-156244,8/12/2014,Duane Huffman,South,Office Supplies,5.552,2,0.2,-1.041
CA-2014-156244,8/12/2014,Duane Huffman,South,Office Supplies,2.952,1,0.2,0.9963
CA-2015-106362,12/11/2015,Lena Creighton,East,Office Supplies,10.332,3,0.7,-7.5768
US-2017-168802,11/3/2017,Jack O'Briant,West,Office Supplies,18.368,4,0.2,5.9696
US-2017-146906,3/13/2017,Meg Tillman,East,Technology,299.9,2,0,74.975
CA-2016-166380,5/30/2016,Edward Becker,South,Office Supplies,26.55,9,0,12.744
CA-2016-166380,5/30/2016,Edward Becker,South,Technology,111.98,2,0,26.8752
US-2015-158911,7/5/2015,Roland Schwarz,South,Furniture,4.928,2,0.2,0.7392
US-2015-158911,7/5/2015,Roland Schwarz,South,Office Supplies,11.784,3,0.2,4.2717
US-2014-103338,3/11/2014,Richard Bierner,West,Office Supplies,7.98,3,0,2.0748
CA-2015-109169,4/20/2015,Olvera Toch,Central,Office Supplies,180.96,2,0,81.432
US-2017-167318,7/26/2017,George Zrebassa,West,Technology,1649.95,5,0,659.98
US-2017-167318,7/26/2017,George Zrebassa,West,Furniture,362.352,3,0.2,45.294
US-2014-120313,10/31/2014,Nancy Lomonaco,West,Technology,73.584,2,0.2,8.2782
CA-2017-135419,11/3/2017,Bruce Geld,West,Furniture,486.368,4,0.2,36.4776
CA-2016-128671,8/11/2016,Michelle Tran,Central,Office Supplies,32.4,5,0,15.552
CA-2016-128671,8/11/2016,Michelle Tran,Central,Office Supplies,41.86,7,0,19.2556
CA-2016-128671,8/11/2016,Michelle Tran,Central,Office Supplies,77.56,2,0,35.6776
CA-2016-149335,7/25/2016,Becky Castell,West,Office Supplies,37.17,9,0,11.151
CA-2014-168312,3/1/2014,Giulietta Weimer,Central,Office Supplies,137.352,3,0.2,8.5845
CA-2014-168312,3/1/2014,Giulietta Weimer,Central,Furniture,376.509,3,0.3,-43.0296
US-2017-105935,1/26/2017,Bradley Drucker,South,Furniture,62.72,4,0,24.4608
US-2017-105935,1/26/2017,Bradley Drucker,South,Technology,2939.93,7,0,764.3818
CA-2014-161508,7/12/2014,Paul Van Hugh,Central,Furniture,512.358,3,0.3,-14.6388
CA-2014-161508,7/12/2014,Paul Van Hugh,Central,Office Supplies,3.488,2,0.2,0.5668
CA-2014-161508,7/12/2014,Paul Van Hugh,Central,Office Supplies,22.288,7,0.2,3.9004
CA-2014-161508,7/12/2014,Paul Van Hugh,Central,Office Supplies,16.032,3,0.2,5.6112
CA-2017-130904,4/11/2017,Henry MacAllister,South,Office Supplies,1.752,1,0.2,0.1533
CA-2017-130904,4/11/2017,Henry MacAllister,South,Office Supplies,20.992,8,0.2,2.3616
CA-2017-133620,11/13/2017,Erin Mull,East,Office Supplies,11.21,1,0,3.363
CA-2015-142937,12/5/2015,Sandra Flanagan,Central,Office Supplies,45.04,2,0.2,4.504
US-2016-149790,9/26/2016,Shahid Collister,Central,Office Supplies,15.624,2,0.8,-24.9984
CA-2016-130778,11/19/2016,Natalie DeCherney,East,Office Supplies,8.74,2,0,2.2724
CA-2016-130778,11/19/2016,Natalie DeCherney,East,Office Supplies,44.75,5,0,20.585
CA-2017-144456,9/8/2017,Frank Carlisle,South,Office Supplies,61.68,5,0.2,5.397
CA-2017-144456,9/8/2017,Frank Carlisle,South,Technology,158.376,3,0.2,13.8579
CA-2017-103478,7/21/2017,Kelly Lampkin,Central,Office Supplies,2.864,4,0.8,-4.5824
CA-2017-103478,7/21/2017,Kelly Lampkin,Central,Office Supplies,94.192,7,0.8,-164.836
CA-2017-118577,10/6/2017,Xylona Preis,East,Office Supplies,143.7,3,0,68.976
CA-2017-118577,10/6/2017,Xylona Preis,East,Office Supplies,6.48,1,0,3.1104
CA-2017-113572,11/7/2017,Frank Preis,East,Technology,7.88,4,0,2.5216
CA-2016-153269,3/9/2016,Pamela Stobb,East,Office Supplies,11.21,1,0,3.363
CA-2016-153269,3/9/2016,Pamela Stobb,East,Furniture,354.9,5,0,88.725
CA-2016-153269,3/9/2016,Pamela Stobb,East,Office Supplies,17.94,3,0,8.7906
CA-2016-153269,3/9/2016,Pamela Stobb,East,Office Supplies,51.8,4,0,23.31
CA-2017-161655,5/13/2017,Carl Weiss,East,Office Supplies,299.52,9,0,149.76
CA-2016-101469,7/2/2016,Katherine Hughes,South,Office Supplies,7.7,2,0,3.157
CA-2014-153087,12/27/2014,Tamara Chand,South,Office Supplies,23.92,4,0,11.7208
CA-2014-153087,12/27/2014,Tamara Chand,South,Technology,498,5,0,184.26
CA-2017-135076,4/13/2017,Yana Sorensen,West,Furniture,436.704,6,0.2,-38.2116
CA-2014-161634,11/14/2014,Chris Cortes,South,Office Supplies,32.4,5,0,15.552
CA-2017-141481,6/11/2017,Zuschuss Donatelli,West,Office Supplies,61.44,3,0,16.5888
CA-2016-132549,11/25/2016,Jay Kimmel,South,Office Supplies,73.36,7,0,19.8072
US-2014-155544,3/21/2014,Gary McGarr,South,Office Supplies,59.2,5,0.2,22.2
US-2014-155544,3/21/2014,Gary McGarr,South,Furniture,32.952,3,0.2,6.5904
US-2014-155544,3/21/2014,Gary McGarr,South,Furniture,218.376,3,0.2,-10.9188
US-2015-115238,4/30/2015,Jane Waco,East,Furniture,31.4,5,0,13.188
US-2015-115238,4/30/2015,Jane Waco,East,Furniture,9.48,1,0,3.792
US-2015-115238,4/30/2015,Jane Waco,East,Technology,209.5,10,0,58.66
US-2015-115238,4/30/2015,Jane Waco,East,Furniture,24.3,5,0,10.449
US-2015-115238,4/30/2015,Jane Waco,East,Office Supplies,6.48,1,0,3.1104
CA-2017-132199,5/3/2017,Bill Overfelt,East,Furniture,32.448,2,0.2,7.3008
CA-2017-132199,5/3/2017,Bill Overfelt,East,Office Supplies,26.388,4,0.7,-17.592
CA-2017-132199,5/3/2017,Bill Overfelt,East,Furniture,373.47,5,0.4,-112.041
CA-2017-132199,5/3/2017,Bill Overfelt,East,Office Supplies,64.2,5,0.7,-44.94
CA-2017-132199,5/3/2017,Bill Overfelt,East,Office Supplies,8,2,0.2,2.8
CA-2016-163174,8/26/2016,Xylona Preis,South,Furniture,186.54,3,0,41.0388
CA-2014-110555,4/11/2014,Michelle Moray,West,Office Supplies,87.08,7,0,24.3824
CA-2014-110555,4/11/2014,Michelle Moray,West,Technology,105.584,2,0.2,9.2386
CA-2014-110555,4/11/2014,Michelle Moray,West,Technology,217.44,6,0,91.3248
CA-2017-147207,1/2/2017,Trudy Schmidt,Central,Office Supplies,31.744,2,0.2,3.968
CA-2017-147207,1/2/2017,Trudy Schmidt,Central,Office Supplies,5.432,2,0.8,-13.58
CA-2017-147207,1/2/2017,Trudy Schmidt,Central,Furniture,913.43,5,0.3,-169.637
CA-2017-147207,1/2/2017,Trudy Schmidt,Central,Office Supplies,372.144,3,0.2,27.9108
CA-2017-137631,4/28/2017,Janet Lee,South,Technology,751.984,2,0.2,84.5982
CA-2017-157273,1/30/2017,Sam Zeldin,West,Technology,604.768,4,0.2,60.4768
CA-2014-109918,9/7/2014,Lisa Ryan,West,Office Supplies,27.36,4,0,7.3872
CA-2014-109918,9/7/2014,Lisa Ryan,West,Office Supplies,20.56,2,0,9.6632
CA-2014-109918,9/7/2014,Lisa Ryan,West,Office Supplies,83.92,5,0.2,31.47
CA-2016-118745,6/11/2016,Seth Vernon,West,Furniture,902.712,3,0.2,33.8517
CA-2016-163972,10/17/2016,Michael Granlund,West,Furniture,120.666,2,0.15,21.294
CA-2014-165393,12/27/2014,Nathan Cano,Central,Office Supplies,4.984,1,0.8,-8.4728
CA-2016-113726,11/24/2016,Steve Carroll,West,Furniture,82.26,3,0,33.7266
CA-2016-152940,11/10/2016,Rose O'Brian,West,Office Supplies,29.74,1,0,4.461
CA-2015-158701,1/5/2015,James Lanier,West,Office Supplies,87.36,6,0,23.5872
CA-2015-158701,1/5/2015,James Lanier,West,Office Supplies,56.16,6,0.2,17.55
CA-2017-156272,3/21/2017,Pauline Webber,South,Office Supplies,64.384,1,0.2,8.048
CA-2015-162964,11/12/2015,Monica Federle,Central,Office Supplies,64.784,1,0.2,-14.5764
CA-2015-162964,11/12/2015,Monica Federle,Central,Office Supplies,15.552,3,0.2,5.6376
CA-2015-162964,11/12/2015,Monica Federle,Central,Office Supplies,223.888,7,0.2,69.965
CA-2014-103527,9/9/2014,Chris Cortes,Central,Office Supplies,10.896,3,0.2,3.405
CA-2016-134544,3/17/2016,Anna Chung,West,Technology,84.784,2,0.2,-20.1362
CA-2016-163048,2/8/2016,Mark Haberlin,Central,Furniture,241.5,4,0.3,0
CA-2016-145135,11/26/2016,Cynthia Delaney,East,Technology,59.97,3,0,14.9925
CA-2016-145135,11/26/2016,Cynthia Delaney,East,Office Supplies,13.36,2,0,6.4128
CA-2017-137582,9/4/2017,Cynthia Voltz,West,Office Supplies,11.808,3,0.2,4.1328
CA-2015-149601,5/28/2015,Trudy Brown,East,Office Supplies,16.24,1,0,2.436
CA-2015-149601,5/28/2015,Trudy Brown,East,Office Supplies,77.55,5,0,21.714
CA-2014-139423,11/1/2014,Deirdre Greer,East,Office Supplies,76.12,2,0,22.0748
CA-2016-102596,12/27/2016,Ross DeVincentis,East,Office Supplies,17.184,6,0.2,6.2292
CA-2017-153227,12/4/2017,Chris Selesnick,West,Office Supplies,11.76,2,0,5.7624
CA-2017-110625,12/23/2017,Julia Barnett,East,Furniture,27.46,2,0,9.8856
CA-2016-142594,12/1/2016,Eva Jacobs,East,Technology,137.94,3,0,35.8644
CA-2016-142594,12/1/2016,Eva Jacobs,East,Furniture,111.15,5,0,48.906
CA-2016-142594,12/1/2016,Eva Jacobs,East,Office Supplies,901.95,3,0,297.6435
CA-2016-142594,12/1/2016,Eva Jacobs,East,Furniture,366.009,3,0.3,-47.0583
CA-2014-152254,6/30/2014,Brian DeCherney,South,Office Supplies,310.688,7,0.2,108.7408
US-2014-120236,9/3/2014,Mathew Reese,Central,Office Supplies,7.68,5,0.8,-11.52
CA-2017-120061,11/2/2017,Sharelle Roach,East,Furniture,155.372,2,0.3,-35.5136
CA-2015-133837,4/13/2015,Thea Hendricks,West,Office Supplies,10.744,1,0.2,0.8058
CA-2015-110814,12/5/2015,Brian Derr,East,Office Supplies,232.4,5,0.2,78.435
CA-2015-110814,12/5/2015,Brian Derr,East,Furniture,164.646,3,0.1,12.8058
CA-2015-110814,12/5/2015,Brian Derr,East,Office Supplies,22.68,2,0,11.1132
CA-2016-154067,2/1/2016,Suzanne McNair,West,Office Supplies,105.52,4,0,48.5392
CA-2017-140480,7/8/2017,Harold Engle,East,Furniture,83.92,4,0,5.8744
CA-2017-140480,7/8/2017,Harold Engle,East,Technology,141.9,5,0,58.179
CA-2017-140480,7/8/2017,Harold Engle,East,Furniture,39.98,2,0,9.1954
CA-2017-140480,7/8/2017,Harold Engle,East,Office Supplies,28.91,7,0,8.673
CA-2017-140480,7/8/2017,Harold Engle,East,Office Supplies,174.95,5,0,45.487
CA-2015-134082,12/11/2015,Jim Kriz,West,Office Supplies,110.528,4,0.2,38.6848
CA-2016-130820,11/15/2016,Odella Nelson,South,Furniture,630.024,4,0.4,-199.5076
CA-2016-159765,5/9/2016,Thea Hendricks,South,Office Supplies,27.86,7,0,9.1938
CA-2017-132290,3/10/2017,Maribeth Dona,Central,Furniture,933.408,4,0.3,-173.3472
CA-2016-147109,12/17/2016,Adam Hart,Central,Office Supplies,51.84,10,0.2,18.144
CA-2016-147109,12/17/2016,Adam Hart,Central,Technology,165.6,3,0.2,-6.21
CA-2017-107265,4/6/2017,Max Ludwig,Central,Office Supplies,106.32,3,0,49.9704
CA-2017-118199,5/9/2017,Laurel Beltran,West,Office Supplies,147.92,5,0.2,46.225
CA-2017-118199,5/9/2017,Laurel Beltran,West,Office Supplies,104.28,3,0,26.07
CA-2017-118199,5/9/2017,Laurel Beltran,West,Furniture,286.85,1,0,63.107
CA-2017-118199,5/9/2017,Laurel Beltran,West,Office Supplies,66.96,4,0,2.6784
CA-2017-118199,5/9/2017,Laurel Beltran,West,Technology,199.98,2,0,87.9912
CA-2017-150091,10/12/2017,Nora Paige,East,Technology,45,3,0,4.95
CA-2017-150091,10/12/2017,Nora Paige,East,Office Supplies,17.9,5,0,8.771
CA-2017-150091,10/12/2017,Nora Paige,East,Furniture,40.48,2,0,17.4064
CA-2017-150091,10/12/2017,Nora Paige,East,Furniture,2154.9,5,0,129.294
CA-2016-137652,8/28/2016,Edward Becker,East,Office Supplies,18.432,8,0.7,-12.288
CA-2015-128356,10/2/2015,Resi Pölking,West,Office Supplies,10.944,2,0.2,0.9576
CA-2017-167017,11/23/2017,Dan Campbell,Central,Office Supplies,4.36,2,0,0.1744
US-2017-132220,11/12/2017,Don Jones,West,Technology,62.352,6,0.2,-10.9116
CA-2016-118129,12/19/2016,Clay Ludtke,East,Furniture,303.92,5,0.2,-30.392
US-2014-113124,3/30/2014,Nat Carroll,Central,Office Supplies,129.3,2,0,6.465
CA-2017-155621,11/8/2017,Kean Nguyen,East,Furniture,274.2,10,0,112.422
US-2014-127635,9/14/2014,Scott Cohen,Central,Office Supplies,6.048,4,0.2,-1.3608
US-2014-127635,9/14/2014,Scott Cohen,Central,Office Supplies,6.848,2,0.2,2.14
US-2014-127635,9/14/2014,Scott Cohen,Central,Furniture,9.96,5,0.6,-6.723
US-2014-127635,9/14/2014,Scott Cohen,Central,Office Supplies,8.552,2,0.8,-13.6832
CA-2015-151470,9/20/2015,Anne McFarland,West,Office Supplies,45.584,11,0.2,16.5242
CA-2015-112823,12/10/2015,Ryan Akin,East,Technology,25.488,2,0.2,4.4604
CA-2014-108861,5/28/2014,Magdelene Morse,West,Office Supplies,136.96,4,0.2,51.36
CA-2017-114370,3/14/2017,Brad Norvell,Central,Technology,49.616,2,0.2,4.9616
CA-2016-158302,12/8/2016,Julia Barnett,East,Office Supplies,10.584,3,0.2,3.4398
CA-2017-145779,5/6/2017,Doug Bickford,West,Office Supplies,84.416,4,0.2,27.4352
US-2016-155173,3/6/2016,Julia Barnett,East,Technology,431.94,2,0.4,-71.99
US-2016-155173,3/6/2016,Julia Barnett,East,Office Supplies,2.043,1,0.7,-1.4982
US-2016-155173,3/6/2016,Julia Barnett,East,Technology,68.238,3,0.4,-12.5103
CA-2017-125451,10/23/2017,Adam Hart,East,Furniture,240.744,4,0.3,-13.7568
CA-2017-125451,10/23/2017,Adam Hart,East,Furniture,35,4,0,14.7
CA-2017-125451,10/23/2017,Adam Hart,East,Furniture,210.68,2,0,50.5632
CA-2017-125451,10/23/2017,Adam Hart,East,Furniture,637.896,3,0.3,-127.5792
CA-2017-125451,10/23/2017,Adam Hart,East,Office Supplies,43.44,8,0,21.2856
CA-2017-125451,10/23/2017,Adam Hart,East,Office Supplies,2.22,1,0,0.666
CA-2014-131387,4/28/2014,Arianne Irving,West,Technology,1679.96,5,0.2,125.997
CA-2016-125087,4/18/2016,Thea Hudgings,Central,Furniture,344.372,4,0.3,-93.4724
CA-2016-125087,4/18/2016,Thea Hudgings,Central,Office Supplies,1554.936,3,0.2,77.7468
CA-2016-125087,4/18/2016,Thea Hudgings,Central,Furniture,127.88,5,0.6,-67.137
CA-2016-154081,5/22/2016,Jim Epp,West,Technology,222.384,2,0.2,22.2384
US-2017-118556,5/28/2017,Tiffany House,Central,Furniture,106.869,3,0.3,-29.0073
US-2017-118556,5/28/2017,Tiffany House,Central,Office Supplies,3.564,3,0.8,-6.237
CA-2014-126200,8/25/2014,Joe Elijah,Central,Office Supplies,25.68,3,0.8,-39.804
CA-2014-126200,8/25/2014,Joe Elijah,Central,Office Supplies,12.384,3,0.8,-19.8144
CA-2014-146500,8/30/2014,Annie Thurman,East,Office Supplies,25.3,5,0,11.891
CA-2014-146500,8/30/2014,Annie Thurman,East,Office Supplies,95.94,3,0,9.594
CA-2015-169537,9/3/2015,John Huston,Central,Office Supplies,7.5,2,0,3.6
CA-2014-100881,3/28/2014,Daniel Raglin,West,Technology,302.376,3,0.2,22.6782
CA-2015-144043,5/10/2015,Alan Barnes,West,Technology,46.688,4,0.2,-2.918
CA-2015-116512,4/9/2015,Mick Crebagga,East,Office Supplies,17.94,3,0,3.0498
CA-2015-101000,4/9/2015,Ivan Gibson,East,Office Supplies,370.14,3,0,144.3546
CA-2016-168557,9/19/2016,Frank Hawley,West,Office Supplies,8.928,2,0.2,3.1248
US-2016-164196,11/11/2016,Alejandro Savely,Central,Furniture,2678.94,6,0,241.1046
US-2017-132031,4/23/2017,Parhena Norris,South,Furniture,387.136,4,0.2,-14.5176
US-2017-132031,4/23/2017,Parhena Norris,South,Technology,45.408,2,0.2,11.9196
US-2017-132031,4/23/2017,Parhena Norris,South,Furniture,77.952,3,0.2,-11.6928
US-2017-132031,4/23/2017,Parhena Norris,South,Office Supplies,3,1,0.2,1.05
CA-2015-169733,10/22/2015,Gene McClure,South,Office Supplies,9.952,1,0.2,0.9952
CA-2017-169404,4/9/2017,Noah Childs,East,Office Supplies,37.896,4,0.7,-29.0536
CA-2017-169404,4/9/2017,Noah Childs,East,Office Supplies,65.584,2,0.2,23.7742
CA-2017-134880,10/27/2017,Tamara Willingham,West,Office Supplies,44.784,1,0.2,16.2342
CA-2015-145758,10/30/2015,Barry Französisch,East,Technology,1035.8,4,0,269.308
CA-2017-158736,12/18/2017,Tonja Turnell,West,Office Supplies,5.76,2,0,1.6704
US-2016-119270,3/12/2016,Scot Wooten,West,Office Supplies,19.98,2,0,8.991
CA-2014-109890,7/21/2014,Patrick Gardner,Central,Technology,35.98,2,0,10.0744
CA-2016-138583,5/24/2016,Dennis Pardue,East,Office Supplies,16.656,3,0.2,3.3312
US-2017-118535,2/11/2017,Don Jones,East,Office Supplies,20.7,2,0,9.936
CA-2016-126284,9/20/2016,Edward Nazzal,Central,Office Supplies,83.7,5,0,41.013
CA-2017-142391,9/24/2017,Philip Brown,West,Furniture,199.8,10,0,71.928
CA-2017-124716,3/27/2017,Brendan Dodson,West,Office Supplies,45.68,2,0,21.0128
CA-2017-124716,3/27/2017,Brendan Dodson,West,Office Supplies,110.96,2,0,53.2608
CA-2017-124716,3/27/2017,Brendan Dodson,West,Office Supplies,11.94,3,0,5.97
CA-2016-158841,2/2/2016,Sanjit Engle,South,Technology,8749.95,5,0,2799.984
CA-2016-158841,2/2/2016,Sanjit Engle,South,Office Supplies,36.4,8,0,18.2
CA-2016-158841,2/2/2016,Sanjit Engle,South,Furniture,18.69,7,0,7.1022
CA-2017-106824,7/7/2017,Annie Thurman,West,Office Supplies,5.94,3,0,0.1188
CA-2015-109190,10/23/2015,Craig Carroll,Central,Office Supplies,60.736,8,0.2,20.4984
CA-2015-109190,10/23/2015,Craig Carroll,Central,Technology,479.976,3,0.2,161.9919
CA-2015-109190,10/23/2015,Craig Carroll,Central,Office Supplies,6.08,1,0.8,-10.336
CA-2016-143154,12/2/2016,Alan Schoenberger,West,Technology,165.6,3,0.2,-6.21
CA-2014-169061,3/5/2014,Aimee Bixby,East,Office Supplies,59.52,3,0,15.4752
CA-2014-169061,3/5/2014,Aimee Bixby,East,Technology,479.97,3,0,177.5889
CA-2014-169061,3/5/2014,Aimee Bixby,East,Office Supplies,18.62,2,0,5.3998
CA-2014-169061,3/5/2014,Aimee Bixby,East,Office Supplies,49.632,6,0.2,16.7508
CA-2014-169061,3/5/2014,Aimee Bixby,East,Office Supplies,97.82,2,0,45.9754
CA-2015-102316,3/1/2015,Dave Hallsten,West,Technology,15.984,2,0.2,1.1988
CA-2015-102316,3/1/2015,Dave Hallsten,West,Furniture,184.752,3,0.2,-20.7846
CA-2014-164903,2/20/2014,Steven Roelle,West,Office Supplies,12.96,2,0,6.2208
CA-2016-109400,5/2/2016,Nick Radford,Central,Furniture,366.744,4,0.3,-110.0232
CA-2016-130400,3/8/2016,Sanjit Jacobs,Central,Office Supplies,8.856,9,0.8,-14.1696
CA-2016-130400,3/8/2016,Sanjit Jacobs,Central,Technology,27.96,5,0.2,8.388
CA-2016-130400,3/8/2016,Sanjit Jacobs,Central,Office Supplies,146.352,3,0.2,49.3938
CA-2015-135853,12/11/2015,Cynthia Arntzen,Central,Technology,175.23,11,0,61.3305
CA-2015-135853,12/11/2015,Cynthia Arntzen,Central,Technology,125.99,1,0,31.4975
CA-2015-135853,12/11/2015,Cynthia Arntzen,Central,Office Supplies,23,2,0,10.35
CA-2016-103359,12/22/2016,Lena Creighton,East,Office Supplies,25.584,2,0.2,8.9544
CA-2016-144645,2/2/2016,Noel Staavos,Central,Furniture,73.784,2,0.6,-77.4732
CA-2017-141614,6/5/2017,Noel Staavos,South,Office Supplies,20.736,4,0.2,7.2576
CA-2015-122168,8/21/2015,Henry Goldwyn,South,Office Supplies,17.52,3,0,8.2344
CA-2015-122168,8/21/2015,Henry Goldwyn,South,Office Supplies,35.76,12,0,10.0128
CA-2016-132899,4/7/2016,Sarah Foster,East,Office Supplies,3.64,2,0,0.9828
CA-2017-149720,6/4/2017,Erin Mull,Central,Furniture,30.336,6,0.6,-17.4432
CA-2017-118003,12/4/2017,Doug O'Connell,East,Furniture,12.99,1,0,1.5588
CA-2017-118003,12/4/2017,Doug O'Connell,East,Furniture,182.22,3,0,45.555
CA-2017-118003,12/4/2017,Doug O'Connell,East,Furniture,302.94,3,0,18.1764
CA-2016-141887,1/11/2016,Mark Packer,East,Furniture,54.992,14,0.2,8.9362
US-2016-160206,4/1/2016,Muhammed Yedwab,Central,Technology,12.99,1,0,0.2598
CA-2017-133074,9/21/2017,Doug Bickford,West,Office Supplies,55.86,7,0,27.93
CA-2017-161172,3/16/2017,Susan Pistek,East,Technology,44.376,2,0.4,-7.396
CA-2017-161172,3/16/2017,Susan Pistek,East,Furniture,51.264,6,0.2,7.6896
CA-2017-161172,3/16/2017,Susan Pistek,East,Office Supplies,5.193,3,0.7,-3.462
CA-2017-161172,3/16/2017,Susan Pistek,East,Technology,159.984,2,0.2,43.9956
CA-2017-161172,3/16/2017,Susan Pistek,East,Office Supplies,54.224,2,0.2,3.389
CA-2017-137624,11/10/2017,Maria Etezadi,West,Furniture,241.424,2,0.2,-36.2136
CA-2016-156748,11/30/2016,Bruce Stewart,Central,Office Supplies,33.36,4,0,16.68
CA-2016-156748,11/30/2016,Bruce Stewart,Central,Office Supplies,13.76,2,0,6.3296
CA-2016-156748,11/30/2016,Bruce Stewart,Central,Office Supplies,496.86,7,0,24.843
CA-2016-156748,11/30/2016,Bruce Stewart,Central,Furniture,389.97,3,0,35.0973
CA-2015-169677,1/13/2015,Karen Seio,South,Office Supplies,9.82,2,0,4.8118
US-2014-163146,5/16/2014,Cindy Chapman,West,Technology,56.4,3,0,3.384
CA-2015-157343,6/7/2015,Harold Dahlen,East,Office Supplies,18.312,4,0.7,-12.208
CA-2015-157343,6/7/2015,Harold Dahlen,East,Office Supplies,25.92,5,0.2,9.072
CA-2015-157343,6/7/2015,Harold Dahlen,East,Office Supplies,8.016,3,0.2,1.002
CA-2017-147354,3/9/2017,Karl Braun,West,Technology,479.984,2,0.2,59.998
CA-2017-147354,3/9/2017,Karl Braun,West,Office Supplies,30.84,5,0.2,9.6375
CA-2015-157287,12/22/2015,Harold Ryan,East,Office Supplies,33.568,2,0.2,1.6784
CA-2015-157287,12/22/2015,Harold Ryan,East,Furniture,422.625,7,0.3,0
CA-2014-137575,8/6/2014,Trudy Brown,East,Technology,199.98,2,0,83.9916
CA-2016-119074,3/27/2016,David Smith,South,Furniture,20.24,1,0,8.7032
CA-2016-119074,3/27/2016,David Smith,South,Furniture,39.92,4,0,11.1776
CA-2016-119074,3/27/2016,David Smith,South,Office Supplies,32.54,2,0,15.9446
CA-2015-149566,12/5/2015,George Bell,West,Technology,39,3,0,17.55
CA-2015-149566,12/5/2015,George Bell,West,Office Supplies,12.6,4,0,6.048
CA-2015-126186,9/11/2015,George Bell,West,Furniture,24.64,4,0.2,4.004
CA-2015-121132,7/17/2015,Victoria Brennan,Central,Office Supplies,6.264,3,0.2,2.0358
CA-2015-121132,7/17/2015,Victoria Brennan,Central,Office Supplies,14.432,4,0.2,3.4276
CA-2014-140473,5/30/2014,Mark Cousins,Central,Technology,719.976,3,0.2,134.9955
US-2017-102904,11/13/2017,Cassandra Brandow,South,Technology,239.92,8,0,23.992
CA-2016-102092,12/9/2016,Paul MacIntyre,South,Furniture,1056.86,7,0,158.529
CA-2015-117884,3/22/2015,Debra Catini,South,Technology,447.944,7,0.2,89.5888
CA-2015-117884,3/22/2015,Debra Catini,South,Office Supplies,150.408,9,0.2,-33.8418
CA-2016-132829,12/23/2016,Laura Armstrong,Central,Technology,453.576,3,0.2,39.6879
CA-2016-132829,12/23/2016,Laura Armstrong,Central,Office Supplies,45.36,9,0.2,14.742
CA-2016-132829,12/23/2016,Laura Armstrong,Central,Technology,287.88,3,0.2,35.985
CA-2016-132829,12/23/2016,Laura Armstrong,Central,Technology,131.88,3,0.2,14.8365
CA-2016-132829,12/23/2016,Laura Armstrong,Central,Furniture,2.328,2,0.6,-0.7566
CA-2016-123540,4/2/2016,Denny Joy,Central,Furniture,1454.9,5,0,378.274
US-2017-108315,4/30/2017,Mick Hernandez,South,Office Supplies,4.842,3,0.7,-3.5508
US-2017-108315,4/30/2017,Mick Hernandez,South,Furniture,220.704,6,0.2,-8.2764
CA-2016-134110,11/17/2016,Barry Gonzalez,Central,Technology,67.176,3,0.2,6.7176
CA-2016-134110,11/17/2016,Barry Gonzalez,Central,Office Supplies,15.232,4,0.2,5.5216
US-2016-136581,11/10/2016,Seth Vernon,East,Office Supplies,31.104,6,0.2,10.8864
CA-2016-162390,12/6/2016,Dave Poirier,East,Office Supplies,968.744,7,0.2,314.8418
CA-2016-162390,12/6/2016,Dave Poirier,East,Office Supplies,222.352,13,0.2,77.8232
CA-2016-162390,12/6/2016,Dave Poirier,East,Technology,479.984,2,0.2,89.997
CA-2016-162222,4/3/2016,Steven Roelle,Central,Office Supplies,10.272,3,0.2,3.21
CA-2014-121629,11/28/2014,Brian Thompson,Central,Technology,998.85,5,0.4,-199.77
CA-2015-164623,10/20/2015,Maxwell Schwartz,East,Office Supplies,24.56,2,0,11.5432
CA-2014-159849,9/19/2014,Jim Kriz,West,Office Supplies,5.67,3,0,0.1134
CA-2017-101273,8/27/2017,Shui Tom,South,Office Supplies,14.336,4,0.2,0.896
CA-2017-106747,7/3/2017,Tony Sayre,East,Furniture,102.3,1,0,26.598
CA-2017-146164,12/22/2017,Charlotte Melton,Central,Furniture,607.52,2,0,97.2032
CA-2017-146164,12/22/2017,Charlotte Melton,Central,Office Supplies,31.16,2,0,7.79
CA-2016-111605,12/27/2016,Joni Wasserman,South,Office Supplies,2.61,1,0,1.2006
CA-2014-130673,5/20/2014,Matt Collister,Central,Furniture,10.332,3,0.6,-5.9409
CA-2014-130673,5/20/2014,Matt Collister,Central,Office Supplies,10.368,2,0.2,3.6288
CA-2014-130673,5/20/2014,Matt Collister,Central,Technology,20.784,2,0.2,-3.6372
CA-2014-130673,5/20/2014,Matt Collister,Central,Office Supplies,66.96,5,0.2,-13.392
CA-2014-104808,2/4/2014,Mark Haberlin,West,Office Supplies,17.248,2,0.2,6.0368
US-2017-132927,12/9/2017,Roger Demir,East,Office Supplies,11.088,7,0.7,-8.1312
CA-2017-162015,7/11/2017,Karen Bern,West,Technology,1287.45,5,0,244.6155
CA-2017-162015,7/11/2017,Karen Bern,West,Office Supplies,168.1,5,0,43.706
CA-2015-138492,5/15/2015,Fred Chung,East,Office Supplies,51.968,2,0.2,-10.3936
CA-2017-145338,1/29/2017,Bryan Davis,East,Office Supplies,4.768,2,0.2,0.4768
CA-2017-126676,9/29/2017,Fred Hopkins,East,Office Supplies,7.98,3,0,3.9102
CA-2017-101700,4/23/2017,Sean O'Donnell,West,Office Supplies,18.688,2,0.2,7.008
CA-2017-101700,4/23/2017,Sean O'Donnell,West,Furniture,11.664,3,0.2,3.3534
CA-2017-159667,11/9/2017,Peter McVee,South,Technology,191.976,3,0.2,38.3952
CA-2017-159667,11/9/2017,Peter McVee,South,Technology,499.168,4,0.2,31.198
CA-2014-111934,5/5/2014,Giulietta Dortch,South,Office Supplies,11.88,2,0,5.346
CA-2014-111934,5/5/2014,Giulietta Dortch,South,Office Supplies,35.44,1,0,16.6568
US-2016-117387,10/27/2016,Pete Armstrong,West,Office Supplies,67.136,4,0.2,25.176
CA-2014-141110,11/26/2014,Luke Schmidt,West,Office Supplies,4.32,3,0.2,1.512
CA-2014-141110,11/26/2014,Luke Schmidt,West,Office Supplies,14.94,3,0,7.0218
CA-2014-141110,11/26/2014,Luke Schmidt,West,Office Supplies,40.54,2,0,11.3512
CA-2014-141110,11/26/2014,Luke Schmidt,West,Office Supplies,7.312,1,0.2,2.5592
US-2014-133949,12/31/2014,James Lanier,West,Technology,475.944,7,0.2,59.493
US-2016-116365,1/3/2016,Christine Abelman,Central,Technology,30.08,2,0.2,-5.264
US-2016-116365,1/3/2016,Christine Abelman,Central,Technology,165.6,3,0.2,-6.21
US-2016-116365,1/3/2016,Christine Abelman,Central,Technology,180.96,5,0.2,13.572
CA-2017-162936,8/18/2017,Charles McCrossin,East,Technology,23.18,2,0,7.6494
CA-2014-151946,6/4/2014,Bobby Trafton,East,Furniture,56.96,2,0,21.0752
CA-2014-151946,6/4/2014,Bobby Trafton,East,Office Supplies,15.56,4,0,4.0456
CA-2014-151946,6/4/2014,Bobby Trafton,East,Furniture,353.568,2,0.2,-44.196
CA-2014-151946,6/4/2014,Bobby Trafton,East,Furniture,13.96,2,0,6.7008
CA-2017-123624,11/13/2017,Sanjit Engle,West,Technology,82.95,5,0,29.0325
CA-2016-146437,1/28/2016,Henry Goldwyn,West,Office Supplies,39.68,2,0,10.3168
CA-2016-138233,11/9/2016,Philip Fox,West,Technology,479.97,3,0,177.5889
CA-2016-165918,9/10/2016,Bryan Davis,West,Office Supplies,7.38,2,0,3.4686
CA-2016-165918,9/10/2016,Bryan Davis,West,Office Supplies,14.256,3,0.2,4.455
CA-2016-165918,9/10/2016,Bryan Davis,West,Office Supplies,81.98,2,0,40.1702
CA-2016-165918,9/10/2016,Bryan Davis,West,Office Supplies,39.624,3,0.2,13.8684
CA-2017-117513,3/3/2017,Bill Tyler,West,Furniture,399.672,7,0.2,-14.9877
CA-2017-132437,9/8/2017,Eudokia Martin,East,Office Supplies,65.12,4,0,16.9312
US-2017-119319,11/6/2017,Liz Carlisle,Central,Furniture,30.56,5,0.6,-19.864
CA-2017-104318,5/13/2017,Frank Hawley,South,Office Supplies,20.768,2,0.2,2.3364
US-2016-114230,11/27/2016,Chris McAfee,West,Office Supplies,39.808,4,0.2,3.9808
CA-2015-136147,11/13/2015,Fred McMath,South,Office Supplies,121.104,6,0.7,-100.92
CA-2015-136147,11/13/2015,Fred McMath,South,Technology,111.96,5,0.2,-1.3995
CA-2015-156118,12/8/2015,Henry Goldwyn,West,Office Supplies,15.696,3,0.2,5.1012
CA-2015-164084,9/7/2015,Andy Gerbode,East,Office Supplies,70.26,3,0,18.9702
CA-2015-164084,9/7/2015,Andy Gerbode,East,Technology,90,5,0,16.2
CA-2015-164084,9/7/2015,Andy Gerbode,East,Office Supplies,6.096,2,0.2,2.0574
CA-2015-164084,9/7/2015,Andy Gerbode,East,Furniture,481.176,2,0.4,-120.294
CA-2015-164084,9/7/2015,Andy Gerbode,East,Office Supplies,7.24,4,0,2.3892
CA-2016-107783,7/28/2016,Olvera Toch,East,Furniture,177.45,5,0.5,-78.078
CA-2016-107783,7/28/2016,Olvera Toch,East,Office Supplies,1369.764,6,0.7,-913.176
CA-2016-107783,7/28/2016,Olvera Toch,East,Office Supplies,9.48,3,0.2,0.711
CA-2017-159793,8/25/2017,Seth Vernon,East,Furniture,130.98,2,0.5,-89.0664
CA-2014-160094,4/30/2014,Justin MacKendrick,South,Office Supplies,174.95,5,0,45.487
CA-2014-160094,4/30/2014,Justin MacKendrick,South,Office Supplies,826,5,0,214.76
CA-2017-151281,4/27/2017,Henry MacAllister,West,Furniture,139.58,7,0,39.0824
CA-2017-118346,7/23/2017,Philisse Overcash,Central,Technology,399.95,5,0,143.982
CA-2014-129819,12/13/2014,Kimberly Carter,South,Office Supplies,12.39,3,0,5.8233
US-2017-148551,1/12/2017,David Bremer,Central,Office Supplies,760.98,5,0.8,-1141.47
CA-2017-147767,12/2/2017,Susan Vittorini,West,Office Supplies,67.86,6,0.7,-45.24
CA-2015-108259,11/8/2015,Noel Staavos,South,Office Supplies,31.504,11,0.2,11.814
CA-2015-108259,11/8/2015,Noel Staavos,South,Office Supplies,5.04,1,0.2,1.638
CA-2015-108259,11/8/2015,Noel Staavos,South,Office Supplies,39.879,7,0.7,-29.2446
CA-2015-108259,11/8/2015,Noel Staavos,South,Furniture,4.712,1,0.2,1.4136
CA-2016-113341,11/25/2016,Mark Hamilton,West,Furniture,194.352,3,0.2,19.4352
US-2015-131842,12/5/2015,Rick Reed,South,Furniture,97.424,2,0.2,10.9602
CA-2016-164574,7/29/2016,Ritsa Hightower,South,Office Supplies,704.76,5,0.2,26.4285
CA-2016-164574,7/29/2016,Ritsa Hightower,South,Office Supplies,27.396,3,0.7,-20.0904
CA-2014-142769,9/13/2014,Resi Pölking,West,Office Supplies,5.7,5,0,2.679
CA-2014-142769,9/13/2014,Resi Pölking,West,Furniture,14.19,3,0,5.5341
CA-2014-142769,9/13/2014,Resi Pölking,West,Office Supplies,7.3,2,0,2.19
CA-2014-142769,9/13/2014,Resi Pölking,West,Technology,199.98,2,0,75.9924
CA-2014-142769,9/13/2014,Resi Pölking,West,Technology,144.96,4,0,60.8832
CA-2014-142769,9/13/2014,Resi Pölking,West,Technology,118,2,0,20.06
CA-2014-142769,9/13/2014,Resi Pölking,West,Office Supplies,48.94,1,0,24.47
CA-2014-142769,9/13/2014,Resi Pölking,West,Office Supplies,22.66,2,0,9.7438
CA-2016-168361,6/21/2016,Ken Brennan,Central,Office Supplies,0.836,1,0.8,-1.3376
CA-2016-153185,9/3/2016,Matt Hagelstein,East,Office Supplies,30.96,6,0.2,11.223
CA-2017-124765,11/25/2017,Henia Zydlo,South,Furniture,723.92,5,0.2,-81.441
CA-2015-131856,5/12/2015,James Galang,Central,Furniture,21.968,4,0.6,-15.9268
CA-2015-131856,5/12/2015,James Galang,Central,Technology,619.152,6,0.2,69.6546
CA-2015-131856,5/12/2015,James Galang,Central,Office Supplies,127.904,7,0.2,41.5688
CA-2017-126634,3/30/2017,Alan Barnes,West,Furniture,94.2,5,0,39.564
CA-2016-118500,11/17/2016,Heather Jas,West,Office Supplies,49.5,5,0,13.365
CA-2016-163951,12/30/2016,Carl Jackson,East,Office Supplies,16.52,5,0.2,1.652
CA-2016-149916,12/22/2016,Emily Ducich,West,Office Supplies,55.36,4,0.2,19.376
CA-2016-149916,12/22/2016,Emily Ducich,West,Technology,11.56,1,0.2,3.757
CA-2015-158918,12/20/2015,Arianne Irving,West,Office Supplies,17.12,4,0,7.704
US-2014-159611,12/27/2014,Karl Braun,East,Furniture,182.352,3,0.2,-18.2352
US-2014-159611,12/27/2014,Karl Braun,East,Office Supplies,118.16,2,0.2,-25.109
CA-2017-163265,2/16/2017,Joy Smith,Central,Office Supplies,18.368,2,0.2,6.1992
CA-2017-163265,2/16/2017,Joy Smith,Central,Furniture,600.558,3,0.3,-8.5794
CA-2017-163265,2/16/2017,Joy Smith,Central,Office Supplies,50.352,3,0.2,-8.1822
CA-2017-163265,2/16/2017,Joy Smith,Central,Office Supplies,28.032,6,0.2,3.504
CA-2017-163265,2/16/2017,Joy Smith,Central,Furniture,7.692,1,0.6,-3.6537
CA-2017-141705,10/24/2017,Patrick O'Brill,Central,Furniture,517.405,5,0.3,-81.3065
CA-2016-112739,9/2/2016,Ross DeVincentis,Central,Office Supplies,8.608,8,0.8,-13.3424
CA-2016-112739,9/2/2016,Ross DeVincentis,Central,Technology,159.56,5,0.2,33.9065
CA-2016-143805,12/1/2016,Jonathan Doherty,South,Office Supplies,2104.55,7,0,694.5015
CA-2016-143805,12/1/2016,Jonathan Doherty,South,Office Supplies,40.7,5,0,11.803
CA-2014-133634,11/5/2014,Steven Roelle,South,Technology,47.79,3,0,16.2486
CA-2017-101665,11/25/2017,Tracy Zic,West,Office Supplies,5.16,2,0,1.3416
CA-2016-155446,12/16/2016,Tanja Norvell,West,Technology,21.21,7,0,4.4541
CA-2017-137323,11/14/2017,Pauline Webber,East,Office Supplies,96.36,6,0,25.0536
CA-2016-144015,6/26/2016,Adam Hart,West,Office Supplies,231.72,2,0,11.586
CA-2016-144015,6/26/2016,Adam Hart,West,Office Supplies,17.9,5,0,8.95
CA-2016-144015,6/26/2016,Adam Hart,West,Office Supplies,12.48,2,0,5.616
CA-2014-101427,12/26/2014,Andy Yotov,East,Office Supplies,8.016,3,0.2,1.1022
CA-2016-136770,8/14/2016,Stephanie Phelps,East,Technology,259.896,2,0.4,-56.3108
CA-2016-136770,8/14/2016,Stephanie Phelps,East,Technology,247.188,2,0.4,-49.4376
CA-2016-136770,8/14/2016,Stephanie Phelps,East,Technology,279.96,5,0.2,48.993
CA-2016-118311,10/24/2016,Emily Ducich,West,Technology,450,5,0,162
US-2014-112795,8/23/2014,Corey Roper,Central,Office Supplies,19.44,3,0,9.5256
CA-2017-127096,9/15/2017,Christopher Schild,West,Furniture,300.904,1,0.2,11.2839
CA-2017-119284,6/15/2017,Thomas Seio,South,Technology,239.976,3,0.2,26.9973
CA-2017-119284,6/15/2017,Thomas Seio,South,Furniture,31.168,4,0.2,9.3504
CA-2017-119284,6/15/2017,Thomas Seio,South,Furniture,120.96,2,0.4,-28.224
CA-2017-119284,6/15/2017,Thomas Seio,South,Technology,2239.936,8,0.2,223.9936
CA-2017-119284,6/15/2017,Thomas Seio,South,Office Supplies,76.608,8,0.2,6.7032
CA-2017-119284,6/15/2017,Thomas Seio,South,Office Supplies,142.776,1,0.2,17.847
CA-2017-119284,6/15/2017,Thomas Seio,South,Office Supplies,91.36,5,0.2,29.692
CA-2015-133494,3/1/2015,Resi Pölking,East,Office Supplies,3.552,2,0.2,0.444
CA-2016-111318,7/23/2016,Ivan Liston,Central,Technology,115.136,8,0.2,11.5136
US-2014-132745,10/1/2014,Neil Französisch,West,Office Supplies,4.71,1,0,0
CA-2014-146815,9/8/2014,Paul Prost,East,Furniture,172.764,2,0.1,13.4372
CA-2014-146815,9/8/2014,Paul Prost,East,Office Supplies,3.52,2,0,1.6896
CA-2014-119144,11/16/2014,Justin Deggeller,West,Technology,79.968,4,0.2,-17.9928
CA-2014-119144,11/16/2014,Justin Deggeller,West,Furniture,305.9745,3,0.15,25.1979
CA-2014-119144,11/16/2014,Justin Deggeller,West,Office Supplies,344.91,3,0,10.3473
CA-2014-105648,3/3/2014,Eva Jacobs,West,Furniture,626.352,3,0.2,-23.4882
US-2015-145422,12/3/2015,Pierre Wener,West,Furniture,359.499,3,0.15,-29.6058
CA-2017-136623,7/11/2017,Tom Stivers,West,Technology,71.952,6,0.2,5.3964
CA-2017-136623,7/11/2017,Tom Stivers,West,Office Supplies,29.8,5,0.2,9.3125
CA-2017-121678,11/16/2017,Brian Moss,East,Office Supplies,1.824,1,0.7,-1.3984
CA-2016-120824,6/12/2016,Arthur Wiediger,Central,Office Supplies,64.384,4,0.8,-160.96
CA-2016-120824,6/12/2016,Arthur Wiediger,Central,Furniture,6.984,2,0.6,-4.5396
CA-2016-120824,6/12/2016,Arthur Wiediger,Central,Office Supplies,11.264,8,0.2,3.9424
CA-2016-120824,6/12/2016,Arthur Wiediger,Central,Office Supplies,15.552,3,0.2,5.6376
CA-2016-120824,6/12/2016,Arthur Wiediger,Central,Furniture,379.372,2,0.3,-119.2312
CA-2016-120824,6/12/2016,Arthur Wiediger,Central,Office Supplies,67.536,9,0.2,6.7536
CA-2016-120824,6/12/2016,Arthur Wiediger,Central,Office Supplies,1.524,2,0.8,-2.667
US-2016-135209,12/29/2016,Marc Harrigan,South,Office Supplies,37.408,7,0.2,13.0928
US-2016-135209,12/29/2016,Marc Harrigan,South,Office Supplies,25.344,6,0.2,8.8704
CA-2017-148145,3/18/2017,Scott Williamson,West,Office Supplies,46.2,4,0,21.252
CA-2015-103870,12/27/2015,Sung Pak,South,Technology,4.728,3,0.2,0.7092
CA-2015-103870,12/27/2015,Sung Pak,South,Furniture,53.352,3,0.2,16.0056
CA-2015-103870,12/27/2015,Sung Pak,South,Furniture,131.104,2,0.2,8.194
CA-2015-103870,12/27/2015,Sung Pak,South,Office Supplies,22.512,3,0.2,2.2512
CA-2015-103870,12/27/2015,Sung Pak,South,Technology,72.744,7,0.2,-12.7302
CA-2015-111017,7/31/2015,Steve Chapman,Central,Office Supplies,52.59,3,0,15.777
CA-2017-116988,6/27/2017,Pauline Webber,West,Office Supplies,19.44,3,0,9.3312
CA-2017-116988,6/27/2017,Pauline Webber,West,Furniture,126.3,3,0,40.416
CA-2017-116988,6/27/2017,Pauline Webber,West,Technology,1287.45,5,0,244.6155
US-2014-169390,2/7/2014,Chris Selesnick,East,Office Supplies,64.96,4,0,9.744
CA-2016-168774,9/4/2016,Roy Phan,Central,Office Supplies,535.41,3,0,160.623
CA-2017-161592,4/6/2017,Charles Sheldon,South,Office Supplies,8.1,5,0.7,-5.94
US-2017-131961,12/8/2017,Max Jones,East,Office Supplies,13.248,4,0.2,3.6432
US-2017-131961,12/8/2017,Max Jones,East,Technology,83.988,2,0.4,-20.997
CA-2016-102498,7/24/2016,James Galang,South,Office Supplies,73.2,5,0,21.228
CA-2015-113222,11/9/2015,Anthony Garverick,Central,Office Supplies,10.74,3,0,5.1552
US-2015-144771,10/2/2015,Chloris Kastensmidt,West,Furniture,11.032,1,0.2,3.0338
US-2015-144771,10/2/2015,Chloris Kastensmidt,West,Technology,53.04,3,0.2,-4.641
CA-2015-162376,11/22/2015,Harold Dahlen,East,Office Supplies,17.12,4,0,4.9648
CA-2015-162376,11/22/2015,Harold Dahlen,East,Office Supplies,59.94,3,0,28.1718
CA-2017-128076,2/2/2017,Bill Overfelt,West,Furniture,210.58,2,0,12.6348
CA-2017-128076,2/2/2017,Bill Overfelt,West,Office Supplies,30.96,2,0.2,10.062
CA-2017-128076,2/2/2017,Bill Overfelt,West,Technology,239.984,2,0.2,38.9974
US-2015-163825,6/16/2015,Lena Creighton,East,Office Supplies,3050.376,3,0.2,1143.891
US-2015-163825,6/16/2015,Lena Creighton,East,Technology,133.98,2,0,33.495
CA-2016-105662,5/5/2016,Rick Bensley,South,Office Supplies,93.248,4,0.2,31.4712
CA-2016-105662,5/5/2016,Rick Bensley,South,Technology,177.48,3,0.2,19.9665
CA-2017-152198,9/9/2017,Joy Daniels,East,Office Supplies,17.712,6,0.2,5.9778
CA-2017-152198,9/9/2017,Joy Daniels,East,Office Supplies,4.86,3,0.7,-3.564
CA-2017-152198,9/9/2017,Joy Daniels,East,Office Supplies,6.258,2,0.7,-5.215
CA-2016-114307,7/22/2016,Maureen Fritzler,East,Office Supplies,37.68,2,0,10.5504
CA-2016-114307,7/22/2016,Maureen Fritzler,East,Office Supplies,51.84,8,0,24.8832
CA-2016-114307,7/22/2016,Maureen Fritzler,East,Furniture,27.42,3,0,9.3228
CA-2016-114307,7/22/2016,Maureen Fritzler,East,Office Supplies,5.4,3,0,2.592
CA-2016-159891,1/31/2016,Ben Ferrer,South,Office Supplies,1270.99,1,0,635.495
CA-2016-159891,1/31/2016,Ben Ferrer,South,Office Supplies,125.36,8,0,58.9192
CA-2016-112578,12/29/2016,Frank Olsen,West,Office Supplies,14.03,1,0,4.0687
CA-2016-112578,12/29/2016,Frank Olsen,West,Office Supplies,27.96,2,0,7.2696
CA-2015-107083,11/21/2015,Brenda Bowman,Central,Office Supplies,5.344,2,0.2,0.7348
CA-2015-107083,11/21/2015,Brenda Bowman,Central,Office Supplies,1.696,2,0.8,-2.544
CA-2015-107083,11/21/2015,Brenda Bowman,Central,Office Supplies,24.588,3,0.8,-67.617
CA-2015-107083,11/21/2015,Brenda Bowman,Central,Office Supplies,7.98,5,0.8,-13.167
CA-2015-151722,10/5/2015,Ivan Liston,East,Technology,288,4,0.2,57.6
CA-2016-151148,9/12/2016,Philisse Overcash,West,Technology,146.952,3,0.2,9.1845
CA-2016-151148,9/12/2016,Philisse Overcash,West,Furniture,83.136,4,0.2,5.196
CA-2017-115882,9/14/2017,Dorothy Badders,South,Office Supplies,942.784,4,0.2,94.2784
CA-2017-115882,9/14/2017,Dorothy Badders,South,Office Supplies,74.352,3,0.2,23.235
CA-2015-132276,2/23/2015,Lindsay Castell,East,Office Supplies,26.88,6,0,6.72
CA-2015-132276,2/23/2015,Lindsay Castell,East,Office Supplies,10.896,2,0.2,3.8136
CA-2016-163636,12/5/2016,Mike Pelletier,Central,Office Supplies,3.536,2,0.2,0.3094
CA-2016-102813,7/2/2016,Erin Ashbrook,Central,Furniture,528.43,5,0.3,0
CA-2016-102813,7/2/2016,Erin Ashbrook,Central,Office Supplies,41.472,8,0.2,14.5152
CA-2017-135377,12/13/2017,Bart Pistole,East,Furniture,287.976,3,0.2,7.1994
CA-2015-165813,3/20/2015,Bryan Mills,West,Office Supplies,29.304,3,0.2,2.5641
CA-2015-133585,3/1/2015,Craig Molinari,Central,Office Supplies,55.328,2,0.2,6.2244
CA-2015-133585,3/1/2015,Craig Molinari,Central,Furniture,1227.9984,6,0.32,-36.1176
CA-2016-116911,9/15/2016,Justin Deggeller,West,Office Supplies,20.416,4,0.2,6.6352
CA-2016-116911,9/15/2016,Justin Deggeller,West,Furniture,1128.39,3,0,259.5297
US-2017-129224,3/17/2017,Ann Steele,South,Office Supplies,4.608,2,0.2,1.6704
CA-2017-145765,5/28/2017,Candace McMahon,West,Technology,195.96,5,0.2,19.596
CA-2017-145765,5/28/2017,Candace McMahon,West,Office Supplies,15.552,3,0.2,5.4432
CA-2017-145765,5/28/2017,Candace McMahon,West,Technology,271.968,4,0.2,54.3936
CA-2017-126914,6/15/2017,Joe Elijah,South,Furniture,698.352,3,0.2,52.3764
CA-2017-126914,6/15/2017,Joe Elijah,South,Furniture,77.728,2,0.2,-3.8864
CA-2015-169572,9/6/2015,Andy Gerbode,South,Office Supplies,46.62,9,0,21.4452
CA-2017-162075,3/18/2017,Thomas Thornton,Central,Technology,537.544,7,0.2,47.0351
CA-2014-162992,12/19/2014,Bart Pistole,West,Office Supplies,14.62,2,0,6.8714
CA-2014-162992,12/19/2014,Bart Pistole,West,Office Supplies,22.55,5,0,8.7945
CA-2014-162992,12/19/2014,Bart Pistole,West,Technology,583.8,5,0.2,72.975
CA-2014-162992,12/19/2014,Bart Pistole,West,Technology,211.168,4,0.2,15.8376
CA-2016-106397,7/7/2016,Max Jones,West,Office Supplies,12.96,2,0,6.2208
CA-2016-106397,7/7/2016,Max Jones,West,Office Supplies,45.98,2,0,12.8744
US-2016-150140,4/6/2016,Valerie Mitchum,East,Technology,1294.75,5,0,336.635
CA-2014-116666,5/8/2014,Kean Thornton,East,Technology,1799.97,5,0.4,239.996
CA-2017-148992,11/23/2017,Chris Selesnick,Central,Office Supplies,10.688,2,0.2,3.7408
CA-2016-140935,11/10/2016,Aaron Bergman,Central,Technology,221.98,2,0,62.1544
CA-2016-140935,11/10/2016,Aaron Bergman,Central,Furniture,341.96,2,0,54.7136
CA-2014-157644,12/31/2014,Aaron Hawkins,East,Technology,34.77,3,0,11.4741
CA-2014-157644,12/31/2014,Aaron Hawkins,East,Office Supplies,18.9,3,0,8.694
US-2017-100398,8/19/2017,Denny Ordway,West,Office Supplies,102.72,3,0.2,37.236
CA-2016-113082,9/12/2016,Matt Collister,East,Furniture,40.48,2,0,14.5728
US-2017-110646,10/26/2017,Jamie Frazer,East,Office Supplies,33.282,3,0.7,-27.735
US-2017-110646,10/26/2017,Jamie Frazer,East,Technology,118.65,5,0.4,19.775
US-2017-110646,10/26/2017,Jamie Frazer,East,Office Supplies,14.76,5,0.2,4.9815
CA-2017-120614,5/30/2017,Suzanne McNair,West,Office Supplies,37.52,4,0,18.0096
US-2016-140172,3/8/2016,Stephanie Phelps,Central,Office Supplies,207.144,3,0.1,48.3336
US-2016-140172,3/8/2016,Stephanie Phelps,Central,Office Supplies,13.9,5,0,3.753
CA-2015-127754,7/26/2015,Cyma Kinney,West,Furniture,266.352,3,0.2,13.3176
CA-2015-144274,11/23/2015,Pierre Wener,East,Technology,307.98,2,0,89.3142
CA-2015-144274,11/23/2015,Pierre Wener,East,Office Supplies,44.1,6,0,20.727
CA-2015-144274,11/23/2015,Pierre Wener,East,Office Supplies,13.12,4,0,5.6416
CA-2015-144274,11/23/2015,Pierre Wener,East,Office Supplies,16.56,2,0,7.7832
CA-2015-144274,11/23/2015,Pierre Wener,East,Office Supplies,38.88,6,0,18.6624
CA-2015-142930,11/28/2015,Evan Bailliet,Central,Office Supplies,335.52,4,0.2,117.432
CA-2017-100622,11/3/2017,Dave Kipp,South,Technology,959.984,2,0.2,311.9948
CA-2017-100622,11/3/2017,Dave Kipp,South,Office Supplies,4.086,2,0.7,-2.9964
CA-2017-100622,11/3/2017,Dave Kipp,South,Office Supplies,55.984,2,0.2,4.1988
CA-2017-100622,11/3/2017,Dave Kipp,South,Office Supplies,10.688,2,0.2,3.7408
CA-2017-117156,3/21/2017,Ted Butterfield,East,Office Supplies,8.856,3,0.2,2.8782
CA-2015-115399,12/19/2015,Arthur Gainer,East,Office Supplies,6.912,3,0.2,2.5056
US-2014-157847,4/2/2014,Sam Craven,Central,Office Supplies,26.72,5,0.2,9.352
US-2014-157847,4/2/2014,Sam Craven,Central,Office Supplies,33.488,7,0.2,10.465
CA-2015-115168,6/5/2015,Brenda Bowman,Central,Office Supplies,10.56,2,0,4.752
CA-2014-109680,10/6/2014,Victoria Pisteka,Central,Office Supplies,386.34,2,0,54.0876
CA-2016-167983,8/21/2016,Rachel Payne,West,Office Supplies,33.44,10,0.2,11.704
CA-2015-145324,11/15/2015,Duane Huffman,South,Furniture,39.96,2,0,14.3856
CA-2015-153423,6/22/2015,Shaun Weien,East,Office Supplies,1217.568,2,0.2,456.588
US-2017-132675,9/24/2017,Karen Ferguson,South,Office Supplies,15.51,1,0,3.8775
US-2017-132675,9/24/2017,Karen Ferguson,South,Technology,89.9,2,0,25.172
US-2017-132675,9/24/2017,Karen Ferguson,South,Office Supplies,14.28,4,0,3.7128
US-2017-132675,9/24/2017,Karen Ferguson,South,Office Supplies,12.72,3,0,4.9608
US-2017-132675,9/24/2017,Karen Ferguson,South,Office Supplies,15.75,5,0,7.56
CA-2014-153808,4/6/2014,Frank Hawley,West,Office Supplies,70.95,3,0,18.447
CA-2014-153808,4/6/2014,Frank Hawley,West,Office Supplies,65.568,2,0.2,23.7684
CA-2014-153808,4/6/2014,Frank Hawley,West,Technology,299.97,3,0,131.9868
US-2016-112396,2/9/2016,Justin Ritter,West,Technology,89.97,3,0,39.5868
US-2016-112396,2/9/2016,Justin Ritter,West,Technology,31.86,2,0,11.151
CA-2014-141173,11/18/2014,Julie Creighton,Central,Office Supplies,67.15,5,0,16.7875
CA-2017-156664,12/18/2017,Beth Paige,East,Office Supplies,7.236,3,0.7,-6.03
CA-2017-156664,12/18/2017,Beth Paige,East,Office Supplies,4.824,3,0.2,1.7487
CA-2017-156664,12/18/2017,Beth Paige,East,Office Supplies,91.36,5,0.2,29.692
CA-2017-156664,12/18/2017,Beth Paige,East,Office Supplies,130.112,2,0.2,13.0112
CA-2015-140718,7/2/2015,Frank Atkinson,South,Technology,74.24,1,0.2,8.352
CA-2015-140718,7/2/2015,Frank Atkinson,South,Furniture,159.84,10,0.2,45.954
CA-2015-140718,7/2/2015,Frank Atkinson,South,Office Supplies,2.892,2,0.7,-2.3136
CA-2015-140718,7/2/2015,Frank Atkinson,South,Office Supplies,9.392,2,0.2,3.2872
CA-2014-119977,10/8/2014,Duane Noonan,East,Office Supplies,123.92,4,0,55.764
US-2015-115343,9/22/2015,Frank Olsen,East,Office Supplies,55.6,5,0.2,6.255
US-2015-115343,9/22/2015,Frank Olsen,East,Technology,617.976,3,0.2,-7.7247
CA-2017-163671,12/24/2017,Dave Poirier,West,Office Supplies,21.312,3,0.2,7.992
CA-2017-135909,10/13/2017,Jane Waco,West,Technology,209.94,6,0,39.8886
CA-2017-135909,10/13/2017,Jane Waco,West,Technology,31.984,2,0.2,-7.996
CA-2017-135909,10/13/2017,Jane Waco,West,Office Supplies,5083.96,5,0.2,1906.485
US-2017-114356,8/20/2017,Tonja Turnell,South,Technology,35.96,1,0.2,3.596
CA-2015-125934,9/11/2015,Skye Norling,East,Office Supplies,31.05,3,0,14.904
CA-2015-125934,9/11/2015,Skye Norling,East,Furniture,8.92,4,0,3.9248
CA-2015-125934,9/11/2015,Skye Norling,East,Office Supplies,209.6,4,0,96.416
CA-2015-125934,9/11/2015,Skye Norling,East,Office Supplies,111.04,4,0,29.9808
CA-2015-125934,9/11/2015,Skye Norling,East,Office Supplies,38.88,6,0,18.6624
CA-2015-158148,12/20/2015,John Murray,South,Office Supplies,36.27,3,0,10.881
CA-2014-120411,9/20/2014,Sarah Brown,Central,Furniture,493.43,5,0.3,-70.49
CA-2014-120411,9/20/2014,Sarah Brown,Central,Technology,11.12,2,0.2,3.475
CA-2016-158260,11/4/2016,Cindy Chapman,West,Technology,686.4,2,0.2,77.22
CA-2017-101805,12/1/2017,Sally Hughsby,West,Office Supplies,15.92,5,0.2,5.373
CA-2017-101805,12/1/2017,Sally Hughsby,West,Furniture,70.68,12,0,31.0992
CA-2017-101805,12/1/2017,Sally Hughsby,West,Office Supplies,541.24,4,0,5.4124
US-2014-105137,10/10/2014,Richard Bierner,East,Technology,101.994,2,0.7,-71.3958
US-2014-105137,10/10/2014,Richard Bierner,East,Office Supplies,18.264,2,0.7,-13.3936
CA-2017-142489,11/14/2017,Toby Carlisle,Central,Office Supplies,21.99,5,0.8,-32.985
US-2016-141264,8/13/2016,Carol Triggs,Central,Office Supplies,185.376,2,0.2,-34.758
US-2016-141264,8/13/2016,Carol Triggs,Central,Office Supplies,58.924,1,0.8,-153.2024
CA-2017-126928,9/17/2017,Gary Zandusky,East,Technology,480,4,0,225.6
CA-2017-126928,9/17/2017,Gary Zandusky,East,Office Supplies,34.05,3,0,9.534
US-2015-107944,3/23/2015,Alice McCarthy,West,Office Supplies,192.72,11,0,92.5056
US-2015-107944,3/23/2015,Alice McCarthy,West,Technology,239.97,3,0,86.3892
CA-2016-135594,6/30/2016,Adrian Hane,Central,Technology,50.12,7,0.2,-0.6265
US-2017-115252,10/20/2017,Muhammed Yedwab,South,Technology,15.984,2,0.2,1.3986
US-2017-115252,10/20/2017,Muhammed Yedwab,South,Office Supplies,14.352,3,0.2,4.485
CA-2014-107398,8/25/2014,Brendan Sweed,East,Office Supplies,6.528,4,0.7,-4.5696
CA-2014-107398,8/25/2014,Brendan Sweed,East,Office Supplies,2.862,3,0.7,-2.2896
CA-2014-107398,8/25/2014,Brendan Sweed,East,Office Supplies,20.856,8,0.7,-16.6848
CA-2014-169642,7/27/2014,Barry Blumstein,West,Office Supplies,276.28,2,0,0
CA-2017-103968,12/1/2017,Max Ludwig,West,Furniture,629.64,9,0,107.0388
CA-2016-147256,10/17/2016,Frank Carlisle,Central,Technology,449.97,3,0,220.4853
CA-2016-147256,10/17/2016,Frank Carlisle,Central,Office Supplies,1927.59,7,0,751.7601
CA-2016-162159,9/16/2016,Corey Roper,South,Furniture,121.78,2,0,30.445
CA-2015-111038,12/1/2015,Lindsay Castell,West,Furniture,2676.672,9,0.2,267.6672
CA-2014-124723,8/5/2014,Gary Zandusky,Central,Furniture,489.23,2,0.3,41.934
CA-2016-167241,8/15/2016,Bill Donatelli,West,Furniture,312.03,3,0,43.6842
CA-2016-167241,8/15/2016,Bill Donatelli,West,Office Supplies,17.94,3,0,3.0498
CA-2016-167241,8/15/2016,Bill Donatelli,West,Technology,165.6,3,0.2,10.35
CA-2016-167241,8/15/2016,Bill Donatelli,West,Office Supplies,37.52,4,0,18.0096
CA-2015-163237,8/7/2015,Eudokia Martin,South,Technology,494.97,3,0,148.491
CA-2015-163237,8/7/2015,Eudokia Martin,South,Office Supplies,25.06,2,0,11.7782
CA-2016-150483,5/31/2016,Beth Paige,Central,Furniture,32.064,3,0.6,-12.8256
CA-2016-150483,5/31/2016,Beth Paige,Central,Office Supplies,18.496,4,0.2,6.7048
CA-2016-150483,5/31/2016,Beth Paige,Central,Furniture,191.079,3,0.3,-38.2158
CA-2016-150483,5/31/2016,Beth Paige,Central,Office Supplies,10.368,2,0.2,3.6288
US-2016-126431,7/1/2016,Stephanie Ulpright,East,Office Supplies,30.53,1,0,14.0438
US-2016-126431,7/1/2016,Stephanie Ulpright,East,Technology,30.84,3,0,6.168
US-2016-126431,7/1/2016,Stephanie Ulpright,East,Office Supplies,75.06,9,0,33.777
CA-2016-139934,12/18/2016,Andy Yotov,West,Technology,66.976,7,0.2,6.6976
CA-2015-109603,1/26/2015,Elizabeth Moffitt,West,Office Supplies,182.72,8,0,84.0512
CA-2017-160661,10/28/2017,Sue Ann Reed,East,Office Supplies,21.93,3,0,10.3071
CA-2017-102610,11/4/2017,Christina Anderson,South,Technology,95.976,3,0.2,15.5961
CA-2017-102610,11/4/2017,Christina Anderson,South,Technology,143.928,9,0.2,-32.3838
CA-2017-102610,11/4/2017,Christina Anderson,South,Office Supplies,3.564,2,0.7,-2.97
CA-2017-102610,11/4/2017,Christina Anderson,South,Office Supplies,4.928,2,0.2,1.7248
US-2016-144057,5/9/2016,Cynthia Voltz,Central,Office Supplies,856.656,6,0.2,107.082
US-2016-144057,5/9/2016,Cynthia Voltz,Central,Office Supplies,13.184,4,0.8,-20.4352
US-2016-144057,5/9/2016,Cynthia Voltz,Central,Office Supplies,48.784,4,0.8,-131.7168
US-2016-144057,5/9/2016,Cynthia Voltz,Central,Office Supplies,76.64,2,0.2,26.824
US-2016-144057,5/9/2016,Cynthia Voltz,Central,Office Supplies,18.528,6,0.8,-27.792
CA-2014-160276,4/2/2014,Anna Häberlin,South,Furniture,177.68,2,0,46.1968
CA-2014-132983,4/28/2014,David Smith,East,Technology,159.98,2,0,57.5928
CA-2016-145709,10/4/2016,Anna Häberlin,South,Technology,52.68,3,0.2,19.755
CA-2016-145709,10/4/2016,Anna Häberlin,South,Furniture,11.568,3,0.2,2.6028
CA-2017-133928,6/11/2017,Zuschuss Carroll,South,Office Supplies,4.572,4,0.7,-3.81
CA-2016-168032,1/30/2016,David Flashing,Central,Technology,1439.968,4,0.2,143.9968
CA-2016-168032,1/30/2016,David Flashing,Central,Office Supplies,1.728,3,0.8,-2.6784
CA-2016-168032,1/30/2016,David Flashing,Central,Furniture,626.1,3,0.5,-538.446
CA-2015-143616,9/27/2015,Saphhira Shifley,West,Office Supplies,99.2,5,0,25.792
US-2015-168704,4/13/2015,Frank Preis,Central,Furniture,609.98,4,0.3,-113.282
US-2015-168704,4/13/2015,Frank Preis,Central,Furniture,211.372,2,0.3,-45.294
US-2015-168704,4/13/2015,Frank Preis,Central,Technology,239.976,3,0.2,17.9982
CA-2017-143252,12/18/2017,Harold Engle,Central,Furniture,99.95,5,0,22.9885
CA-2017-143252,12/18/2017,Harold Engle,Central,Technology,29.34,3,0,10.8558
CA-2016-102134,3/14/2016,Sibella Parks,Central,Furniture,16.74,2,0,4.3524
CA-2017-130036,8/27/2017,Ben Peterman,East,Office Supplies,12.672,3,0.2,3.96
CA-2017-130036,8/27/2017,Ben Peterman,East,Technology,1119.888,14,0.2,209.979
CA-2015-134117,12/17/2015,Paul Gonzalez,West,Office Supplies,204.85,5,0,53.261
CA-2015-134117,12/17/2015,Paul Gonzalez,West,Technology,135.984,2,0.2,16.998
CA-2015-134117,12/17/2015,Paul Gonzalez,West,Office Supplies,16.4,5,0,7.052
CA-2015-134117,12/17/2015,Paul Gonzalez,West,Office Supplies,92.96,2,0.2,31.374
CA-2014-130918,8/22/2014,Jeremy Pistek,South,Office Supplies,7.632,3,0.2,-1.8126
CA-2016-159023,11/3/2016,Natalie Webber,West,Office Supplies,4.158,7,0.7,-3.465
CA-2016-159023,11/3/2016,Natalie Webber,West,Technology,179.991,3,0.7,-251.9874
CA-2017-111717,10/10/2017,Scot Wooten,Central,Furniture,239.358,3,0.3,-47.8716
CA-2014-154592,12/7/2014,Erica Hernandez,West,Office Supplies,164.88,3,0,80.7912
CA-2014-128622,11/15/2014,Scott Cohen,West,Office Supplies,10.95,3,0,3.285
CA-2017-148355,12/24/2017,Nick Crebassa,East,Office Supplies,19.44,3,0,9.3312
CA-2017-148355,12/24/2017,Nick Crebassa,East,Office Supplies,12.3,5,0,6.15
CA-2014-132913,12/24/2014,Adam Shillingsburg,West,Office Supplies,13.97,1,0,3.6322
CA-2017-150910,12/22/2017,Jack Lebron,South,Furniture,934.956,6,0.4,-249.3216
CA-2017-150910,12/22/2017,Jack Lebron,South,Technology,46.864,2,0.2,7.6154
CA-2017-150910,12/22/2017,Jack Lebron,South,Office Supplies,26.16,3,0.2,1.962
CA-2017-150910,12/22/2017,Jack Lebron,South,Office Supplies,23.128,7,0.2,2.891
CA-2017-150910,12/22/2017,Jack Lebron,South,Office Supplies,59.24,5,0.2,16.291
CA-2014-156790,8/8/2014,Vivek Gonzalez,South,Furniture,155.456,4,0.2,-7.7728
CA-2014-126480,9/20/2014,Henry Goldwyn,West,Office Supplies,8.56,2,0,3.852
CA-2017-105620,12/25/2017,Jennifer Halladay,South,Furniture,21,3,0.2,5.775
CA-2017-105620,12/25/2017,Jennifer Halladay,South,Technology,120,2,0.5,-7.2
CA-2017-150266,11/25/2017,Rose O'Brian,Central,Technology,299.96,5,0.2,37.495
CA-2017-150266,11/25/2017,Rose O'Brian,Central,Office Supplies,67.84,5,0.8,-179.776
CA-2017-150266,11/25/2017,Rose O'Brian,Central,Furniture,853.93,5,0.3,-24.398
CA-2017-150266,11/25/2017,Rose O'Brian,Central,Office Supplies,18.688,4,0.2,3.7376
CA-2016-157280,11/5/2016,Liz Willingham,South,Furniture,273.96,2,0,71.2296
CA-2016-157280,11/5/2016,Liz Willingham,South,Technology,89.97,3,0,18.8937
CA-2016-157280,11/5/2016,Liz Willingham,South,Furniture,756.8,5,0,75.68
CA-2017-106691,11/6/2017,Christopher Conant,Central,Office Supplies,1.248,2,0.8,-1.9344
CA-2016-134180,11/3/2016,Julie Prescott,East,Technology,72,1,0.2,14.4
CA-2016-134180,11/3/2016,Julie Prescott,East,Furniture,470.155,7,0.3,-13.433
CA-2014-166730,12/30/2014,Dorothy Dickinson,South,Office Supplies,39.128,1,0.2,-8.8038
CA-2017-157469,12/2/2017,Erin Smith,East,Office Supplies,19.728,9,0.2,1.7262
CA-2017-157469,12/2/2017,Erin Smith,East,Technology,151.188,2,0.4,-25.198
CA-2017-122308,3/24/2017,Mark Van Huff,East,Furniture,271.764,2,0.1,60.392
US-2014-149034,11/19/2014,Ruben Dartt,East,Technology,47.496,1,0.2,-1.1874
CA-2017-159226,4/25/2017,Rob Lucas,West,Furniture,344.981,7,0.15,28.4102
CA-2017-156622,11/23/2017,Jennifer Patt,Central,Office Supplies,36.288,7,0.2,12.7008
CA-2017-156622,11/23/2017,Jennifer Patt,Central,Office Supplies,78.304,2,0.2,29.364
CA-2017-156622,11/23/2017,Jennifer Patt,Central,Furniture,127.785,1,0.3,-31.0335
CA-2017-156622,11/23/2017,Jennifer Patt,Central,Office Supplies,6.104,2,0.8,-9.156
CA-2014-119529,11/3/2014,Denise Monton,East,Office Supplies,5.76,2,0,2.8224
CA-2015-150413,10/19/2015,Cari Schnelling,Central,Office Supplies,1.72,1,0.8,-2.838
CA-2014-108182,2/6/2014,Delfina Latchford,Central,Office Supplies,8.952,2,0.8,-14.7708
CA-2016-110898,3/6/2016,Lena Cacioppo,Central,Office Supplies,2.334,3,0.8,-6.3018
CA-2016-110898,3/6/2016,Lena Cacioppo,Central,Office Supplies,1.728,4,0.8,-2.7648
CA-2016-110898,3/6/2016,Lena Cacioppo,Central,Furniture,159.04,5,0.6,-194.824
CA-2016-110898,3/6/2016,Lena Cacioppo,Central,Furniture,145.98,2,0.5,-99.2664
CA-2015-123092,12/3/2015,Jack Garza,South,Furniture,77.952,3,0.2,12.6672
CA-2015-123092,12/3/2015,Jack Garza,South,Office Supplies,95.97,5,0.7,-73.577
CA-2015-123092,12/3/2015,Jack Garza,South,Technology,105.584,2,0.2,9.2386
CA-2015-123092,12/3/2015,Jack Garza,South,Office Supplies,9.344,2,0.2,1.168
US-2015-128587,12/24/2015,Harry Marie,Central,Furniture,9.68,2,0,3.7752
US-2015-128587,12/24/2015,Harry Marie,Central,Technology,4899.93,7,0,2302.9671
US-2017-139577,10/1/2017,Tanja Norvell,West,Technology,104.75,5,0,21.9975
CA-2017-159100,10/16/2017,Victoria Pisteka,South,Technology,18.528,2,0.2,4.4004
CA-2017-159100,10/16/2017,Victoria Pisteka,South,Furniture,1875.258,7,0.4,-968.8833
CA-2014-109043,8/15/2014,Christine Sundaresam,South,Office Supplies,91.36,5,0.2,29.692
CA-2014-109043,8/15/2014,Christine Sundaresam,South,Office Supplies,152.24,5,0.2,17.127
US-2017-116491,11/11/2017,Patrick Gardner,Central,Technology,35.184,2,0.2,12.3144
CA-2017-122763,3/20/2017,Harry Greene,Central,Office Supplies,56.704,2,0.2,19.1376
CA-2017-122763,3/20/2017,Harry Greene,Central,Office Supplies,274.064,7,0.2,102.774
CA-2017-137785,5/13/2017,Mick Hernandez,East,Furniture,458.43,5,0.3,-124.431
CA-2014-133389,6/22/2014,Toby Braunhardt,West,Office Supplies,8.226,3,0.7,-6.0324
CA-2014-103807,12/2/2014,Elizabeth Moffitt,South,Technology,5.95,1,0,0.833
CA-2014-103807,12/2/2014,Elizabeth Moffitt,South,Office Supplies,15.24,3,0,7.1628
CA-2015-102855,4/5/2015,Jennifer Ferguson,West,Technology,239.94,6,0,26.3934
CA-2015-102855,4/5/2015,Jennifer Ferguson,West,Office Supplies,23.84,8,0,6.4368
CA-2017-107825,11/18/2017,Nona Balk,Central,Office Supplies,92.52,6,0,24.9804
CA-2017-107825,11/18/2017,Nona Balk,Central,Office Supplies,37.76,1,0,10.5728
CA-2017-107825,11/18/2017,Nona Balk,Central,Office Supplies,7.38,2,0,3.4686
CA-2017-107825,11/18/2017,Nona Balk,Central,Furniture,5.82,2,0,2.7354
CA-2017-106047,7/12/2017,Cari Schnelling,East,Office Supplies,3.816,1,0.2,1.1925
CA-2017-127803,5/19/2017,Neil Ducich,South,Office Supplies,26.16,4,0,12.8184
CA-2015-137071,12/20/2015,Emily Ducich,Central,Technology,100.8,2,0.2,21.42
CA-2016-121447,2/21/2016,Erin Ashbrook,East,Furniture,135.8,7,0,66.542
CA-2017-143084,3/18/2017,Barry Pond,West,Office Supplies,13.9,5,0,3.753
CA-2017-143084,3/18/2017,Barry Pond,West,Office Supplies,19.4,5,0,9.312
CA-2016-131639,12/17/2016,Noel Staavos,West,Office Supplies,13.488,2,0.2,4.3836
CA-2016-131639,12/17/2016,Noel Staavos,West,Office Supplies,11.416,1,0.2,3.8529
CA-2016-161361,3/26/2016,Mark Van Huff,West,Office Supplies,17.64,3,0,8.6436
CA-2016-161361,3/26/2016,Mark Van Huff,West,Office Supplies,17.04,3,0.2,5.538
CA-2014-100706,12/16/2014,Laurel Elliston,South,Technology,99.98,2,0,7.9984
CA-2014-100706,12/16/2014,Laurel Elliston,South,Furniture,29.46,6,0,9.7218
CA-2015-129525,11/15/2015,Victoria Pisteka,East,Office Supplies,166.92,13,0.7,-116.844
US-2016-141880,8/22/2016,Tony Chapman,West,Furniture,98.328,3,0.2,9.8328
CA-2015-165799,6/29/2015,Sheri Gordon,East,Furniture,117.882,1,0.1,1.3098
CA-2016-102127,6/26/2016,Victoria Pisteka,East,Technology,20.97,3,0,9.0171
CA-2016-102127,6/26/2016,Victoria Pisteka,East,Technology,139.96,4,0,9.7972
CA-2016-102127,6/26/2016,Victoria Pisteka,East,Furniture,37.74,3,0,12.8316
US-2016-152415,9/17/2016,Patrick O'Donnell,East,Furniture,14.82,3,0,6.2244
US-2016-152415,9/17/2016,Patrick O'Donnell,East,Furniture,191.82,3,0,61.3824
CA-2014-138198,7/18/2014,Jack Lebron,East,Office Supplies,13.904,2,0.2,4.5188
CA-2017-128041,9/1/2017,Rick Wilson,West,Office Supplies,314.6,4,0,103.818
CA-2017-128041,9/1/2017,Rick Wilson,West,Furniture,283.56,4,0,45.3696
CA-2017-105823,6/22/2017,Rick Bensley,Central,Furniture,487.96,2,0,146.388
CA-2014-152268,9/2/2014,Sanjit Chand,South,Office Supplies,1793.98,2,0,843.1706
CA-2015-148873,10/1/2015,Eric Murdock,Central,Office Supplies,2.992,4,0.8,-4.488
CA-2015-148873,10/1/2015,Eric Murdock,Central,Technology,108.768,4,0.2,2.7192
CA-2015-166492,4/7/2015,Resi Pölking,East,Office Supplies,25.92,4,0,12.4416
CA-2015-166492,4/7/2015,Resi Pölking,East,Office Supplies,22.58,2,0,5.8708
CA-2017-157420,11/21/2017,Henia Zydlo,Central,Technology,55.176,3,0.2,-12.4146
CA-2016-117121,12/17/2016,Adrian Barton,Central,Office Supplies,9892.74,13,0,4946.37
CA-2014-138177,9/19/2014,Neil Ducich,West,Furniture,73.915,1,0.5,-45.8273
CA-2014-114335,9/28/2014,Xylona Preis,South,Furniture,337.088,4,0.2,16.8544
CA-2015-168760,9/22/2015,Muhammed MacIntyre,West,Office Supplies,61.44,3,0,16.5888
CA-2016-168830,11/7/2016,Marina Lichtenstein,West,Technology,479.97,3,0,163.1898
CA-2017-137463,12/16/2017,Kalyca Meade,West,Office Supplies,5.984,2,0.2,2.244
CA-2017-137463,12/16/2017,Kalyca Meade,West,Technology,189.95,5,0,45.588
CA-2017-137463,12/16/2017,Kalyca Meade,West,Technology,149.95,5,0,31.4895
CA-2017-137463,12/16/2017,Kalyca Meade,West,Office Supplies,29.95,5,0,8.6855
CA-2017-137463,12/16/2017,Kalyca Meade,West,Office Supplies,44.4,3,0,22.2
CA-2014-124513,9/21/2014,Sara Luxemburg,East,Office Supplies,66.03,3,0,17.1678
CA-2015-165554,5/18/2015,Anthony Jacobs,West,Office Supplies,10.86,2,0,5.3214
CA-2014-141838,3/26/2014,Damala Kotsonis,West,Office Supplies,3.36,2,0,0.84
CA-2014-141838,3/26/2014,Damala Kotsonis,West,Office Supplies,27.936,4,0.2,9.4284
CA-2014-141838,3/26/2014,Damala Kotsonis,West,Technology,28.784,2,0.2,2.8784
CA-2017-117009,9/22/2017,Berenike Kampe,West,Office Supplies,21.96,2,0,6.1488
CA-2015-128993,9/12/2015,Craig Carreira,West,Technology,21.98,2,0,8.5722
CA-2015-160227,11/2/2015,Emily Ducich,East,Furniture,2621.322,11,0.1,553.3902
CA-2015-149097,10/20/2015,Stewart Visinsky,West,Furniture,74.76,7,0,23.9232
CA-2015-149097,10/20/2015,Stewart Visinsky,West,Furniture,364.776,3,0.2,27.3582
CA-2016-132304,6/14/2016,Anthony Rawles,West,Furniture,1115.17,7,0,334.551
CA-2015-136420,11/20/2015,Chris Selesnick,West,Office Supplies,89.696,4,0.2,33.636
CA-2015-136420,11/20/2015,Chris Selesnick,West,Office Supplies,50.12,4,0,23.5564
CA-2016-101623,2/28/2016,Rick Reed,East,Office Supplies,36.48,6,0,18.24
US-2014-151015,10/14/2014,Bradley Drucker,Central,Office Supplies,322.192,13,0.2,100.685
US-2014-151015,10/14/2014,Bradley Drucker,Central,Office Supplies,2.946,3,0.8,-4.8609
US-2014-151015,10/14/2014,Bradley Drucker,Central,Office Supplies,19.136,4,0.2,6.9368
CA-2017-152968,5/26/2017,Bryan Mills,South,Technology,23.08,2,0,6.924
CA-2016-150077,2/4/2016,Maribeth Schnelling,East,Technology,90.48,2,0,23.5248
CA-2016-106278,9/2/2016,Becky Martin,West,Furniture,215.976,3,0.2,-2.6997
CA-2016-106278,9/2/2016,Becky Martin,West,Office Supplies,65.94,3,0,30.9918
CA-2017-147550,12/4/2017,Katrina Edelman,East,Furniture,11.352,3,0.2,2.6961
CA-2015-136105,6/12/2015,Sam Zeldin,Central,Office Supplies,24.56,2,0,6.8768
CA-2016-142524,9/4/2016,Mick Brown,Central,Office Supplies,16.56,2,0,7.7832
CA-2016-142524,9/4/2016,Mick Brown,Central,Technology,279.95,5,0,67.188
CA-2014-136336,4/21/2014,Dorothy Badders,South,Office Supplies,828.84,6,0,0
US-2015-136259,11/5/2015,Christy Brittain,East,Office Supplies,7.218,3,0.7,-5.5338
US-2015-136259,11/5/2015,Christy Brittain,East,Office Supplies,27.2,4,0.2,2.04
US-2014-124625,11/3/2014,Stephanie Phelps,Central,Technology,89.97,3,0,18.8937
CA-2016-108105,2/16/2016,Giulietta Weimer,South,Furniture,318.08,4,0,34.9888
CA-2016-108105,2/16/2016,Giulietta Weimer,South,Office Supplies,5.8,1,0,2.61
CA-2017-166898,9/11/2017,Ken Heidel,West,Technology,143.952,6,0.2,17.994
CA-2017-166898,9/11/2017,Ken Heidel,West,Office Supplies,19.44,3,0,9.3312
CA-2017-169005,11/2/2017,Barry Gonzalez,South,Office Supplies,5.56,2,0,1.4456
CA-2015-104038,2/6/2015,Lori Olson,South,Office Supplies,146.73,3,0,2.9346
CA-2015-104038,2/6/2015,Lori Olson,South,Office Supplies,29.9,5,0,13.455
CA-2016-126102,9/10/2016,Dianna Vittorini,West,Office Supplies,276.784,2,0.2,89.9548
CA-2016-143406,9/26/2016,Lisa Ryan,Central,Office Supplies,93.032,2,0.8,-251.1864
CA-2016-143406,9/26/2016,Lisa Ryan,Central,Furniture,454.965,5,0.3,-136.4895
CA-2015-150308,12/15/2015,Rick Reed,South,Technology,246.168,3,0.2,21.5397
CA-2016-131093,9/17/2016,Troy Staebel,East,Office Supplies,295.4,5,0.2,-62.7725
US-2017-148831,10/13/2017,Alan Hwang,South,Office Supplies,348.56,8,0,104.568
CA-2015-162950,6/28/2015,Dorothy Wardle,East,Office Supplies,15.552,3,0.2,5.4432
CA-2015-162950,6/28/2015,Dorothy Wardle,East,Furniture,482.94,6,0.5,-376.6932
US-2015-132836,6/1/2015,Ashley Jarboe,Central,Technology,299.98,2,0,83.9944
US-2015-132836,6/1/2015,Ashley Jarboe,Central,Office Supplies,403.68,6,0,181.656
US-2015-132836,6/1/2015,Ashley Jarboe,Central,Technology,41.9,2,0,11.732
US-2015-132836,6/1/2015,Ashley Jarboe,Central,Office Supplies,28.91,7,0,13.2986
US-2014-158365,4/12/2014,Stewart Visinsky,Central,Office Supplies,32.4,5,0,15.552
CA-2017-152933,10/12/2017,Matthew Grinstein,Central,Technology,369.544,7,0.2,27.7158
CA-2017-152933,10/12/2017,Matthew Grinstein,Central,Office Supplies,10.368,2,0.2,3.7584
CA-2017-152933,10/12/2017,Matthew Grinstein,Central,Technology,791.88,3,0.2,128.6805
CA-2015-163181,11/7/2015,Adrian Barton,Central,Office Supplies,23.64,3,0.2,5.319
CA-2015-163181,11/7/2015,Adrian Barton,Central,Office Supplies,84.784,2,0.2,-16.9568
CA-2015-163181,11/7/2015,Adrian Barton,Central,Furniture,64.96,5,0.6,-84.448
CA-2015-163181,11/7/2015,Adrian Barton,Central,Office Supplies,32.06,10,0.8,-51.296
CA-2015-163181,11/7/2015,Adrian Barton,Central,Office Supplies,177.648,2,0.2,-28.8678
CA-2015-163181,11/7/2015,Adrian Barton,Central,Technology,287.91,3,0.4,33.5895
CA-2015-132941,5/25/2015,Muhammed MacIntyre,Central,Office Supplies,22.368,2,0.2,1.6776
CA-2015-132941,5/25/2015,Muhammed MacIntyre,Central,Office Supplies,32.368,7,0.2,11.7334
CA-2015-132941,5/25/2015,Muhammed MacIntyre,Central,Technology,207.984,2,0.2,36.3972
CA-2014-132010,10/13/2014,Michelle Arnett,South,Office Supplies,36.4,5,0,17.472
CA-2014-132010,10/13/2014,Michelle Arnett,South,Technology,22.96,2,0,4.3624
CA-2014-132010,10/13/2014,Michelle Arnett,South,Office Supplies,315.2,4,0,6.304
CA-2014-132010,10/13/2014,Michelle Arnett,South,Office Supplies,15.18,3,0,7.1346
CA-2016-135461,2/7/2016,Erica Bern,West,Technology,623.96,5,0.2,38.9975
CA-2017-153045,1/19/2017,Neola Schneider,East,Technology,429.6,2,0.4,-93.08
CA-2017-153045,1/19/2017,Neola Schneider,East,Furniture,31.968,2,0.2,6.3936
CA-2017-153045,1/19/2017,Neola Schneider,East,Furniture,887.271,3,0.3,-63.3765
CA-2017-153045,1/19/2017,Neola Schneider,East,Office Supplies,21.696,4,0.2,7.0512
US-2016-155971,6/6/2016,Ross Baird,West,Office Supplies,22.05,7,0,10.584
US-2016-155971,6/6/2016,Ross Baird,West,Office Supplies,99.9,5,0,46.953
CA-2017-122007,3/18/2017,Jason Klamczynski,West,Office Supplies,90.86,7,0,26.3494
CA-2017-162250,11/24/2017,Patrick Ryan,West,Office Supplies,7.78,1,0,3.501
US-2016-158288,11/26/2016,Eric Hoffmann,East,Office Supplies,78.759,9,0.7,-57.7566
CA-2016-128916,8/18/2016,Matt Abelman,Central,Furniture,9.552,3,0.6,-3.8208
CA-2016-128916,8/18/2016,Matt Abelman,Central,Furniture,5.344,4,0.6,-2.1376
CA-2015-157028,11/28/2015,Michelle Arnett,West,Office Supplies,8.28,2,0,3.4776
CA-2017-112473,5/25/2017,Jeremy Lonsdale,Central,Office Supplies,50.136,3,0.2,-11.2806
US-2017-147655,9/4/2017,Aaron Smayling,West,Office Supplies,88.074,7,0.7,-58.716
CA-2016-130911,3/24/2016,Dan Campbell,East,Furniture,301.47,3,0.5,-241.176
CA-2016-130911,3/24/2016,Dan Campbell,East,Office Supplies,18.656,2,0.2,1.6324
CA-2017-100055,5/28/2017,Michael Dominguez,East,Furniture,27.46,2,0,9.8856
CA-2017-100055,5/28/2017,Michael Dominguez,East,Office Supplies,125.13,3,0,36.2877
CA-2015-157805,8/31/2015,Rick Huthwaite,West,Technology,555.96,5,0.2,41.697
CA-2016-124254,4/12/2016,Thomas Boland,South,Office Supplies,129.552,3,0.2,-22.6716
CA-2016-124254,4/12/2016,Thomas Boland,South,Office Supplies,51.984,1,0.2,-5.1984
CA-2016-124254,4/12/2016,Thomas Boland,South,Office Supplies,10.272,3,0.2,3.4668
CA-2014-123400,2/2/2014,Eric Barreto,South,Office Supplies,18.336,2,0.7,-12.224
CA-2014-123400,2/2/2014,Eric Barreto,South,Technology,180.96,5,0.2,13.572
CA-2014-106971,9/2/2014,Bryan Mills,Central,Technology,475.944,7,0.2,95.1888
CA-2017-123029,9/30/2017,Bradley Talbott,West,Technology,159.98,2,0,47.994
CA-2016-139409,9/5/2016,Fred Wasserman,East,Technology,43.6,4,0,12.208
US-2017-166688,5/20/2017,Rick Duston,West,Office Supplies,8.288,2,0.2,3.0044
US-2017-166688,5/20/2017,Rick Duston,West,Technology,1123.128,9,0.2,70.1955
US-2017-166688,5/20/2017,Rick Duston,West,Office Supplies,64.9,5,0,18.821
CA-2015-126970,9/20/2015,Theone Pippenger,Central,Office Supplies,2.808,3,0.8,-4.4928
US-2016-165505,1/23/2016,Claudia Bergmann,East,Technology,99.98,2,0,42.9914
US-2016-165505,1/23/2016,Claudia Bergmann,East,Office Supplies,8.04,6,0,2.7336
US-2016-165505,1/23/2016,Claudia Bergmann,East,Office Supplies,1564.29,13,0,406.7154
US-2014-157070,6/1/2014,Quincy Jones,Central,Office Supplies,138.56,4,0,66.5088
US-2014-157070,6/1/2014,Quincy Jones,Central,Office Supplies,65.52,5,0.1,12.376
US-2015-106873,9/24/2015,Kunst Miller,West,Office Supplies,14.576,2,0.2,2.3686
US-2015-106873,9/24/2015,Kunst Miller,West,Technology,23.2,2,0.2,1.45
US-2015-106873,9/24/2015,Kunst Miller,West,Office Supplies,16.464,7,0.2,1.8522
CA-2016-132990,8/1/2016,Khloe Miller,East,Furniture,19.312,2,0.2,3.1382
CA-2014-102645,1/23/2014,Ionia McGrath,West,Office Supplies,40.08,6,0,19.2384
CA-2014-134215,8/4/2014,Marina Lichtenstein,East,Office Supplies,101.96,2,0,27.5292
CA-2014-134215,8/4/2014,Marina Lichtenstein,East,Office Supplies,259.74,13,0,124.6752
CA-2014-134215,8/4/2014,Marina Lichtenstein,East,Technology,255.42,9,0,104.7222
CA-2016-118934,8/9/2016,Gary Hansen,South,Office Supplies,4.338,3,0.7,-3.0366
CA-2016-118934,8/9/2016,Gary Hansen,South,Office Supplies,11.88,5,0.7,-7.92
CA-2016-160108,12/8/2016,Arthur Gainer,Central,Furniture,405.86,7,0,32.4688
CA-2016-160108,12/8/2016,Arthur Gainer,Central,Furniture,680.01,3,0,176.8026
CA-2015-164007,6/8/2015,Maureen Gnade,Central,Technology,2.376,3,0.2,0.7425
CA-2015-164007,6/8/2015,Maureen Gnade,Central,Office Supplies,143.128,2,0.8,-393.602
CA-2016-100300,6/24/2016,Max Jones,West,Technology,4476.8,4,0.2,503.64
CA-2016-100300,6/24/2016,Max Jones,West,Office Supplies,104.85,1,0,50.328
CA-2016-100300,6/24/2016,Max Jones,West,Office Supplies,241.44,3,0,72.432
CA-2016-140571,3/15/2016,Sanjit Jacobs,South,Office Supplies,319.76,14,0,147.0896
CA-2016-140571,3/15/2016,Sanjit Jacobs,South,Office Supplies,45.68,2,0,21.0128
US-2016-155768,12/1/2016,Laurel Beltran,West,Furniture,31.96,2,0,1.598
US-2016-155768,12/1/2016,Laurel Beltran,West,Office Supplies,47.9,1,0,22.992
US-2016-155768,12/1/2016,Laurel Beltran,West,Office Supplies,1112.94,3,0,222.588
US-2016-155768,12/1/2016,Laurel Beltran,West,Office Supplies,22.92,3,0,11.2308
CA-2017-119424,6/12/2017,Sarah Brown,West,Technology,71.976,3,0.2,8.997
CA-2017-119424,6/12/2017,Sarah Brown,West,Office Supplies,19.44,3,0,9.3312
CA-2016-118178,3/19/2016,Corey Catlett,South,Office Supplies,31.086,3,0.7,-20.724
CA-2016-166618,11/14/2016,Darren Powers,East,Technology,13.98,2,0,3.9144
CA-2016-166618,11/14/2016,Darren Powers,East,Office Supplies,23.65,1,0,6.149
CA-2017-156776,8/7/2017,Jeremy Lonsdale,West,Technology,707.88,3,0.2,44.2425
CA-2017-156776,8/7/2017,Jeremy Lonsdale,West,Office Supplies,11.952,3,0.2,4.1832
CA-2017-156776,8/7/2017,Jeremy Lonsdale,West,Office Supplies,31.128,3,0.2,11.673
CA-2017-156776,8/7/2017,Jeremy Lonsdale,West,Technology,55.76,4,0,7.8064
CA-2017-156776,8/7/2017,Jeremy Lonsdale,West,Office Supplies,24.56,2,0,11.5432
CA-2017-156776,8/7/2017,Jeremy Lonsdale,West,Furniture,51.75,1,0,15.525
CA-2017-156776,8/7/2017,Jeremy Lonsdale,West,Furniture,207.184,1,0.2,25.898
CA-2017-156776,8/7/2017,Jeremy Lonsdale,West,Office Supplies,1473.1,5,0,412.468
US-2015-130512,8/21/2015,Sean Miller,East,Office Supplies,3.488,2,0.2,-0.6976
US-2015-130512,8/21/2015,Sean Miller,East,Technology,21.728,4,0.2,3.8024
US-2015-130512,8/21/2015,Sean Miller,East,Office Supplies,663.072,6,0.2,-165.768
US-2015-130512,8/21/2015,Sean Miller,East,Office Supplies,99.588,2,0.7,-82.99
US-2015-130512,8/21/2015,Sean Miller,East,Office Supplies,49.568,2,0.2,15.49
CA-2015-141810,11/2/2015,Barry Blumstein,Central,Office Supplies,29.372,7,0.8,-46.9952
CA-2015-141810,11/2/2015,Barry Blumstein,Central,Technology,344.704,2,0.2,38.7792
CA-2014-146843,11/30/2014,Philip Brown,West,Office Supplies,47.992,7,0.2,3.5994
CA-2014-146843,11/30/2014,Philip Brown,West,Technology,102.24,4,0.2,-16.614
CA-2014-103310,5/10/2014,Greg Matthias,West,Office Supplies,39.96,2,0,19.1808
CA-2014-103310,5/10/2014,Greg Matthias,West,Technology,1432,5,0.2,125.3
CA-2014-103310,5/10/2014,Greg Matthias,West,Office Supplies,41.04,6,0,11.0808
CA-2014-103310,5/10/2014,Greg Matthias,West,Furniture,256.784,1,0.2,32.098
CA-2016-152688,10/17/2016,Nick Radford,East,Furniture,120.98,1,0,12.098
CA-2016-152688,10/17/2016,Nick Radford,East,Office Supplies,315.98,1,0,148.5106
CA-2016-153836,10/30/2016,Edward Hooks,East,Office Supplies,28.752,3,0.2,10.0632
CA-2016-153836,10/30/2016,Edward Hooks,East,Office Supplies,114.95,5,0,32.186
CA-2016-104689,12/1/2016,Fred Hopkins,West,Office Supplies,23.04,8,0,6.912
CA-2016-146423,4/21/2016,Brian Thompson,East,Office Supplies,15.48,3,0,4.4892
CA-2016-146423,4/21/2016,Brian Thompson,East,Office Supplies,51.84,8,0,24.8832
CA-2017-140781,8/3/2017,Adrian Barton,Central,Technology,39.816,3,0.2,7.4655
CA-2017-141747,8/3/2017,Scot Coram,West,Office Supplies,16.06,1,0,4.1756
CA-2017-142776,12/11/2017,Roy Skaria,Central,Office Supplies,7.28,1,0,3.4944
CA-2017-142776,12/11/2017,Roy Skaria,Central,Office Supplies,5.4,3,0,2.592
CA-2015-167479,3/14/2015,Arianne Irving,West,Office Supplies,19.44,3,0,9.3312
CA-2014-144071,12/8/2014,Denny Joy,West,Furniture,39.88,2,0,11.1664
CA-2014-144071,12/8/2014,Denny Joy,West,Furniture,79.44,3,0,28.5984
US-2017-120908,9/30/2017,Barbara Fisher,East,Office Supplies,20.664,7,0.2,6.9741
CA-2016-152646,11/21/2016,Tiffany House,West,Office Supplies,32.4,5,0,15.552
CA-2017-103765,11/24/2017,Jason Gross,Central,Office Supplies,13.762,1,0.8,-24.7716
US-2017-118157,11/14/2017,Arthur Wiediger,Central,Office Supplies,15.28,2,0,7.4872
US-2015-164238,8/16/2015,Joni Wasserman,East,Office Supplies,44.688,7,0.2,3.3516
US-2015-164238,8/16/2015,Joni Wasserman,East,Furniture,301.47,3,0.5,-204.9996
CA-2017-103212,10/13/2017,Michelle Huthwaite,South,Office Supplies,11.07,3,0,5.2029
CA-2017-103212,10/13/2017,Michelle Huthwaite,South,Furniture,1504.52,4,0,346.0396
CA-2017-103212,10/13/2017,Michelle Huthwaite,South,Office Supplies,25.92,4,0,12.4416
CA-2017-121160,11/4/2017,Frank Merwin,Central,Office Supplies,7.536,6,0.8,-13.188
CA-2017-121160,11/4/2017,Frank Merwin,Central,Office Supplies,1.408,2,0.8,-2.3232
CA-2017-121160,11/4/2017,Frank Merwin,Central,Office Supplies,4.144,4,0.8,-6.4232
CA-2017-121160,11/4/2017,Frank Merwin,Central,Office Supplies,52.752,3,0.2,-12.5286
CA-2017-140515,3/19/2017,George Zrebassa,West,Office Supplies,381.36,7,0,106.7808
CA-2014-153619,11/3/2014,Tracy Collins,West,Office Supplies,6.72,4,0,3.36
CA-2017-133718,7/23/2017,Tracy Blumstein,West,Office Supplies,15.192,3,0.2,5.5071
CA-2017-133718,7/23/2017,Tracy Blumstein,West,Office Supplies,58.32,9,0,27.9936
CA-2014-148383,12/27/2014,Resi Pölking,West,Office Supplies,946.764,6,0.7,-694.2936
CA-2016-126732,9/2/2016,Lena Radford,West,Furniture,94.68,9,0,31.2444
CA-2016-126732,9/2/2016,Lena Radford,West,Office Supplies,23.67,3,0,0.9468
CA-2016-126732,9/2/2016,Lena Radford,West,Technology,1091.168,4,0.2,68.198
CA-2016-126732,9/2/2016,Lena Radford,West,Office Supplies,18.69,7,0,5.2332
CA-2016-126732,9/2/2016,Lena Radford,West,Furniture,568.728,3,0.2,28.4364
CA-2016-126732,9/2/2016,Lena Radford,West,Office Supplies,7.312,1,0.2,2.5592
CA-2017-138156,2/11/2017,Magdelene Morse,East,Furniture,147.568,2,0.2,-3.6892
CA-2017-110310,10/27/2017,Nona Balk,South,Office Supplies,56.784,7,0.2,20.5842
CA-2017-110310,10/27/2017,Nona Balk,South,Office Supplies,5.607,3,0.7,-3.9249
CA-2017-110310,10/27/2017,Nona Balk,South,Office Supplies,6.576,3,0.2,0.5754
CA-2014-113271,7/9/2014,Darrin Sayre,West,Office Supplies,14.304,6,0.2,4.6488
CA-2014-113271,7/9/2014,Darrin Sayre,West,Furniture,119.833,1,0.15,7.049
CA-2014-113271,7/9/2014,Darrin Sayre,West,Office Supplies,5.56,2,0,2.224
CA-2014-113271,7/9/2014,Darrin Sayre,West,Office Supplies,32.4,5,0,15.552
CA-2017-130106,5/22/2017,Vicky Freymann,West,Office Supplies,9.84,3,0,2.8536
CA-2017-130106,5/22/2017,Vicky Freymann,West,Office Supplies,2.78,1,0,0.7228
CA-2016-127761,11/10/2016,Scott Williamson,East,Office Supplies,3.64,1,0.2,1.365
CA-2016-127761,11/10/2016,Scott Williamson,East,Technology,881.93,7,0,220.4825
CA-2016-105354,12/2/2016,Pauline Webber,Central,Office Supplies,115.84,8,0,54.4448
CA-2017-155712,3/2/2017,Ken Dana,West,Office Supplies,107.648,2,0.2,33.64
CA-2017-102309,9/23/2017,Doug O'Connell,South,Technology,199.95,5,0,63.984
CA-2017-102309,9/23/2017,Doug O'Connell,South,Office Supplies,12.96,2,0,6.2208
CA-2014-168368,2/11/2014,Guy Armstrong,Central,Furniture,60.89,1,0,15.2225
CA-2014-168368,2/11/2014,Guy Armstrong,Central,Office Supplies,14.94,3,0,6.8724
CA-2014-168368,2/11/2014,Guy Armstrong,Central,Office Supplies,9.64,2,0,4.4344
CA-2014-168368,2/11/2014,Guy Armstrong,Central,Furniture,332.94,3,0,53.2704
CA-2014-168368,2/11/2014,Guy Armstrong,Central,Office Supplies,51.9,3,0,24.393
CA-2014-168368,2/11/2014,Guy Armstrong,Central,Office Supplies,64.96,2,0,2.5984
CA-2017-167976,11/11/2017,Jeremy Lonsdale,Central,Office Supplies,25.5,3,0,6.63
CA-2017-111388,9/2/2017,Stephanie Ulpright,West,Furniture,215.976,3,0.2,-2.6997
CA-2015-124499,10/9/2015,Fred McMath,Central,Furniture,389.97,3,0,35.0973
CA-2015-124499,10/9/2015,Fred McMath,Central,Office Supplies,269.91,5,0.1,53.982
US-2017-128118,11/24/2017,Maribeth Yedwab,South,Office Supplies,11.673,3,0.7,-7.782
US-2017-128118,11/24/2017,Maribeth Yedwab,South,Office Supplies,64.848,7,0.2,24.318
CA-2014-125759,2/8/2014,Nathan Mautz,West,Furniture,14.56,2,0,5.5328
CA-2015-151869,9/25/2015,Carlos Soltero,East,Furniture,102.582,1,0.1,6.8388
CA-2015-151869,9/25/2015,Carlos Soltero,East,Office Supplies,20.04,3,0,9.6192
US-2017-102183,8/21/2017,Pete Kriz,East,Office Supplies,32.088,7,0.2,11.2308
US-2017-102183,8/21/2017,Pete Kriz,East,Office Supplies,4305.552,6,0.2,1453.1238
CA-2016-100510,5/12/2016,Harry Marie,East,Furniture,10.02,3,0,4.4088
CA-2016-100510,5/12/2016,Harry Marie,East,Technology,631.96,4,0,303.3408
CA-2017-146983,9/2/2017,Alan Hwang,South,Office Supplies,1577.94,3,0,757.4112
US-2014-134054,10/10/2014,Fred Chung,West,Office Supplies,255.85,7,0,112.574
CA-2016-113236,5/26/2016,Cathy Prescott,South,Office Supplies,184.704,6,0.2,13.8528
CA-2016-113236,5/26/2016,Cathy Prescott,South,Technology,47.92,2,0.2,11.98
CA-2017-122539,12/1/2017,Sean Christensen,East,Office Supplies,15.936,4,0.2,5.1792
CA-2017-122539,12/1/2017,Sean Christensen,East,Office Supplies,8.001,7,0.7,-5.6007
CA-2017-122539,12/1/2017,Sean Christensen,East,Furniture,398.972,2,0.3,-28.498
CA-2016-166772,9/20/2016,Heather Jas,West,Furniture,163.88,2,0,40.97
US-2017-152898,9/11/2017,Cassandra Brandow,South,Office Supplies,67.9,5,0,20.37
CA-2016-160486,12/30/2016,Evan Henry,South,Office Supplies,72.224,4,0.2,25.2784
CA-2017-102218,9/2/2017,Luke Weiss,West,Office Supplies,11.696,2,0.2,3.9474
CA-2014-161032,11/18/2014,Michael Kennedy,Central,Furniture,392.94,3,0,43.2234
CA-2015-102778,11/21/2015,John Huston,South,Furniture,18.176,1,0.2,4.7712
CA-2017-154011,6/19/2017,Deborah Brumfield,Central,Office Supplies,6.888,3,0.8,-11.0208
CA-2017-154011,6/19/2017,Deborah Brumfield,Central,Furniture,457.485,3,0.3,-84.9615
US-2017-165456,11/30/2017,Trudy Brown,East,Furniture,1079.316,6,0.3,-15.4188
CA-2014-111857,4/23/2014,Nathan Mautz,West,Office Supplies,48.91,1,0,22.9877
CA-2014-163650,9/23/2014,Thomas Thornton,East,Office Supplies,9.84,3,0,2.8536
CA-2014-163650,9/23/2014,Thomas Thornton,East,Office Supplies,34.5,3,0,15.525
CA-2017-124114,3/2/2017,Roland Schwarz,Central,Office Supplies,0.556,1,0.8,-0.9452
US-2017-116505,11/17/2017,Trudy Brown,East,Office Supplies,43.8,6,0,20.586
CA-2017-161340,5/28/2017,Alice McCarthy,East,Office Supplies,13.872,3,0.2,5.0286
CA-2017-161340,5/28/2017,Alice McCarthy,East,Furniture,115.96,4,0.5,-64.9376
US-2015-163433,4/18/2015,Michael Paige,Central,Technology,41.424,2,0.2,8.2848
US-2015-163433,4/18/2015,Michael Paige,Central,Technology,244.768,4,0.2,24.4768
US-2015-163433,4/18/2015,Michael Paige,Central,Office Supplies,74.352,3,0.2,6.5058
US-2015-163433,4/18/2015,Michael Paige,Central,Office Supplies,4.312,2,0.8,-6.8992
US-2015-163433,4/18/2015,Michael Paige,Central,Furniture,56.686,1,0.3,-20.245
US-2015-163433,4/18/2015,Michael Paige,Central,Technology,97.968,2,0.2,6.123
US-2015-163433,4/18/2015,Michael Paige,Central,Office Supplies,7.872,3,0.2,0.8856
US-2015-163433,4/18/2015,Michael Paige,Central,Office Supplies,15.552,3,0.2,5.4432
US-2015-163433,4/18/2015,Michael Paige,Central,Office Supplies,1.476,1,0.8,-2.2878
CA-2015-137603,9/19/2015,Marc Harrigan,West,Office Supplies,8.4,5,0,2.184
CA-2014-128237,3/25/2014,Christina Anderson,West,Office Supplies,6.56,2,0,1.9024
CA-2014-128237,3/25/2014,Christina Anderson,West,Office Supplies,14.88,2,0,3.72
CA-2014-128237,3/25/2014,Christina Anderson,West,Technology,45.48,4,0,15.918
CA-2014-128237,3/25/2014,Christina Anderson,West,Office Supplies,25.44,6,0,9.9216
US-2016-102141,8/26/2016,Ken Dana,East,Office Supplies,146.688,8,0.2,45.84
CA-2017-148642,3/6/2017,Don Weiss,Central,Office Supplies,4.928,2,0.2,1.7248
CA-2017-148642,3/6/2017,Don Weiss,Central,Office Supplies,63.488,4,0.2,4.7616
CA-2015-111948,11/11/2015,Andrew Gjertsen,Central,Office Supplies,418.32,7,0,117.1296
CA-2015-111948,11/11/2015,Andrew Gjertsen,Central,Office Supplies,123.858,2,0.1,46.7908
CA-2016-161907,4/5/2016,Justin Hirsh,East,Technology,118.782,3,0.4,-27.7158
CA-2016-161907,4/5/2016,Justin Hirsh,East,Office Supplies,769.184,4,0.2,-163.4516
CA-2017-124940,2/21/2017,Dave Kipp,Central,Technology,47.904,1,0.2,-2.994
US-2017-108343,7/20/2017,Anthony Rawles,East,Office Supplies,13.36,2,0,6.4128
US-2017-108343,7/20/2017,Anthony Rawles,East,Furniture,163.764,2,0.1,25.4744
US-2017-108343,7/20/2017,Anthony Rawles,East,Furniture,183.92,4,0,31.2664
US-2016-111563,11/4/2016,Sally Matthias,Central,Furniture,11.376,3,0.6,-5.688
US-2016-111563,11/4/2016,Sally Matthias,Central,Furniture,66.112,4,0.6,-84.2928
CA-2017-121853,9/23/2017,Duane Benoit,West,Office Supplies,211.04,8,0,97.0784
CA-2017-121853,9/23/2017,Duane Benoit,West,Furniture,594.816,2,0.2,59.4816
CA-2017-121853,9/23/2017,Duane Benoit,West,Office Supplies,72.96,3,0.2,23.712
US-2017-130687,9/7/2017,Phillip Flathmann,West,Furniture,80.96,4,0,34.8128
US-2017-130687,9/7/2017,Phillip Flathmann,West,Technology,455.712,2,0.2,34.1784
US-2017-130687,9/7/2017,Phillip Flathmann,West,Office Supplies,25.98,1,0,7.2744
CA-2015-164497,11/28/2015,Ashley Jarboe,West,Office Supplies,45.28,4,0,15.3952
US-2015-153283,11/12/2015,Eugene Barchas,East,Office Supplies,15.56,2,0,7.3132
CA-2016-108056,9/29/2016,Erin Smith,West,Technology,859.2,3,0.2,75.18
CA-2017-127726,9/11/2017,Shahid Shariari,South,Office Supplies,195.68,4,0,50.8768
CA-2017-127726,9/11/2017,Shahid Shariari,South,Office Supplies,14.2,4,0,6.674
CA-2017-110198,5/1/2017,Arthur Gainer,South,Furniture,314.352,3,0.2,-15.7176
CA-2017-110198,5/1/2017,Arthur Gainer,South,Office Supplies,4.608,2,0.2,1.4976
CA-2017-130715,9/16/2017,Craig Yedwab,West,Office Supplies,17.9,5,0,8.771
CA-2014-155264,10/19/2014,Rachel Payne,West,Office Supplies,2.992,1,0.2,1.122
CA-2014-155264,10/19/2014,Rachel Payne,West,Office Supplies,20.064,6,0.2,7.0224
CA-2014-155264,10/19/2014,Rachel Payne,West,Office Supplies,146.73,3,0,68.9631
CA-2014-155264,10/19/2014,Rachel Payne,West,Office Supplies,18.75,5,0,9
CA-2014-155264,10/19/2014,Rachel Payne,West,Technology,117.576,3,0.2,11.7576
CA-2016-119123,3/13/2016,Dennis Bolton,West,Office Supplies,51.184,7,0.2,19.194
CA-2017-109085,2/17/2017,Christine Kargatis,East,Furniture,455.97,5,0.4,-106.393
CA-2017-109085,2/17/2017,Christine Kargatis,East,Office Supplies,5.715,5,0.7,-4.7625
CA-2017-109085,2/17/2017,Christine Kargatis,East,Technology,57.594,1,0.4,-11.5188
CA-2017-109085,2/17/2017,Christine Kargatis,East,Furniture,30.144,2,0.2,8.2896
CA-2017-109085,2/17/2017,Christine Kargatis,East,Furniture,899.43,5,0.3,-12.849
CA-2016-114860,12/22/2016,Duane Noonan,West,Furniture,842.72,8,0,202.2528
CA-2016-114860,12/22/2016,Duane Noonan,West,Furniture,41.96,2,0,10.9096
CA-2016-159009,9/23/2016,Dave Poirier,West,Office Supplies,13.216,4,0.2,4.4604
CA-2016-159009,9/23/2016,Dave Poirier,West,Furniture,184.752,3,0.2,-20.7846
CA-2017-148411,9/24/2017,Rose O'Brian,Central,Furniture,520.464,2,0.3,-14.8704
CA-2017-148411,9/24/2017,Rose O'Brian,Central,Office Supplies,11.424,3,0.2,3.7128
CA-2015-110324,12/1/2015,Matt Abelman,Central,Office Supplies,19.44,3,0,9.3312
CA-2015-110324,12/1/2015,Matt Abelman,Central,Office Supplies,3.64,2,0,1.0192
CA-2015-110324,12/1/2015,Matt Abelman,Central,Office Supplies,18.54,2,0,8.7138
CA-2016-168046,1/25/2016,Jonathan Doherty,East,Office Supplies,43.12,5,0.2,15.092
CA-2016-168046,1/25/2016,Jonathan Doherty,East,Furniture,313.722,3,0.4,-99.3453
CA-2016-168046,1/25/2016,Jonathan Doherty,East,Furniture,45.98,1,0,7.8166
CA-2016-168046,1/25/2016,Jonathan Doherty,East,Office Supplies,428.68,7,0,0
CA-2017-111591,3/21/2017,Paul Stevenson,West,Office Supplies,30.576,6,0.2,10.3194
CA-2017-111591,3/21/2017,Paul Stevenson,West,Office Supplies,13.02,7,0,0.3906
CA-2017-111591,3/21/2017,Paul Stevenson,West,Furniture,22.14,3,0,6.4206
CA-2017-111591,3/21/2017,Paul Stevenson,West,Office Supplies,359.32,4,0,7.1864
US-2014-166828,8/22/2014,Jennifer Ferguson,Central,Office Supplies,11.56,2,0,5.6644
CA-2014-108147,6/8/2014,Rick Duston,East,Office Supplies,68.48,2,0.2,25.68
CA-2014-108147,6/8/2014,Rick Duston,East,Office Supplies,1676.88,6,0,83.844
CA-2016-154998,4/7/2016,Erin Smith,East,Office Supplies,37.94,2,0,18.2112
CA-2017-113460,11/7/2017,Katherine Nockton,East,Furniture,272.97,3,0,43.6752
CA-2015-111339,5/29/2015,Victoria Pisteka,East,Furniture,41.568,4,0.2,-4.1568
CA-2015-111339,5/29/2015,Victoria Pisteka,East,Furniture,317.058,3,0.3,-86.0586
CA-2015-111339,5/29/2015,Victoria Pisteka,East,Office Supplies,8.04,5,0.2,2.9145
CA-2017-102820,5/7/2017,Carlos Soltero,West,Technology,419.944,7,0.2,52.493
CA-2016-149671,6/5/2016,Ken Brennan,West,Office Supplies,61.38,6,0,15.9588
CA-2015-126347,12/14/2015,Ashley Jarboe,West,Technology,50,2,0,10.5
CA-2017-108756,12/25/2017,Patrick O'Donnell,East,Technology,31.8,3,0,13.674
CA-2017-155362,12/17/2017,Dave Poirier,Central,Office Supplies,32.56,2,0,8.4656
CA-2016-117625,5/10/2016,Gene McClure,Central,Office Supplies,7.072,2,0.2,2.3868
CA-2014-154158,12/23/2014,Craig Carreira,South,Office Supplies,45.528,3,0.2,15.9348
CA-2014-154158,12/23/2014,Craig Carreira,South,Furniture,64.784,1,0.2,6.4784
CA-2014-154158,12/23/2014,Craig Carreira,South,Office Supplies,424.272,2,0.2,-10.6068
CA-2014-154158,12/23/2014,Craig Carreira,South,Office Supplies,1.344,1,0.2,0.504
CA-2014-154158,12/23/2014,Craig Carreira,South,Office Supplies,83.92,5,0.2,-1.049
CA-2017-100433,8/11/2017,Sanjit Jacobs,East,Office Supplies,25.92,4,0,12.4416
CA-2017-163097,8/27/2017,Sarah Foster,West,Furniture,120.576,8,0.2,33.1584
US-2017-127292,1/19/2017,Raymond Messe,East,Office Supplies,79.92,4,0,37.5624
US-2017-127292,1/19/2017,Raymond Messe,East,Office Supplies,12.28,1,0,5.7716
US-2017-127292,1/19/2017,Raymond Messe,East,Office Supplies,542.94,3,0,152.0232
US-2017-127292,1/19/2017,Raymond Messe,East,Office Supplies,2.04,1,0,0.9588
CA-2015-163734,6/19/2015,Katherine Murray,Central,Office Supplies,228.92,5,0.2,14.3075
CA-2017-162474,3/13/2017,Frank Hawley,Central,Technology,7.992,1,0.2,2.5974
CA-2015-130848,10/25/2015,Deirdre Greer,West,Furniture,582.336,8,0.2,-29.1168
CA-2014-125997,9/20/2014,Mitch Webber,East,Technology,629.95,5,0,157.4875
CA-2014-125997,9/20/2014,Mitch Webber,East,Furniture,631.782,2,0.1,140.396
CA-2014-125997,9/20/2014,Mitch Webber,East,Furniture,801.568,2,0.2,-10.0196
CA-2014-125997,9/20/2014,Mitch Webber,East,Office Supplies,75.18,6,0,35.3346
CA-2014-125997,9/20/2014,Mitch Webber,East,Office Supplies,30.98,1,0,8.0548
CA-2014-125997,9/20/2014,Mitch Webber,East,Technology,1349.91,9,0,661.4559
CA-2016-103128,11/11/2016,Sung Chung,Central,Office Supplies,14.112,6,0.2,1.2348
CA-2015-167696,9/16/2015,Bradley Drucker,South,Office Supplies,31.12,4,0,14.6264
CA-2014-159814,6/24/2014,Liz Pelletier,West,Furniture,4.272,2,0.2,0.9612
CA-2016-105459,8/12/2016,Nora Preis,East,Furniture,209.148,2,0.4,-66.2302
CA-2016-105459,8/12/2016,Nora Preis,East,Office Supplies,1591.02,6,0,286.3836
CA-2017-141663,4/13/2017,Dave Poirier,East,Office Supplies,7.92,5,0.2,1.683
CA-2014-152618,3/14/2014,Rick Bensley,Central,Technology,574.91,2,0.3,156.047
CA-2014-152618,3/14/2014,Rick Bensley,Central,Office Supplies,8.448,2,0.2,2.64
CA-2017-162789,9/22/2017,Logan Currie,East,Technology,1071,9,0,171.36
CA-2017-162789,9/22/2017,Logan Currie,East,Furniture,12.07,1,0,3.9831
US-2017-110149,12/10/2017,William Brown,East,Office Supplies,3.273,1,0.7,-2.5093
US-2017-110149,12/10/2017,William Brown,East,Furniture,87.92,5,0.2,15.386
CA-2016-108959,3/10/2016,Maya Herman,West,Office Supplies,104.696,1,0.2,6.5435
CA-2015-164777,1/27/2015,Sean Christensen,West,Furniture,2803.92,5,0.2,0
CA-2016-132017,9/26/2016,Matt Hagelstein,Central,Office Supplies,6.816,2,0.8,-11.5872
CA-2015-127824,10/18/2015,John Castell,West,Technology,249.584,2,0.2,15.599
CA-2015-127824,10/18/2015,John Castell,West,Office Supplies,17.94,3,0,8.7906
CA-2015-127824,10/18/2015,John Castell,West,Furniture,10.11,3,0,3.2352
CA-2014-148285,10/27/2014,Ross DeVincentis,South,Office Supplies,10.368,2,0.2,3.6288
CA-2014-148285,10/27/2014,Ross DeVincentis,South,Office Supplies,11.952,3,0.2,4.0338
CA-2017-152926,10/2/2017,Steve Chapman,Central,Office Supplies,15.224,2,0.8,-38.8212
CA-2017-152926,10/2/2017,Steve Chapman,Central,Office Supplies,21.984,6,0.8,-56.0592
CA-2014-145254,7/23/2014,Nick Crebassa,West,Technology,604.752,6,0.2,60.4752
CA-2014-145254,7/23/2014,Nick Crebassa,West,Office Supplies,40.7,5,0,11.803
CA-2014-145254,7/23/2014,Nick Crebassa,West,Technology,302.376,3,0.2,37.797
CA-2014-145254,7/23/2014,Nick Crebassa,West,Technology,45,3,0,4.95
CA-2014-116246,9/12/2014,Luke Weiss,East,Furniture,3785.292,6,0.1,420.588
CA-2016-160479,9/15/2016,Angele Hood,West,Office Supplies,35.4,5,0,13.452
CA-2014-167486,11/27/2014,Jack O'Briant,East,Furniture,199.9,5,0,39.98
CA-2014-152100,5/11/2014,Victoria Wilson,Central,Furniture,1212.96,8,0.3,-69.312
CA-2015-166219,8/28/2015,Ben Peterman,Central,Technology,1099.96,5,0.2,82.497
CA-2015-166219,8/28/2015,Ben Peterman,Central,Furniture,103.481,1,0.3,-16.2613
CA-2015-111864,6/19/2015,Paul Prost,East,Office Supplies,5.904,2,0.2,1.9926
CA-2015-119627,8/17/2015,Steven Cartwright,West,Technology,30.08,2,0.2,-5.264
CA-2015-119627,8/17/2015,Steven Cartwright,West,Office Supplies,36.288,7,0.2,12.7008
CA-2015-119627,8/17/2015,Steven Cartwright,West,Office Supplies,10.272,3,0.2,1.1556
CA-2015-119627,8/17/2015,Steven Cartwright,West,Technology,252.8,4,0.2,-31.6
CA-2015-160787,9/25/2015,Bryan Mills,East,Office Supplies,2.946,2,0.7,-2.0622
CA-2017-107853,5/26/2017,Carlos Daly,West,Office Supplies,12.96,2,0,6.2208
CA-2017-126144,7/31/2017,Greg Matthias,East,Technology,285.576,4,0.4,-57.1152
US-2014-154655,10/12/2014,Barry Pond,Central,Office Supplies,22.24,2,0.2,2.502
CA-2014-100391,5/25/2014,Barry Weirich,East,Office Supplies,14.62,2,0,6.7252
CA-2014-165477,12/29/2014,Ricardo Emerson,East,Office Supplies,48.36,5,0.2,6.045
CA-2017-165904,4/7/2017,Hallie Redmond,South,Office Supplies,16.256,2,0.2,1.2192
CA-2017-165904,4/7/2017,Hallie Redmond,South,Technology,219.184,2,0.2,19.1786
CA-2015-104052,3/1/2015,Tracy Poddar,Central,Technology,95.84,4,0.2,34.742
CA-2015-168277,5/29/2015,Karl Braun,Central,Office Supplies,12.39,3,0,5.6994
CA-2016-158617,9/22/2016,Anna Chung,Central,Office Supplies,35.88,6,0,16.146
CA-2017-136882,5/27/2017,Duane Noonan,Central,Furniture,477.3,5,0,138.417
US-2016-148957,9/17/2016,Chuck Clark,West,Office Supplies,12.32,4,0,5.9136
CA-2014-140032,9/8/2014,Toby Swindell,West,Office Supplies,8.608,2,0.2,3.0128
CA-2017-145506,6/3/2017,Meg O'Connel,West,Office Supplies,136.26,9,0,5.4504
CA-2015-129546,9/28/2015,Roy Phan,West,Office Supplies,186.15,3,0,55.845
CA-2015-129546,9/28/2015,Roy Phan,West,Office Supplies,81.792,6,0.2,26.5824
CA-2015-129546,9/28/2015,Roy Phan,West,Office Supplies,47.19,3,0,13.6851
CA-2015-129546,9/28/2015,Roy Phan,West,Technology,36.784,2,0.2,-8.2764
CA-2016-140977,6/16/2016,James Lanier,South,Technology,91.475,1,0.5,-1.8295
CA-2017-151855,5/27/2017,Bart Watters,South,Technology,27.192,3,0.2,0.3399
CA-2017-151855,5/27/2017,Bart Watters,South,Office Supplies,12.06,5,0.7,-10.05
CA-2014-138240,10/9/2014,Shirley Jackson,West,Office Supplies,144.6,3,0,41.934
CA-2014-138240,10/9/2014,Shirley Jackson,West,Technology,15.992,1,0.2,-2.9985
CA-2014-101833,11/17/2014,Frank Gastineau,East,Office Supplies,34.44,3,0,17.22
CA-2014-100867,10/19/2014,Eugene Hildebrand,West,Technology,321.552,6,0.2,20.097
US-2017-109610,11/25/2017,Brendan Sweed,South,Furniture,701.96,2,0,168.4704
CA-2014-156545,2/27/2014,Joy Smith,East,Office Supplies,19.456,4,0.2,3.4048
CA-2014-109127,12/21/2014,John Castell,East,Office Supplies,17.28,6,0,7.9488
CA-2016-126858,11/19/2016,Janet Molinari,West,Furniture,31.96,2,0,1.598
CA-2017-102925,11/5/2017,Christina DeMoss,East,Office Supplies,164.688,6,0.2,55.5822
CA-2017-102925,11/5/2017,Christina DeMoss,East,Furniture,166.5,2,0.4,-66.6
CA-2017-102925,11/5/2017,Christina DeMoss,East,Office Supplies,12.96,2,0,6.2208
CA-2017-102925,11/5/2017,Christina DeMoss,East,Office Supplies,110.96,2,0,53.2608
CA-2017-102925,11/5/2017,Christina DeMoss,East,Technology,99.98,2,0,3.9992
CA-2017-102925,11/5/2017,Christina DeMoss,East,Office Supplies,11.424,1,0.2,3.7128
CA-2017-102925,11/5/2017,Christina DeMoss,East,Furniture,128.124,2,0.1,24.2012
CA-2017-102925,11/5/2017,Christina DeMoss,East,Furniture,101.4,5,0,38.532
CA-2015-100818,5/31/2015,Janet Molinari,Central,Office Supplies,5.904,2,0.2,1.9926
CA-2015-100818,5/31/2015,Janet Molinari,Central,Office Supplies,173.488,7,0.2,54.215
CA-2015-100818,5/31/2015,Janet Molinari,Central,Furniture,51.56,2,0.6,-61.872
CA-2015-100818,5/31/2015,Janet Molinari,Central,Office Supplies,3.564,3,0.8,-6.237
CA-2014-126193,9/7/2014,Shahid Shariari,Central,Office Supplies,13.16,5,0.2,4.1125
CA-2014-126193,9/7/2014,Shahid Shariari,Central,Office Supplies,3.828,3,0.8,-6.5076
CA-2014-126193,9/7/2014,Shahid Shariari,Central,Office Supplies,304.99,5,0.8,-533.7325
CA-2017-150504,11/6/2017,Harry Greene,Central,Office Supplies,18.16,2,0.2,1.816
CA-2015-158351,6/20/2015,Becky Castell,East,Technology,319.984,2,0.2,91.9954
CA-2014-122679,7/22/2014,Alejandro Ballentine,West,Office Supplies,19.68,6,0,6.4944
CA-2016-164770,12/2/2016,Muhammed Yedwab,Central,Furniture,781.864,10,0.32,-137.976
CA-2016-164770,12/2/2016,Muhammed Yedwab,Central,Office Supplies,30.816,9,0.2,9.63
CA-2017-130505,10/12/2017,Natalie Fritzler,East,Furniture,673.344,3,0.3,-76.9536
US-2017-125213,12/11/2017,Nona Balk,East,Office Supplies,6.54,3,0,2.1582
CA-2015-156566,10/1/2015,Eric Murdock,West,Technology,572.8,2,0.2,50.12
US-2016-102232,8/5/2016,Maureen Fritzler,South,Office Supplies,197.05,7,0,59.115
CA-2017-111738,1/3/2017,Christopher Martinez,West,Office Supplies,2022.272,8,0.2,682.5168
CA-2017-111738,1/3/2017,Christopher Martinez,West,Office Supplies,9.12,3,0,3.1008
CA-2017-163188,11/7/2017,Erin Creighton,Central,Office Supplies,38.16,9,0,19.08
CA-2016-105207,1/3/2016,Bill Overfelt,Central,Furniture,1592.85,7,0,350.427
CA-2016-105207,1/3/2016,Bill Overfelt,Central,Office Supplies,11.88,2,0,5.346
US-2016-123610,5/12/2016,Vivian Mathis,West,Technology,120,6,0,46.8
US-2016-123610,5/12/2016,Vivian Mathis,West,Office Supplies,8.67,1,0,2.3409
CA-2017-118213,11/5/2017,Adam Bellavance,Central,Office Supplies,4.41,1,0,2.0286
CA-2017-118213,11/5/2017,Adam Bellavance,Central,Office Supplies,167.94,3,0,82.2906
CA-2017-118213,11/5/2017,Adam Bellavance,Central,Office Supplies,67.8,10,0,31.188
CA-2016-149237,5/26/2016,Chris McAfee,Central,Furniture,26.94,3,0,11.3148
US-2015-158589,11/20/2015,Kelly Williams,West,Furniture,32.04,3,0,8.01
CA-2016-101329,4/22/2016,Michael Moore,East,Office Supplies,32.13,9,0,8.3538
CA-2016-101329,4/22/2016,Michael Moore,East,Office Supplies,2.88,1,0,0.8064
CA-2016-113607,10/14/2016,Pauline Webber,East,Technology,1091.93,7,0,272.9825
CA-2016-113607,10/14/2016,Pauline Webber,East,Office Supplies,111.96,2,0,54.8604
CA-2014-149104,4/5/2014,Ruben Dartt,Central,Office Supplies,26.7,2,0,7.476
CA-2014-149104,4/5/2014,Ruben Dartt,Central,Office Supplies,40.2,5,0,18.09
CA-2014-149104,4/5/2014,Ruben Dartt,Central,Office Supplies,13.89,3,0,4.5837
CA-2014-149104,4/5/2014,Ruben Dartt,Central,Office Supplies,689.82,6,0,20.6946
CA-2016-105263,8/6/2016,Liz MacKendrick,East,Office Supplies,38.34,9,0,15.7194
CA-2014-130575,12/14/2014,Cari Sayre,Central,Office Supplies,9.264,3,0.8,-13.896
CA-2017-142461,5/30/2017,Kean Thornton,Central,Furniture,204.6664,1,0.32,-6.0196
CA-2016-125220,10/14/2016,Bobby Elias,Central,Technology,1649.75,5,0,544.4175
CA-2014-100293,3/14/2014,Neil Französisch,South,Office Supplies,91.056,6,0.2,31.8696
CA-2014-154165,2/17/2014,Delfina Latchford,Central,Office Supplies,54.208,14,0.2,8.8088
CA-2015-123939,8/24/2015,Maurice Satty,East,Technology,26.982,3,0.4,4.0473
CA-2015-123939,8/24/2015,Maurice Satty,East,Office Supplies,6.912,3,0.2,2.5056
CA-2015-123939,8/24/2015,Maurice Satty,East,Office Supplies,435.504,3,0.2,48.9942
US-2017-104451,5/8/2017,Michelle Moray,West,Office Supplies,81.08,4,0,22.7024
CA-2016-101189,2/4/2016,Jennifer Braxton,West,Office Supplies,93.02,2,0,3.7208
CA-2014-169446,12/19/2014,Speros Goranitis,Central,Technology,323.976,3,0.2,36.4473
CA-2014-169446,12/19/2014,Speros Goranitis,Central,Office Supplies,15.552,3,0.2,5.4432
CA-2014-169446,12/19/2014,Speros Goranitis,Central,Office Supplies,32.592,3,0.2,-7.7406
CA-2017-156958,12/5/2017,Patrick Bzostek,West,Office Supplies,83.92,5,0.2,29.372
CA-2017-156958,12/5/2017,Patrick Bzostek,West,Furniture,199.9,5,0,39.98
CA-2017-156958,12/5/2017,Patrick Bzostek,West,Technology,31.176,3,0.2,-7.0146
CA-2017-156958,12/5/2017,Patrick Bzostek,West,Office Supplies,172.752,6,0.2,60.4632
CA-2017-156958,12/5/2017,Patrick Bzostek,West,Office Supplies,9.296,2,0.2,3.0212
CA-2017-101637,3/24/2017,Ann Chong,Central,Office Supplies,12.768,2,0.2,0.9576
CA-2017-111759,7/8/2017,Mathew Reese,West,Office Supplies,52.76,2,0,24.2696
CA-2017-102729,10/26/2017,Benjamin Farhat,Central,Office Supplies,55.616,2,0.2,5.5616
CA-2016-116596,10/27/2016,Ben Wallace,East,Furniture,427.644,14,0.1,80.7772
CA-2016-116596,10/27/2016,Ben Wallace,East,Office Supplies,40.67,7,0,12.6077
CA-2016-116596,10/27/2016,Ben Wallace,East,Office Supplies,33.48,2,0,1.3392
CA-2016-116596,10/27/2016,Ben Wallace,East,Office Supplies,9.728,2,0.2,3.2832
CA-2017-124191,6/12/2017,Troy Staebel,Central,Furniture,8.856,3,0.6,-6.8634
CA-2016-148747,9/25/2016,Aaron Smayling,West,Furniture,477.666,2,0.15,84.294
US-2017-169488,9/7/2017,Allen Armold,East,Office Supplies,16.9,5,0,7.774
US-2017-169488,9/7/2017,Allen Armold,East,Office Supplies,39.96,2,0,18.7812
CA-2015-135727,5/11/2015,Paul Stevenson,West,Furniture,191.968,7,0.2,16.7972
CA-2015-135251,8/6/2015,Rachel Payne,Central,Office Supplies,35.52,3,0.2,13.32
CA-2015-135251,8/6/2015,Rachel Payne,Central,Office Supplies,6.23,5,0.8,-9.6565
CA-2015-135251,8/6/2015,Rachel Payne,Central,Office Supplies,56.704,2,0.2,19.1376
CA-2015-135251,8/6/2015,Rachel Payne,Central,Furniture,369.1992,3,0.32,-114.0174
CA-2014-166590,10/29/2014,Noah Childs,Central,Technology,1.98,2,0,0.891
CA-2014-166590,10/29/2014,Noah Childs,Central,Office Supplies,75.88,2,0,35.6636
CA-2016-131744,6/18/2016,Stewart Carmichael,East,Office Supplies,6.848,2,0.2,2.14
CA-2016-131744,6/18/2016,Stewart Carmichael,East,Office Supplies,4.626,2,0.7,-3.855
CA-2016-131744,6/18/2016,Stewart Carmichael,East,Office Supplies,453.6,3,0.2,90.72
CA-2015-160864,5/3/2015,Nicole Fjeld,West,Office Supplies,13.848,3,0.2,5.193
CA-2015-147690,11/10/2015,Sam Craven,East,Office Supplies,577.584,6,0.2,43.3188
CA-2015-163923,5/30/2015,Brendan Dodson,South,Technology,151.96,4,0,36.4704
CA-2016-125724,9/22/2016,Suzanne McNair,West,Furniture,68.432,7,0.2,8.554
CA-2015-111612,11/28/2015,Eugene Barchas,East,Furniture,71.12,5,0.2,9.779
CA-2015-111612,11/28/2015,Eugene Barchas,East,Office Supplies,3.008,2,0.2,0.564
CA-2015-156853,12/3/2015,Harold Pawlan,East,Office Supplies,184.66,7,0,84.9436
CA-2014-103086,10/17/2014,Evan Bailliet,Central,Furniture,5.312,2,0.6,-1.5936
CA-2016-129280,5/3/2016,Susan MacKendrick,East,Technology,132.52,5,0.2,34.7865
CA-2016-129280,5/3/2016,Susan MacKendrick,East,Office Supplies,195.64,5,0.2,-44.019
CA-2016-129280,5/3/2016,Susan MacKendrick,East,Furniture,51.968,2,0.2,10.3936
CA-2016-129280,5/3/2016,Susan MacKendrick,East,Technology,431.976,3,0.2,-75.5958
CA-2016-129280,5/3/2016,Susan MacKendrick,East,Technology,224.937,3,0.7,-164.9538
CA-2016-129280,5/3/2016,Susan MacKendrick,East,Office Supplies,6,2,0.2,2.1
CA-2015-161242,6/1/2015,Catherine Glotzbach,West,Office Supplies,11.76,2,0,5.7624
CA-2014-130428,3/31/2014,Trudy Glocke,South,Furniture,1125.488,7,0.2,98.4802
CA-2014-130428,3/31/2014,Trudy Glocke,South,Office Supplies,12.645,5,0.7,-10.116
CA-2014-130428,3/31/2014,Trudy Glocke,South,Office Supplies,4.032,2,0.2,1.0584
CA-2017-104388,7/5/2017,Damala Kotsonis,Central,Technology,79.96,4,0,22.3888
CA-2015-113131,9/24/2015,Maria Bertelson,East,Office Supplies,6.732,6,0.7,-4.488
CA-2015-113131,9/24/2015,Maria Bertelson,East,Office Supplies,33.568,2,0.2,1.6784
CA-2015-113131,9/24/2015,Maria Bertelson,East,Office Supplies,15.84,2,0.2,5.544
CA-2015-113131,9/24/2015,Maria Bertelson,East,Office Supplies,24.424,1,0.2,7.9378
CA-2015-113131,9/24/2015,Maria Bertelson,East,Office Supplies,17.12,5,0.2,1.926
CA-2015-148495,8/13/2015,Sandra Flanagan,West,Furniture,31.56,3,0,10.4148
CA-2015-143147,5/26/2015,Pamela Stobb,Central,Furniture,105.686,1,0.3,-28.6862
CA-2015-143147,5/26/2015,Pamela Stobb,Central,Technology,399.54,2,0.4,-79.908
CA-2015-143147,5/26/2015,Pamela Stobb,Central,Furniture,104.93,5,0.3,-4.497
CA-2017-152975,9/14/2017,Roger Barcio,East,Technology,1079.85,3,0,323.955
CA-2017-152975,9/14/2017,Roger Barcio,East,Office Supplies,70.98,1,0,3.549
CA-2017-152975,9/14/2017,Roger Barcio,East,Office Supplies,29.95,5,0,8.6855
CA-2017-152975,9/14/2017,Roger Barcio,East,Furniture,589.41,5,0.1,-6.549
CA-2016-107475,6/7/2016,Roy Skaria,East,Office Supplies,9.648,6,0.2,3.4974
CA-2017-116127,6/25/2017,Sarah Brown,East,Furniture,400.784,1,0.2,-5.0098
CA-2017-132584,8/26/2017,Heather Jas,Central,Office Supplies,53.72,4,0,13.9672
CA-2016-160598,8/26/2016,Stuart Van,South,Office Supplies,31.008,1,0.2,11.2404
CA-2016-108630,11/18/2016,Bobby Elias,West,Office Supplies,61.12,5,0.2,22.156
US-2017-129203,4/17/2017,Brendan Murry,Central,Office Supplies,195.136,4,0.2,-43.9056
CA-2017-110940,7/23/2017,Annie Zypern,Central,Office Supplies,121.536,4,0.2,15.192
CA-2014-119172,5/11/2014,Harold Dahlen,Central,Office Supplies,17.472,3,0.2,5.6784
CA-2014-119172,5/11/2014,Harold Dahlen,Central,Office Supplies,104.58,9,0.8,-172.557
US-2016-105452,7/28/2016,Barry Franz,Central,Furniture,24.7,5,0.6,-9.88
US-2016-105452,7/28/2016,Barry Franz,Central,Furniture,302.72,5,0.6,-378.4
CA-2017-108931,9/14/2017,Henia Zydlo,East,Office Supplies,8.56,2,0,3.852
CA-2017-108931,9/14/2017,Henia Zydlo,East,Office Supplies,11.56,2,0,5.6644
CA-2017-104619,1/24/2017,Keith Dawkins,West,Office Supplies,25.86,3,0,6.7236
CA-2017-104619,1/24/2017,Keith Dawkins,West,Office Supplies,276.784,2,0.2,89.9548
CA-2017-104619,1/24/2017,Keith Dawkins,West,Technology,110.352,3,0.2,8.2764
CA-2015-149517,9/19/2015,Frank Carlisle,West,Furniture,60.84,3,0,19.4688
CA-2015-116841,4/14/2015,Theone Pippenger,West,Office Supplies,35.208,1,0.2,2.6406
CA-2017-107797,5/8/2017,Ed Braxton,Central,Office Supplies,41.472,8,0.2,14.5152
CA-2016-117604,9/4/2016,Jeremy Pistek,South,Office Supplies,239.5,5,0,114.96
CA-2014-130155,5/19/2014,Tamara Dahlen,South,Office Supplies,34.2,5,0,9.234
CA-2016-129861,6/17/2016,Denise Monton,East,Furniture,376.866,3,0.4,-213.5574
CA-2015-138625,11/2/2015,Emily Grady,South,Office Supplies,197.72,4,0,55.3616
US-2017-122672,11/4/2017,Henry Goldwyn,East,Technology,70.72,4,0.2,-6.188
US-2017-122672,11/4/2017,Henry Goldwyn,East,Office Supplies,194.352,3,0.2,-43.7292
CA-2017-117128,12/5/2017,Bart Folk,East,Office Supplies,21.6,6,0,9.936
CA-2017-117128,12/5/2017,Bart Folk,East,Office Supplies,11.07,3,0,5.2029
CA-2016-130638,5/16/2016,Sanjit Chand,West,Furniture,282.84,4,0,19.7988
CA-2016-130638,5/16/2016,Sanjit Chand,West,Office Supplies,27.72,9,0,13.3056
CA-2017-144365,10/24/2017,Carlos Soltero,South,Office Supplies,11.68,4,0,5.256
CA-2016-110086,9/18/2016,Bill Donatelli,West,Technology,239.984,2,0.2,23.9984
CA-2014-128524,11/11/2014,Mary Zewe,West,Office Supplies,22.98,1,0,6.894
CA-2014-128524,11/11/2014,Mary Zewe,West,Technology,102.13,7,0,15.3195
CA-2014-128524,11/11/2014,Mary Zewe,West,Office Supplies,2033.584,2,0.2,762.594
CA-2016-140256,8/22/2016,Pauline Webber,West,Office Supplies,5.76,2,0,1.6704
CA-2017-160633,11/16/2017,Bill Stewart,East,Technology,899.982,3,0.4,74.9985
CA-2017-160633,11/16/2017,Bill Stewart,East,Office Supplies,86.352,3,0.2,5.397
CA-2017-160633,11/16/2017,Bill Stewart,East,Technology,139.96,5,0.2,-1.7495
CA-2014-115133,9/26/2014,Dianna Arnett,East,Office Supplies,16.704,6,0.2,1.2528
CA-2014-115133,9/26/2014,Dianna Arnett,East,Technology,3.152,2,0.2,0.4728
CA-2014-115133,9/26/2014,Dianna Arnett,East,Office Supplies,32.896,4,0.2,11.1024
CA-2017-137449,6/29/2017,Max Engle,Central,Office Supplies,21.392,2,0.8,-54.5496
CA-2017-137449,6/29/2017,Max Engle,Central,Furniture,307.314,3,0.3,-39.5118
CA-2017-137449,6/29/2017,Max Engle,Central,Furniture,409.9992,3,0.32,-96.4704
CA-2017-103520,9/23/2017,Maya Herman,Central,Office Supplies,9.248,2,0.2,3.3524
CA-2014-139283,11/23/2014,Bobby Trafton,Central,Office Supplies,14.67,3,0,6.7482
CA-2014-118192,1/13/2014,Michael Moore,East,Office Supplies,37.408,7,0.2,13.0928
CA-2014-118192,1/13/2014,Michael Moore,East,Office Supplies,3.438,2,0.7,-2.5212
CA-2016-168844,5/31/2016,Neoma Murray,East,Office Supplies,7.152,3,0.2,2.3244
CA-2016-168844,5/31/2016,Neoma Murray,East,Technology,179.7,6,0,88.053
CA-2017-154809,2/13/2017,Mark Hamilton,Central,Office Supplies,90.64,8,0,38.9752
CA-2014-151330,10/14/2014,Toby Carlisle,East,Technology,177,3,0,30.09
CA-2014-151330,10/14/2014,Toby Carlisle,East,Office Supplies,79.45,7,0,22.246
CA-2014-151330,10/14/2014,Toby Carlisle,East,Furniture,1628.82,9,0,260.6112
CA-2014-124702,11/18/2014,Maya Herman,West,Furniture,137.54,2,0,55.016
CA-2014-124702,11/18/2014,Maya Herman,West,Furniture,730.2,4,0,94.926
US-2017-125808,11/12/2017,Emily Phan,West,Office Supplies,11.56,2,0,5.6644
CA-2015-116638,1/28/2015,Joseph Holt,South,Furniture,4297.644,13,0.4,-1862.3124
CA-2014-104563,3/7/2014,Craig Molinari,West,Office Supplies,20.65,5,0,9.499
CA-2014-104563,3/7/2014,Craig Molinari,West,Office Supplies,204.9,5,0,0
CA-2014-104563,3/7/2014,Craig Molinari,West,Furniture,436.704,6,0.2,21.8352
CA-2014-104563,3/7/2014,Craig Molinari,West,Furniture,481.568,2,0.2,54.1764
US-2017-107979,6/8/2017,Frank Olsen,West,Technology,89.544,7,0.2,12.3123
US-2017-107979,6/8/2017,Frank Olsen,West,Office Supplies,35.168,2,0.2,-8.3524
US-2017-107979,6/8/2017,Frank Olsen,West,Office Supplies,72.588,2,0.7,-48.392
CA-2014-150518,11/19/2014,Mitch Webber,Central,Office Supplies,221.16,4,0,57.5016
CA-2014-150518,11/19/2014,Mitch Webber,Central,Technology,281.97,3,0,78.9516
CA-2016-107104,11/26/2016,Maribeth Schnelling,West,Furniture,3406.664,8,0.15,160.3136
CA-2016-107104,11/26/2016,Maribeth Schnelling,West,Office Supplies,37.17,9,0,10.4076
CA-2016-107104,11/26/2016,Maribeth Schnelling,West,Office Supplies,64.96,2,0,19.488
CA-2016-107104,11/26/2016,Maribeth Schnelling,West,Furniture,595.38,6,0,297.69
CA-2017-161893,1/23/2017,Harold Pawlan,West,Technology,95.984,2,0.2,11.998
CA-2017-161893,1/23/2017,Harold Pawlan,West,Office Supplies,4.938,2,0.7,-3.6212
CA-2014-156160,9/22/2014,Adam Shillingsburg,East,Furniture,97.44,3,0,35.0784
CA-2014-156160,9/22/2014,Adam Shillingsburg,East,Office Supplies,3.984,1,0.2,1.3944
CA-2014-156160,9/22/2014,Adam Shillingsburg,East,Office Supplies,13.04,4,0,5.7376
CA-2014-156160,9/22/2014,Adam Shillingsburg,East,Furniture,579.528,4,0.1,83.7096
CA-2014-100860,3/26/2014,Cindy Stewart,West,Office Supplies,18.75,5,0,9
CA-2016-160717,6/6/2016,Maria Etezadi,West,Technology,3023.928,9,0.2,226.7946
CA-2016-160717,6/6/2016,Maria Etezadi,West,Technology,26.96,2,0,3.7744
CA-2016-160717,6/6/2016,Maria Etezadi,West,Technology,477.6,3,0.2,161.19
CA-2017-132619,8/31/2017,Maxwell Schwartz,West,Office Supplies,193.95,3,0,9.6975
US-2015-120957,12/7/2015,Kristen Hastings,West,Office Supplies,12.96,2,0,6.2208
CA-2017-157448,11/16/2017,Lena Creighton,West,Furniture,119.94,3,0,23.988
CA-2017-157448,11/16/2017,Lena Creighton,West,Furniture,12.42,3,0,4.4712
CA-2016-126270,4/23/2016,Art Ferguson,West,Office Supplies,18.088,7,0.2,6.5569
CA-2016-126270,4/23/2016,Art Ferguson,West,Office Supplies,71.97,3,0,35.985
CA-2017-145275,4/2/2017,Amy Hunt,South,Office Supplies,14.94,3,0,6.8724
CA-2015-133396,8/13/2015,Grace Kelly,South,Office Supplies,64.68,7,0.2,8.085
US-2017-140312,11/13/2017,Ken Lonsdale,West,Technology,22,5,0.2,1.375
CA-2016-114867,12/23/2016,Frank Merwin,East,Office Supplies,7.968,2,0.2,2.6892
CA-2016-114867,12/23/2016,Frank Merwin,East,Technology,1499.97,5,0.4,-374.9925
US-2014-164644,7/22/2014,John Lucas,Central,Office Supplies,26.632,1,0.2,1.3316
CA-2016-137393,5/6/2016,Gene McClure,West,Furniture,41.6,4,0,14.144
US-2014-120175,11/28/2014,Matthew Clasen,Central,Office Supplies,64.02,6,0,29.4492
CA-2016-144785,4/18/2016,Cindy Schnelling,East,Office Supplies,6.99,3,0,2.0271
CA-2016-144785,4/18/2016,Cindy Schnelling,East,Office Supplies,6.84,1,0,1.8468
CA-2015-130113,12/27/2015,Aaron Hawkins,West,Office Supplies,323.1,2,0,61.389
CA-2015-130113,12/27/2015,Aaron Hawkins,West,Technology,668.16,9,0.2,75.168
CA-2017-122770,12/13/2017,Emily Phan,West,Office Supplies,8.64,3,0,4.2336
CA-2017-122770,12/13/2017,Emily Phan,West,Office Supplies,38.88,6,0,18.6624
CA-2017-122770,12/13/2017,Emily Phan,West,Furniture,201.04,8,0,54.2808
CA-2017-122770,12/13/2017,Emily Phan,West,Office Supplies,12.96,2,0,6.3504
CA-2017-118668,1/2/2017,Fred Wasserman,West,Technology,16.59,1,0,5.8065
CA-2017-116498,5/30/2017,Kelly Andreada,West,Office Supplies,35.1,6,0,10.179
US-2017-130603,9/30/2017,Sample Company A,Central,Office Supplies,11.646,9,0.8,-17.469
US-2017-135986,6/20/2017,Paul Gonzalez,South,Office Supplies,32.4,5,0,15.552
US-2017-135986,6/20/2017,Paul Gonzalez,South,Technology,503.96,4,0,125.99
CA-2017-140536,4/4/2017,Tom Ashbrook,East,Office Supplies,7.04,4,0,2.0416
CA-2015-130183,11/13/2015,Patrick O'Brill,Central,Furniture,613.9992,3,0.32,-18.0588
CA-2015-107902,8/28/2015,Suzanne McNair,East,Office Supplies,470.36,11,0,122.2936
CA-2017-130148,9/24/2017,Neil Knudson,West,Office Supplies,31.08,6,0,15.2292
CA-2017-130148,9/24/2017,Neil Knudson,West,Office Supplies,7.3,2,0,2.19
US-2016-151260,12/11/2016,Steve Chapman,East,Office Supplies,73.536,4,0.2,9.192
CA-2014-144281,6/10/2014,Heather Kirkland,Central,Office Supplies,491.55,5,0,240.8595
CA-2016-122511,3/11/2016,Brad Thomas,East,Furniture,30.336,4,0.2,9.48
CA-2017-154116,12/15/2017,Khloe Miller,West,Office Supplies,22.83,3,0,10.7301
CA-2017-154116,12/15/2017,Khloe Miller,West,Office Supplies,54.32,4,0,16.296
CA-2017-154116,12/15/2017,Khloe Miller,West,Technology,196.776,3,0.2,14.7582
CA-2016-105291,10/30/2016,Susan Pistek,West,Office Supplies,3.62,2,0,1.1946
CA-2017-147032,7/31/2017,Laurel Beltran,East,Office Supplies,11.54,1,0,5.5392
CA-2017-147032,7/31/2017,Laurel Beltran,East,Office Supplies,849.95,5,0,390.977
CA-2017-147032,7/31/2017,Laurel Beltran,East,Office Supplies,11.01,3,0,5.3949
CA-2017-125990,10/19/2017,Joy Smith,West,Office Supplies,39.624,3,0.2,13.8684
CA-2016-161746,10/21/2016,Carlos Soltero,West,Furniture,242.136,3,0.2,12.1068
CA-2016-161746,10/21/2016,Carlos Soltero,West,Office Supplies,12.39,3,0,5.6994
CA-2016-161746,10/21/2016,Carlos Soltero,West,Furniture,19.96,2,0,5.5888
CA-2016-161746,10/21/2016,Carlos Soltero,West,Office Supplies,340.92,3,0,3.4092
CA-2014-114251,11/5/2014,Maribeth Dona,East,Furniture,273.568,2,0.2,-34.196
CA-2014-114251,11/5/2014,Maribeth Dona,East,Office Supplies,13.194,2,0.7,-8.796
CA-2014-114251,11/5/2014,Maribeth Dona,East,Office Supplies,1080.096,6,0.2,-94.5084
CA-2014-114251,11/5/2014,Maribeth Dona,East,Technology,51.56,5,0.2,-6.445
CA-2014-114251,11/5/2014,Maribeth Dona,East,Technology,58.416,2,0.2,16.7946
CA-2016-116379,11/7/2016,Lisa DeCherney,West,Office Supplies,57.584,2,0.2,20.1544
US-2016-144477,8/12/2016,Deborah Brumfield,East,Office Supplies,37.312,4,0.2,2.7984
CA-2016-108210,5/30/2016,Annie Thurman,Central,Technology,79.96,5,0.2,7.996
CA-2016-108210,5/30/2016,Annie Thurman,Central,Technology,223.96,5,0.2,11.198
CA-2017-166835,11/12/2017,Dennis Kane,East,Office Supplies,221.024,2,0.2,-55.256
CA-2016-119641,9/22/2016,Chris Selesnick,Central,Furniture,18.96,2,0,7.584
CA-2016-105781,2/16/2016,Jill Fjeld,East,Furniture,326.646,3,0.1,39.9234
CA-2016-105781,2/16/2016,Jill Fjeld,East,Technology,89.97,3,0,39.5868
CA-2014-101364,12/22/2014,Tamara Willingham,East,Office Supplies,296.712,13,0.2,100.1403
CA-2015-117898,12/5/2015,Tim Brockman,Central,Office Supplies,12.224,2,0.2,4.4312
CA-2017-142293,9/17/2017,Shahid Collister,West,Technology,89.97,3,0,37.7874
CA-2017-167395,12/2/2017,Kunst Miller,East,Office Supplies,286.86,7,0,80.3208
CA-2017-167395,12/2/2017,Kunst Miller,East,Technology,979.95,5,0,284.1855
CA-2017-167395,12/2/2017,Kunst Miller,East,Office Supplies,4.36,2,0,0.1744
CA-2014-111962,9/29/2014,Evan Bailliet,West,Office Supplies,10.048,2,0.2,3.14
CA-2014-111962,9/29/2014,Evan Bailliet,West,Office Supplies,807.75,5,0,153.4725
CA-2017-124261,11/14/2017,Joe Elijah,West,Office Supplies,34.24,8,0,9.9296
CA-2014-114321,8/20/2014,Nick Crebassa,South,Furniture,500.24,13,0,145.0696
CA-2014-114321,8/20/2014,Nick Crebassa,South,Office Supplies,20.12,2,0,9.2552
CA-2014-114321,8/20/2014,Nick Crebassa,South,Office Supplies,896.99,1,0,421.5853
CA-2014-128062,11/19/2014,Alan Dominguez,East,Office Supplies,5.88,1,0.2,1.9845
US-2015-100069,6/29/2015,Neil Französisch,Central,Technology,269.98,2,0,72.8946
CA-2017-129294,3/16/2017,Ken Dana,West,Office Supplies,310.12,2,0,80.6312
CA-2017-129294,3/16/2017,Ken Dana,West,Office Supplies,70.464,6,0.2,22.9008
CA-2017-129294,3/16/2017,Ken Dana,West,Office Supplies,19.68,5,0.2,6.888
CA-2017-129294,3/16/2017,Ken Dana,West,Office Supplies,140.67,3,0,54.8613
CA-2015-117086,11/8/2015,Quincy Jones,East,Furniture,4404.9,5,0,1013.127
CA-2017-131303,11/28/2017,Emily Phan,West,Office Supplies,62.65,5,0,29.4455
CA-2016-137127,6/16/2016,Jennifer Jackson,East,Office Supplies,9.45,3,0,4.536
CA-2017-141782,1/21/2017,Bobby Elias,Central,Office Supplies,268.576,4,0.2,90.6444
CA-2017-137505,11/24/2017,Beth Paige,West,Furniture,364.08,2,0.2,9.102
CA-2017-137505,11/24/2017,Beth Paige,West,Furniture,71.088,2,0.2,-1.7772
US-2014-140914,11/11/2014,Brosina Hoffman,Central,Furniture,10.984,2,0.6,-7.9634
US-2014-140914,11/11/2014,Brosina Hoffman,Central,Furniture,797.944,4,0.3,-56.996
CA-2016-158358,3/4/2016,Eleni McCrary,East,Technology,159.98,2,0,57.5928
CA-2016-113390,10/11/2016,Emily Phan,Central,Office Supplies,5.344,2,0.2,0.668
CA-2016-113390,10/11/2016,Emily Phan,Central,Office Supplies,27.72,3,0.2,3.465
US-2016-158680,7/1/2016,Nick Zandusky,West,Office Supplies,2.496,1,0.2,0.9048
CA-2017-113705,3/27/2017,Lena Cacioppo,South,Office Supplies,8.26,2,0,3.7996
CA-2017-113705,3/27/2017,Lena Cacioppo,South,Office Supplies,17.76,2,0,8.88
CA-2017-113705,3/27/2017,Lena Cacioppo,South,Office Supplies,332.94,3,0,9.9882
CA-2017-113705,3/27/2017,Lena Cacioppo,South,Furniture,292.1,2,0,58.42
CA-2017-113705,3/27/2017,Lena Cacioppo,South,Technology,206.1,5,0,55.647
CA-2017-113705,3/27/2017,Lena Cacioppo,South,Office Supplies,17.64,4,0,8.1144
CA-2016-146913,10/31/2016,Sylvia Foulston,West,Furniture,1403.92,5,0.2,70.196
CA-2017-159135,11/4/2017,Katherine Murray,South,Office Supplies,4.3,2,0,1.419
CA-2014-121762,2/14/2014,Marina Lichtenstein,West,Technology,239.97,3,0,86.3892
CA-2014-121762,2/14/2014,Marina Lichtenstein,West,Office Supplies,81.96,2,0,22.9488
CA-2014-121762,2/14/2014,Marina Lichtenstein,West,Office Supplies,238.62,2,0,4.7724
CA-2014-123855,6/18/2014,Mick Crebagga,West,Technology,139.8,5,0.2,12.2325
CA-2017-101959,2/28/2017,Duane Benoit,East,Office Supplies,9.84,2,0,4.7232
CA-2017-101959,2/28/2017,Duane Benoit,East,Office Supplies,7.78,1,0,3.501
CA-2017-102659,12/9/2017,Luke Weiss,Central,Office Supplies,54.9,5,0,26.901
CA-2017-142328,12/7/2017,Tracy Collins,West,Office Supplies,50.04,6,0,25.02
CA-2016-123533,11/24/2016,Sample Company A,South,Furniture,339.92,5,0.2,8.498
CA-2016-123533,11/24/2016,Sample Company A,South,Office Supplies,10.528,4,0.2,3.4216
CA-2016-123533,11/24/2016,Sample Company A,South,Office Supplies,42.384,2,0.2,4.2384
CA-2016-104983,7/3/2016,Filia McAdams,East,Office Supplies,123.92,5,0.2,38.725
CA-2016-160234,6/26/2016,Phillip Flathmann,South,Technology,135.95,1,0,39.4255
CA-2014-169019,7/26/2014,Luke Foster,Central,Office Supplies,2177.584,8,0.8,-3701.8928
CA-2014-169019,7/26/2014,Luke Foster,Central,Furniture,17.496,3,0.6,-10.0602
CA-2014-169019,7/26/2014,Luke Foster,Central,Office Supplies,16.784,4,0.8,-26.8544
CA-2014-169019,7/26/2014,Luke Foster,Central,Technology,431.136,9,0.2,-26.946
CA-2014-169019,7/26/2014,Luke Foster,Central,Office Supplies,8.88,5,0.8,-13.32
CA-2014-169019,7/26/2014,Luke Foster,Central,Office Supplies,4.836,2,0.8,-12.09
CA-2016-153178,9/14/2016,Clay Ludtke,East,Technology,437.85,3,0,131.355
CA-2016-153178,9/14/2016,Clay Ludtke,East,Office Supplies,673.568,2,0.2,252.588
CA-2015-149748,5/31/2015,Elizabeth Moffitt,East,Office Supplies,274.8,5,0,134.652
CA-2015-149748,5/31/2015,Elizabeth Moffitt,East,Office Supplies,62.18,1,0,16.7886
CA-2015-149748,5/31/2015,Elizabeth Moffitt,East,Furniture,8.28,2,0,2.9808
CA-2015-155635,5/9/2015,Max Engle,South,Office Supplies,48.81,3,0,23.9169
US-2014-114377,11/5/2014,Barry Gonzalez,South,Furniture,149.9,5,0,40.473
CA-2017-144491,3/27/2017,Caroline Jumper,Central,Furniture,1023.332,5,0.32,-30.098
CA-2017-144491,3/27/2017,Caroline Jumper,Central,Furniture,600.558,3,0.3,-8.5794
CA-2017-144491,3/27/2017,Caroline Jumper,Central,Technology,39.992,1,0.2,6.9986
CA-2017-144491,3/27/2017,Caroline Jumper,Central,Furniture,211.246,2,0.3,-66.3916
CA-2014-127166,5/21/2014,Katherine Hughes,Central,Office Supplies,56.064,6,0.2,21.024
CA-2014-127166,5/21/2014,Katherine Hughes,Central,Furniture,107.772,2,0.3,-29.2524
CA-2014-127166,5/21/2014,Katherine Hughes,Central,Office Supplies,4.832,1,0.2,1.6308
CA-2014-127166,5/21/2014,Katherine Hughes,Central,Office Supplies,18.24,3,0.8,-31.008
CA-2016-125920,5/21/2016,Sally Hughsby,Central,Office Supplies,3.798,3,0.8,-5.8869
CA-2015-128608,1/12/2015,Cindy Schnelling,East,Office Supplies,10.368,2,0.2,1.5552
CA-2015-128608,1/12/2015,Cindy Schnelling,East,Technology,235.188,2,0.4,-43.1178
CA-2015-128608,1/12/2015,Cindy Schnelling,East,Technology,26.376,4,0.4,2.6376
CA-2015-128608,1/12/2015,Cindy Schnelling,East,Technology,10.384,2,0.2,2.2066
CA-2015-128608,1/12/2015,Cindy Schnelling,East,Technology,107.118,3,0.4,-21.4236
CA-2017-137918,9/29/2017,Joe Kamberova,West,Office Supplies,97.3,7,0,28.217
CA-2015-122973,7/18/2015,Pauline Johnson,East,Office Supplies,3.328,2,0.2,1.2064
CA-2015-122973,7/18/2015,Pauline Johnson,East,Technology,135.99,1,0,36.7173
CA-2015-122973,7/18/2015,Pauline Johnson,East,Furniture,7.38,1,0,2.1402
CA-2016-136322,10/21/2016,Anne Pryor,South,Furniture,45.568,2,0.2,9.6832
CA-2016-136322,10/21/2016,Anne Pryor,South,Office Supplies,28.752,8,0.7,-21.0848
CA-2017-107209,7/27/2017,Joni Wasserman,South,Furniture,194.848,4,0.2,12.178
CA-2017-145093,7/21/2017,Pete Takahito,Central,Office Supplies,2.112,2,0.8,-3.3792
US-2014-139640,11/7/2014,Troy Blackwell,West,Office Supplies,25.92,5,0.2,9.072
US-2014-139640,11/7/2014,Troy Blackwell,West,Office Supplies,120.768,4,0.2,9.0576
CA-2016-117583,11/27/2016,Cassandra Brandow,East,Office Supplies,25.92,4,0,12.4416
CA-2016-117583,11/27/2016,Cassandra Brandow,East,Office Supplies,34.65,3,0,9.702
CA-2016-117583,11/27/2016,Cassandra Brandow,East,Office Supplies,204.95,5,0,100.4255
CA-2016-117583,11/27/2016,Cassandra Brandow,East,Office Supplies,79.95,5,0,38.376
CA-2015-162201,6/8/2015,Andrew Gjertsen,South,Office Supplies,173.488,7,0.2,54.215
CA-2015-162201,6/8/2015,Andrew Gjertsen,South,Office Supplies,516.96,4,0.2,-6.462
CA-2015-162201,6/8/2015,Andrew Gjertsen,South,Furniture,173.208,7,0.2,45.4671
CA-2015-162201,6/8/2015,Andrew Gjertsen,South,Office Supplies,4.448,2,0.2,0.3336
CA-2015-162201,6/8/2015,Andrew Gjertsen,South,Office Supplies,9,3,0.2,3.15
CA-2015-162201,6/8/2015,Andrew Gjertsen,South,Office Supplies,42.24,10,0.2,13.2
CA-2015-162201,6/8/2015,Andrew Gjertsen,South,Office Supplies,18.264,2,0.7,-13.3936
US-2014-164406,8/15/2014,Brian Dahlen,West,Office Supplies,152.91,3,0,42.8148
US-2014-164406,8/15/2014,Brian Dahlen,West,Office Supplies,92.94,3,0,41.823
US-2014-164406,8/15/2014,Brian Dahlen,West,Office Supplies,17.856,4,0.2,6.2496
US-2014-164406,8/15/2014,Brian Dahlen,West,Office Supplies,46.44,3,0.2,15.093
US-2014-164406,8/15/2014,Brian Dahlen,West,Furniture,195.136,4,0.2,-12.196
CA-2017-169999,6/19/2017,Jim Sink,East,Office Supplies,129.3,2,0,6.465
CA-2017-169999,6/19/2017,Jim Sink,East,Office Supplies,11.568,3,0.2,3.7596
US-2017-152842,7/16/2017,Natalie Fritzler,South,Furniture,242.352,3,0.2,15.147
CA-2014-113257,12/16/2014,Sean Christensen,Central,Technology,319.968,4,0.2,95.9904
CA-2014-113257,12/16/2014,Sean Christensen,Central,Furniture,8.624,7,0.6,-2.5872
CA-2014-133963,5/18/2014,George Ashbrook,Central,Office Supplies,3.984,1,0.2,1.4442
CA-2017-130302,9/14/2017,Craig Yedwab,East,Technology,895.944,7,0.2,190.3881
CA-2016-126627,10/10/2016,William Brown,Central,Furniture,14,4,0.6,-6.3
CA-2016-126627,10/10/2016,William Brown,Central,Office Supplies,16.392,2,0.8,-26.2272
US-2016-125402,9/25/2016,Dan Lawera,West,Office Supplies,10.9,5,0,5.123
US-2016-125402,9/25/2016,Dan Lawera,West,Office Supplies,29.6,2,0,14.8
US-2016-125402,9/25/2016,Dan Lawera,West,Office Supplies,4.98,1,0,2.2908
US-2016-125402,9/25/2016,Dan Lawera,West,Technology,479.976,3,0.2,161.9919
US-2016-125402,9/25/2016,Dan Lawera,West,Technology,44.736,8,0.2,4.4736
US-2016-125402,9/25/2016,Dan Lawera,West,Office Supplies,5.76,2,0,1.6704
US-2016-125402,9/25/2016,Dan Lawera,West,Furniture,483.136,4,0.2,60.392
CA-2014-163867,6/3/2014,Richard Eichhorn,Central,Office Supplies,15.936,4,0.2,5.1792
CA-2014-163867,6/3/2014,Richard Eichhorn,Central,Furniture,61.544,7,0.6,-40.0036
CA-2014-163867,6/3/2014,Richard Eichhorn,Central,Office Supplies,132.696,3,0.2,9.9522
CA-2017-169327,9/2/2017,Marc Harrigan,West,Office Supplies,43.1,5,0,11.206
CA-2017-169327,9/2/2017,Marc Harrigan,West,Furniture,511.5,5,0,132.99
CA-2017-169327,9/2/2017,Marc Harrigan,West,Office Supplies,147.92,5,0.2,46.225
CA-2014-142979,4/12/2014,Edward Hooks,West,Office Supplies,39.68,2,0,16.2688
CA-2016-158155,5/2/2016,Edward Hooks,East,Furniture,12.56,2,0,4.0192
CA-2016-158155,5/2/2016,Edward Hooks,East,Office Supplies,90.48,3,0.2,33.93
CA-2016-158155,5/2/2016,Edward Hooks,East,Office Supplies,13.08,2,0,6.0168
CA-2016-158155,5/2/2016,Edward Hooks,East,Furniture,214.7,5,0,83.733
CA-2017-138870,6/19/2017,George Ashbrook,West,Furniture,50.32,4,0,21.1344
CA-2017-138870,6/19/2017,George Ashbrook,West,Office Supplies,24.56,2,0,11.5432
CA-2014-120950,11/6/2014,George Ashbrook,South,Office Supplies,43.68,6,0,20.9664
CA-2015-164301,3/26/2015,Ellis Ballard,West,Furniture,3393.68,8,0,610.8624
CA-2017-113278,1/14/2017,Hallie Redmond,Central,Office Supplies,67.4,5,0,17.524
CA-2017-113278,1/14/2017,Hallie Redmond,Central,Office Supplies,2.52,2,0,0.1008
CA-2017-113278,1/14/2017,Hallie Redmond,Central,Technology,67.8,4,0,1.356
CA-2017-113278,1/14/2017,Hallie Redmond,Central,Office Supplies,18.76,2,0,5.2528
CA-2017-113278,1/14/2017,Hallie Redmond,Central,Technology,12.12,4,0,2.5452
CA-2017-113278,1/14/2017,Hallie Redmond,Central,Office Supplies,11.34,1,0,5.5566
CA-2017-113278,1/14/2017,Hallie Redmond,Central,Technology,159.8,4,0,70.312
CA-2017-113278,1/14/2017,Hallie Redmond,Central,Furniture,18.96,2,0,8.532
US-2015-116981,3/26/2015,Suzanne McNair,East,Office Supplies,1085.42,7,0,282.2092
US-2015-116981,3/26/2015,Suzanne McNair,East,Office Supplies,13.11,3,0,3.4086
CA-2014-114195,11/1/2014,Erin Ashbrook,East,Furniture,68.704,2,0.2,16.3172
CA-2014-114195,11/1/2014,Erin Ashbrook,East,Office Supplies,3.132,2,0.7,-2.61
CA-2014-114195,11/1/2014,Erin Ashbrook,East,Office Supplies,22.428,3,0.7,-17.9424
CA-2017-146269,10/6/2017,Mark Hamilton,Central,Office Supplies,290.336,2,0.2,32.6628
CA-2017-146269,10/6/2017,Mark Hamilton,Central,Office Supplies,19.152,2,0.2,1.197
CA-2016-100587,12/10/2016,Sara Luxemburg,East,Office Supplies,6.48,1,0,3.1104
CA-2016-166653,9/22/2016,Nora Pelletier,East,Office Supplies,63.968,2,0.2,19.99
CA-2015-130855,12/29/2015,Roy Französisch,East,Office Supplies,6.36,2,0,0.0636
US-2017-166324,4/20/2017,Brad Eason,East,Office Supplies,848.544,4,0.2,-21.2136
US-2017-166324,4/20/2017,Brad Eason,East,Office Supplies,8.7,5,0.7,-6.38
US-2017-166324,4/20/2017,Brad Eason,East,Technology,122.382,3,0.4,-24.4764
CA-2016-122581,8/21/2016,Jay Kimmel,East,Furniture,573.174,7,0.1,63.686
CA-2015-104297,5/29/2015,Chad Cunningham,East,Office Supplies,85.056,3,0.2,28.7064
CA-2014-153927,8/12/2014,Lauren Leatherbury,South,Office Supplies,14.04,3,0,6.7392
CA-2014-153927,8/12/2014,Lauren Leatherbury,South,Technology,272.61,13,0,98.1396
CA-2014-112291,4/3/2014,Katrina Edelman,West,Office Supplies,11.16,2,0,5.58
CA-2014-112291,4/3/2014,Katrina Edelman,West,Technology,62.31,3,0,22.4316
CA-2014-112291,4/3/2014,Katrina Edelman,West,Technology,159.98,2,0,57.5928
CA-2014-146997,1/23/2014,Speros Goranitis,Central,Office Supplies,5.94,3,0,0
CA-2017-169607,10/12/2017,Christina Anderson,East,Office Supplies,9.96,2,0,4.6812
CA-2015-127544,8/8/2015,Rob Dowd,East,Technology,79.99,1,0,28.7964
CA-2017-166499,3/19/2017,Vivek Grady,East,Office Supplies,8.94,3,0,2.4138
US-2016-115441,7/25/2016,Sally Hughsby,Central,Office Supplies,20.62,2,0,9.6914
US-2016-115441,7/25/2016,Sally Hughsby,Central,Technology,124.25,7,0,48.4575
US-2016-115441,7/25/2016,Sally Hughsby,Central,Technology,297.55,5,0,83.314
US-2016-115441,7/25/2016,Sally Hughsby,Central,Furniture,403.56,4,0,96.8544
US-2016-115441,7/25/2016,Sally Hughsby,Central,Furniture,95.2,5,0,27.608
CA-2014-115049,9/26/2014,Michael Moore,Central,Technology,153.824,11,0.2,38.456
CA-2014-156342,6/17/2014,Jennifer Ferguson,Central,Office Supplies,62.016,2,0.2,22.4808
CA-2016-112830,6/6/2016,Liz Preis,East,Furniture,466.32,3,0.2,34.974
CA-2016-112830,6/6/2016,Liz Preis,East,Furniture,82.64,2,0.2,0
US-2014-117380,3/28/2014,Mike Pelletier,East,Furniture,330.588,1,0.4,-143.2548
CA-2017-117646,8/21/2017,Sung Chung,West,Office Supplies,237.096,3,0.2,20.7459
CA-2017-117646,8/21/2017,Sung Chung,West,Furniture,22.752,3,0.2,7.11
CA-2017-117646,8/21/2017,Sung Chung,West,Office Supplies,6.672,1,0.2,2.085
CA-2014-122609,11/12/2014,Darren Powers,Central,Furniture,25.128,3,0.6,-6.9102
CA-2014-122609,11/12/2014,Darren Powers,Central,Technology,127.984,2,0.2,25.5968
US-2015-129007,9/13/2015,Ken Dana,West,Furniture,131.88,7,0,55.3896
US-2015-129007,9/13/2015,Ken Dana,West,Office Supplies,25.032,3,0.2,7.8225
US-2015-129007,9/13/2015,Ken Dana,West,Furniture,717.72,3,0.2,71.772
US-2015-129007,9/13/2015,Ken Dana,West,Furniture,207.35,5,0,24.882
US-2015-129007,9/13/2015,Ken Dana,West,Furniture,44.67,3,0,12.0609
US-2015-129007,9/13/2015,Ken Dana,West,Office Supplies,209.7,2,0,100.656
US-2014-157231,4/5/2014,Roy Phan,South,Office Supplies,115.36,7,0,56.5264
CA-2015-132388,10/10/2015,Katherine Nockton,West,Furniture,362.136,3,0.2,-54.3204
CA-2015-132388,10/10/2015,Katherine Nockton,West,Office Supplies,31.05,3,0,14.904
CA-2017-160927,1/29/2017,Tamara Manning,Central,Office Supplies,12.96,2,0,6.2208
CA-2017-160927,1/29/2017,Tamara Manning,Central,Office Supplies,94.85,5,0,45.528
CA-2017-160927,1/29/2017,Tamara Manning,Central,Office Supplies,13.48,1,0,3.5048
CA-2017-160927,1/29/2017,Tamara Manning,Central,Furniture,14.91,3,0,4.6221
CA-2015-105508,9/24/2015,Jamie Frazer,East,Office Supplies,39.98,1,0,17.991
CA-2016-149272,3/15/2016,Muhammed Yedwab,Central,Furniture,528.43,5,0.3,-143.431
CA-2016-149272,3/15/2016,Muhammed Yedwab,Central,Office Supplies,22.386,7,0.8,-35.8176
CA-2014-111360,11/24/2014,Alyssa Tate,East,Office Supplies,5.742,3,0.7,-4.5936
US-2017-162124,5/6/2017,Jeremy Farry,Central,Technology,191.968,4,0.2,28.7952
CA-2015-159534,3/20/2015,Dave Hallsten,East,Office Supplies,49.848,3,0.2,16.8237
CA-2015-159534,3/20/2015,Dave Hallsten,East,Office Supplies,23.99,1,0,11.995
CA-2015-159534,3/20/2015,Dave Hallsten,East,Office Supplies,1087.936,8,0.2,353.5792
CA-2015-159534,3/20/2015,Dave Hallsten,East,Technology,199.98,2,0,53.9946
CA-2015-159534,3/20/2015,Dave Hallsten,East,Office Supplies,83.92,4,0,20.1408
CA-2016-129630,9/4/2016,Ionia McGrath,West,Furniture,24.27,3,0,8.7372
CA-2016-129630,9/4/2016,Ionia McGrath,West,Technology,2799.96,5,0.2,944.9865
CA-2015-104948,11/13/2015,Keith Herrera,West,Office Supplies,9.872,2,0.2,3.4552
CA-2015-104948,11/13/2015,Keith Herrera,West,Furniture,683.332,4,0.15,-40.196
CA-2015-104948,11/13/2015,Keith Herrera,West,Office Supplies,29.96,7,0,13.482
CA-2014-166555,7/11/2014,Jamie Kunitz,East,Technology,164.85,3,0,47.8065
CA-2016-114405,4/7/2016,Alan Shonely,East,Office Supplies,33.528,3,0.2,2.5146
CA-2016-114405,4/7/2016,Alan Shonely,East,Office Supplies,36.744,3,0.2,3.6744
CA-2017-132955,6/24/2017,Sonia Cooley,East,Office Supplies,102.93,3,0,48.3771
CA-2016-164889,6/3/2016,Christine Phan,West,Furniture,71.088,2,0.2,-1.7772
CA-2016-169824,12/12/2016,Noel Staavos,East,Furniture,60.35,5,0,19.9155
CA-2016-169824,12/12/2016,Noel Staavos,East,Office Supplies,35.52,4,0,9.9456
CA-2016-169824,12/12/2016,Noel Staavos,East,Office Supplies,11.2,7,0,4.816
CA-2017-164028,11/24/2017,John Lee,West,Technology,223.58,14,0,87.1962
CA-2014-143371,12/28/2014,Maribeth Dona,West,Office Supplies,998.82,9,0,29.9646
CA-2014-143371,12/28/2014,Maribeth Dona,West,Office Supplies,51.15,5,0,13.299
CA-2015-145415,4/12/2015,Robert Dilbeck,West,Office Supplies,40.74,3,0,0.4074
CA-2014-111157,3/2/2014,Nicole Hansen,East,Office Supplies,3.424,1,0.2,1.07
CA-2014-111157,3/2/2014,Nicole Hansen,East,Technology,151.2,3,0.2,32.13
CA-2017-121559,6/1/2017,Helen Wasserman,Central,Furniture,1925.88,6,0,539.2464
CA-2017-121559,6/1/2017,Helen Wasserman,Central,Office Supplies,2405.2,8,0,793.716
CA-2017-121559,6/1/2017,Helen Wasserman,Central,Technology,83.97,3,0,15.9543
CA-2017-121559,6/1/2017,Helen Wasserman,Central,Technology,39.89,1,0,14.7593
CA-2017-121559,6/1/2017,Helen Wasserman,Central,Office Supplies,17.38,2,0,8.69
CA-2015-141593,12/14/2015,Darren Budd,West,Office Supplies,55.264,2,0.2,20.724
CA-2015-141593,12/14/2015,Darren Budd,West,Office Supplies,6.48,1,0,3.1104
CA-2015-141593,12/14/2015,Darren Budd,West,Office Supplies,34.248,3,0.2,11.5587
CA-2015-141593,12/14/2015,Darren Budd,West,Furniture,273.568,2,0.2,10.2588
US-2014-143287,11/11/2014,Kristina Nunn,East,Office Supplies,46.35,5,0,21.7845
US-2014-143287,11/11/2014,Kristina Nunn,East,Office Supplies,223.92,4,0,109.7208
US-2014-143287,11/11/2014,Kristina Nunn,East,Office Supplies,7.3,2,0,2.19
CA-2017-137421,10/6/2017,Ashley Jarboe,West,Office Supplies,9.344,2,0.2,1.8688
CA-2017-141446,9/16/2017,Craig Leslie,South,Technology,18,1,0,3.24
CA-2015-168088,3/19/2015,Corinna Mitchell,Central,Office Supplies,65.584,2,0.2,23.7742
CA-2015-168088,3/19/2015,Corinna Mitchell,Central,Furniture,383.4656,4,0.32,-67.6704
CA-2015-143700,7/26/2015,Alan Shonely,East,Office Supplies,10.368,2,0.2,3.6288
CA-2016-146374,12/5/2016,Harold Engle,East,Furniture,13.4,1,0,6.432
CA-2016-146374,12/5/2016,Harold Engle,East,Office Supplies,4.98,1,0,2.3406
CA-2016-146374,12/5/2016,Harold Engle,East,Office Supplies,109.69,7,0,51.5543
CA-2017-153871,12/11/2017,Richard Bierner,East,Office Supplies,40.2,5,0,18.09
CA-2017-153871,12/11/2017,Richard Bierner,East,Office Supplies,735.98,2,0,331.191
CA-2017-153871,12/11/2017,Richard Bierner,East,Office Supplies,22.75,7,0,6.5975
CA-2015-103772,6/28/2015,Mark Packer,South,Office Supplies,119.56,2,0,54.9976
CA-2015-103772,6/28/2015,Mark Packer,South,Office Supplies,140.75,5,0,42.225
CA-2016-130225,9/11/2016,Ryan Crowe,Central,Office Supplies,99.568,2,0.2,33.6042
US-2016-103674,12/6/2016,Anne Pryor,West,Technology,271.96,5,0.2,27.196
US-2016-103674,12/6/2016,Anne Pryor,West,Office Supplies,18.69,7,0,5.2332
US-2016-103674,12/6/2016,Anne Pryor,West,Office Supplies,13.36,2,0,6.4128
US-2016-103674,12/6/2016,Anne Pryor,West,Technology,249.584,2,0.2,31.198
US-2016-103674,12/6/2016,Anne Pryor,West,Office Supplies,13.86,7,0,0
US-2016-103674,12/6/2016,Anne Pryor,West,Office Supplies,13.376,4,0.2,4.6816
US-2016-103674,12/6/2016,Anne Pryor,West,Office Supplies,437.472,14,0.2,153.1152
US-2015-151435,9/6/2015,Shaun Weien,South,Furniture,85.98,1,0,22.3548
CA-2017-163566,8/3/2017,Ted Butterfield,East,Office Supplies,16.52,5,0.2,5.369
US-2016-157728,9/22/2016,Ryan Crowe,Central,Office Supplies,35.56,7,0,16.7132
US-2016-157728,9/22/2016,Ryan Crowe,Central,Technology,97.98,2,0,27.4344
CA-2015-100251,5/17/2015,Dianna Vittorini,East,Office Supplies,31.5,10,0,15.12
CA-2015-100251,5/17/2015,Dianna Vittorini,East,Office Supplies,55.6,4,0,16.124
CA-2016-125794,9/29/2016,Maris LaWare,West,Technology,36.24,1,0,15.2208
CA-2017-163629,11/17/2017,Ruben Ausman,South,Technology,79.99,1,0,28.7964
CA-2017-163629,11/17/2017,Ruben Ausman,South,Technology,206.1,5,0,55.647
CA-2014-110422,1/21/2014,Tom Boeckenhauer,South,Furniture,25.248,3,0.2,4.1028
CA-2017-121258,2/26/2017,Dave Brooks,West,Furniture,91.96,2,0,15.6332
CA-2017-121258,2/26/2017,Dave Brooks,West,Technology,258.576,2,0.2,19.3932
CA-2017-121258,2/26/2017,Dave Brooks,West,Office Supplies,29.6,4,0,13.32
CA-2017-119914,5/4/2017,Chris Cortes,West,Office Supplies,243.16,2,0,72.948
